ref,hyp,wer,cer,duration_sec,n_ref_words
concord returned to its place amidst the tents,concord returned to its place amidst the tents,0.0,0.0,3.505,8
the english forwarded to the french baskets of flowers of which they had made a plentiful provision to greet the arrival of the young princess the french in return invited the english to a supper which was to be given the next day,the english forwarded to the french baskets of flowers of which they had made a plentiful provision to greet the arrival of the young princess the french in return invited the english to a supper which was to be given the next day,0.0,0.0,14.225,43
congratulations were poured in upon the princess everywhere during her journey,congratulations were poured in upon the princess everywhere during her journey,0.0,0.0,5.025,11
from the respect paid her on all sides she seemed like a queen and from the adoration with which she was treated by two or three she appeared an object of worship the queen mother gave the french the most affectionate reception france was her native country and she had suffered too much unhappiness in england for england to have made her forget france,from the respect paid her on all sides she seemed like a queen and from the adoration with which she was treated by two or three she appeared an object of worship the queen mother gave the french the most affectionate reception france was her native country and she had suffered too much unhappiness in england for england to have made her forget france,0.0,0.0,23.315,64
she taught her daughter then by her own affection for it that love for a country where they had both been hospitably received and where a brilliant future opened before them,she taught her daughter then by her own affection for it that love for a country where they had both been hospitably received and where a brilliant future opened for them,0.0323,0.0173,11.065,31
the count had thrown himself back on his seat leaning his shoulders against the partition of the tent and remained thus his face buried in his hands with heaving chest and restless limbs,the count had thrown himself back on his seat leaning his shoulders against the partition of the tent and remained thus his face buried in his hands with heaving chest and restless limbs,0.0,0.0,13.16,33
this has indeed been a harassing day continued the young man his eyes fixed upon his friend,this has indeed been a harassing day continued the young man his eyes fixed upon his friend,0.0,0.0,5.85,17
you will be frank with me i always am,you will be frank with me i always am,0.0,0.0,3.315,9
can you imagine why buckingham has been so violent i suspect,can you imagine why buckingham has been so violent i suspect,0.0,0.0,4.785,11
it is you who are mistaken raoul i have read his distress in his eyes in his every gesture and action the whole day,it is you who are mistaken raoul i have read his distress in his eyes in his every gesture and action the whole day,0.0,0.0,7.28,24
i can perceive love clearly enough,i can perceive love clearly enough,0.0,0.0,3.035,6
i am convinced of what i say said the count,i am convinced of what i say said the count,0.0,0.0,3.195,10
it is annoyance then,it is annoyance then,0.0,0.0,1.94,4
in those very terms i even added more,in those very terms i even added more,0.0,0.0,2.94,8
but continued raoul not interrupted by this movement of his friend heaven be praised the french who are pronounced to be thoughtless and indiscreet reckless even are capable of bringing a calm and sound judgment to bear on matters of such high importance,but continued rao not interrupted by this movement of his friend heaven be praised the french who are pronounced to be thoughtless and indiscreet reckless even are capable of bringing a calm and sound judgment to bear on matters of such high importance,0.0233,0.0079,16.84,43
thus it is that the honor of three is saved our countrys our masters and our own,thus it is that the honour of three is saved our country our masters and our own,0.1176,0.025,6.38,17
yes i need repose many things have agitated me to day both in mind and body when you return to morrow i shall no longer be the same man,yes i need repose many things have agitated me to day both in mind and body when you return to morrow i shall no longer be the same man,0.0,0.0,10.015,29
but in this friendly pressure raoul could detect the nervous agitation of a great internal conflict,but in this friendly pressure rao could detect the nervous agitation of a great internal conflict,0.0625,0.0202,6.16,16
the night was clear starlit and splendid the tempest had passed away and the sweet influences of the evening had restored life peace and security everywhere,the night was clear starl and splendid the tempest had passed away and the sweet influences of the evening had restored life peace and security everywhere,0.0385,0.0128,10.81,26
upon the large square in front of the hotel the shadows of the tents intersected by the golden moonbeams formed as it were a huge mosaic of jet and yellow flagstones,upon the large square in front of the hotel the shadows of the tents intersected by the golden moon beams formed as it were a huge mosaic of jet and yellow flagstones,0.0645,0.0061,11.645,31
bragelonne watched for some time the conduct of the two lovers listened to the loud and uncivil slumbers of manicamp who snored as imperiously as though he was wearing his blue and gold instead of his violet suit,bragolon watched for some time the conduct of the two lovers listened to the loud and uncivil slumbers of manakamp who snored as imperiously as though he was wearing his blue and gold instead of his violet suit,0.0526,0.0236,14.4,38
goliath makes another discovery,goliath makes another discovery,0.0,0.0,3.025,4
they were certainly no nearer the solution of their problem,they were certainly no near the solution of their problem,0.1,0.0339,3.2,10
the poor little things cried cynthia think of them having been turned to the wall all these years,the poor little things cried cynthia think of them having been turned to the wall all these years,0.0,0.0,5.56,18
now what was the sense of it two innocent babies like that,now what is the sense of it two innocent babies like that,0.0833,0.0345,3.385,12
but joyce had not been listening all at once she put down her candle on the table and faced her companion,but joyce had not been listening all at once she put down her candle on the table and faced her companion,0.0,0.0,6.15,21
the twin brother did something she didnt like and she turned his picture to the wall,the twin brother did something she didnt like and she turned his picture to the wall,0.0,0.0,5.035,16
hers happened to be in the same frame too but she evidently didnt care about that,hers happened to be on the same frame too but she evidently didnt care about it,0.125,0.0494,4.455,16
now what have you to say cynthia sprague,now what have you to say cynthia sprague,0.0,0.0,2.82,8
i thought we were stumped again when i first saw that picture but its been of some use after all,i thought we were stumped again when i first saw that picture but its been of some use after all,0.0,0.0,5.185,20
do you suppose the miniature was a copy of the same thing,do you suppose the miniature was a copy of the same thing,0.0,0.0,3.405,12
what in the world is that queried joyce,what in the world is it queried joyce,0.125,0.0769,2.69,8
they worry me terribly and besides id like to see what this lovely furniture looks like without such quantities of dust all over it good scheme cyn,they worry me terribly and besides id like to see what this lovely furniture looks like without such quantities of dust all over it good scheme sin,0.037,0.0136,9.24,27
well come in here this afternoon with old clothes on and have a regular house cleaning,will come in here this afternoon with old clothes on and have a regular house cleaning,0.0625,0.0116,4.655,16
it cant hurt anything im sure for we wont disturb things at all,it cant hurt anything im sure for we wont disturb things at all,0.0,0.0,4.305,13
this thought however did not enter the heads of the enthusiastic pair,this thought however did not enter the heads of the enthusiastic pair,0.0,0.0,4.72,12
smuggling the house cleaning paraphernalia into the cellar window unobserved that afternoon proved no easy task for cynthia had added a whisk broom and dust pan to the outfit,smuggling the house cleaning paraphernalia into the cellar window unobserved that afternoon proved no easy task for cynthia had added a whisk broom and dust pan to the outfit,0.0,0.0,12.405,29
the lure proved too much for him and he came sporting after it as friskily as a young kitten much to cynthias delight when she caught sight of him,the lure proved too much for him and he came sporting after it as friskily as a young kitten much to cynthias delight when she caught sight of him,0.0,0.0,9.205,29
oh let him come along she urged i do love to see him about that old house,oh let him come along she urged i do love to see him about that old house,0.0,0.0,5.41,17
he makes it sort of cozier,he makes it sort of cosier,0.1667,0.0385,2.14,6
now lets dust the furniture and pictures,now lets dust the furniture and pictures,0.0,0.0,2.575,7
yet little as it was it had already made a vast difference in the aspect of the room,yet little as it was it had already made a vast difference in the aspect of the room,0.0,0.0,6.315,18
surface dust at least had been removed and the fine old furniture gave a hint of its real elegance and polish,surface dust at least had been removed and the fine old furniture gave a hint of its real elegance and polish,0.0,0.0,7.355,21
then she suddenly remarked,then she suddenly remarked,0.0,0.0,1.895,4
and my pocket money is getting low again and you havent any left as usual,and my pocket money is getting low again and you havent any left as usual,0.0,0.0,4.85,15
they say illumination by candle light is the prettiest in the world,they say illumination by candlelight is the prettiest in the world,0.1667,0.0149,4.05,12
why its goliath as usual they both cried peering in,why its goliath as usual they both cried peering in,0.0,0.0,4.12,10
isnt he the greatest for getting into odd corners,isnt he the greatest for getting into odd corners,0.0,0.0,3.085,9
forgetting all their weariness they seized their candles and scurried through the house finding an occasional paper tucked away in some odd corner,forgetting all their weariness they seized their candles and scurried through the house finding on occasional paper tucked away in some odd corner,0.0435,0.0068,8.27,23
well im convinced that the boarded up house mystery happened not earlier than april sixteenth eighteen sixty one and probably not much later,well im convinced that the boarded up house mystery happened not earlier than april sixteenth eighteen sixty one and probably not much later,0.0,0.0,9.875,23
no words were spoken no language was uttered save that of wailing and hissing and that somehow was indistinct as if it existed in fancy and not in reality,no words were spoken no language was uttered save that of wailing and hissing and that somehow was indistinct as if it existed in fancy and not in reality,0.0,0.0,12.895,29
i heard a noise behind i turned and saw kaffar his black eyes shining while in his hand he held a gleaming knife he lifted it above his head as if to strike but i had the strength of ten men and i hurled him from me,i heard a noise behind i turned and saw kafir his black eyes shining while in his hand he held a gleaming knife he lifted it above his head as if to strike but i had the strength of ten men and i hurled him from me,0.0213,0.0093,17.485,47
onward said a distant voice,onward said a distant voice,0.0,0.0,3.305,5
no sound broke the stillness of the night,no sound broke the stillness of the night,0.0,0.0,3.295,8
the story of its evil influence came back to me and in my bewildered condition i wondered whether there was not some truth in what had been said,the story of its evil influence came back to me and in my bewildered condition i wondered whether there was not some truth in what had been said,0.0,0.0,9.56,28
what was that,what was that,0.0,0.0,1.815,3
what then a human hand large and shapely appeared distinctly on the surface of the pond,what then a human hand large and shapely appeared distinctly on the surface of the pond,0.0,0.0,6.8,16
nothing more not even the wrist to which it might be attached,nothing more not even the wrist to which it might be attached,0.0,0.0,4.365,12
it did not beckon or indeed move at all it was as still as the hand of death,it did not beckon or indeed move at all it was as still as the hand of death,0.0,0.0,6.055,18
i awoke to consciousness fighting at first it seemed as if i was fighting with a phantom but gradually my opponent became more real to me it was kaffar,i awoke to consciousness fighting at first it seemed as if i was fighting with a phantom but gradually my opponent became more real to me it was kafir,0.0345,0.0132,12.015,29
a sound of voices a flash of light,a sound of voices a flash of light,0.0,0.0,3.835,8
a feeling of freedom and i was awake where,a feeling of freedom and i was awake where,0.0,0.0,4.7,9
said another voice which i recognized as voltaires kaffar,said another voice which i recognized as voltaires caffer,0.1111,0.0351,4.43,9
i had scarcely known what i had been saying or doing up to this time but as he spoke i looked at my hand,i had scarcely known what i had been saying or doing up to this time but as he spoke i looked at my hand,0.0,0.0,7.325,24
in the light of the moon i saw a knife red with blood and my hand too was also discoloured,in the light of the moon i saw a knife red with blood and my hand too was also discoloured,0.0,0.0,7.41,20
i do not know i am dazed bewildered,i do not know i am dazed bewildered,0.0,0.0,3.73,8
but that is kaffars knife,but that is cafirs knife,0.2,0.12,2.16,5
i know he had it this very evening,i know he had it this very evening,0.0,0.0,2.34,8
i remember saying have we been together,i remembered saying have we been together,0.1429,0.0513,2.93,7
voltaire picked up something from the ground and looked at it,voltaire picked up something from the ground and looked at it,0.0,0.0,3.38,11
i say you do know what this means and you must tell us,i say you do know what this means and you must tell us,0.0,0.0,5.0,13
a terrible thought flashed into my mind,a terrible thought flashed into my mind,0.0,0.0,3.225,7
i had again been acting under the influence of this mans power,i had again been acting under the influence of this mans power,0.0,0.0,4.34,12
perchance too kaffars death might serve him in good stead,perchance too kafirs death might serve him in good stead,0.1,0.0351,4.885,10
my tongue refused to articulate my power of speech left me,my tongue refused to articulate my power of speech left me,0.0,0.0,5.05,11
my position was too terrible,my position was too terrible,0.0,0.0,2.53,5
my overwrought nerves yielded at last,my overwrought nerves yielded at last,0.0,0.0,3.075,6
for some time after that i remembered nothing distinctly,for some time after that i remembered nothing distinctly,0.0,0.0,3.85,9
notwithstanding the high resolution of hawkeye he fully comprehended all the difficulties and danger he was about to incur,notwithstanding the high resolution of hawkeye he fully comprehended all the difficulties and danger he was about to incur,0.0,0.0,7.835,19
in his return to the camp his acute and practised intellects were intently engaged in devising means to counteract a watchfulness and suspicion on the part of his enemies that he knew were in no degree inferior to his own,in his return to the camp his acute and practised intellects were intently engaged in devising means to counteract a watchfulness and suspicion on the part of his enemies that he knew were in no degree inferior to his own,0.0,0.0,14.055,40
in other words while he had implicit faith in the ability of balaams ass to speak he was somewhat skeptical on the subject of a bears singing and yet he had been assured of the latter on the testimony of his own exquisite organs,in other words while he had implicit faith in the ability of balaams ass to speak he was somewhat sceptical on the subject of a bears singing and yet he had been assured of the latter on the testimony of his own exquisite organs,0.0227,0.0044,13.585,44
there was something in his air and manner that betrayed to the scout the utter confusion of the state of his mind,there was something in his air and manner that betrayed to the scout the utter confusion of the state of his mind,0.0,0.0,6.285,22
the ingenious hawkeye who recalled the hasty manner in which the other had abandoned his post at the bedside of the sick woman was not without his suspicions concerning the subject of so much solemn deliberation,the ingenious hawkeye who recalled the hasty manner in which the other had abandoned his post at the bedside of the sick woman was not without his suspicions concerning the subject of so much solemn deliberation,0.0,0.0,12.26,36
the bear shook his shaggy sides and then a well known voice replied,the bear shook his shaggy sides and then a well known voice replied,0.0,0.0,4.4,13
can these things be returned david breathing more freely as the truth began to dawn upon him,can these things be returned david breathing more freely as the truth began to dawn upon him,0.0,0.0,5.655,17
come come returned hawkeye uncasing his honest countenance the better to assure the wavering confidence of his companion you may see a skin which if it be not as white as one of the gentle ones has no tinge of red to it that the winds of the heaven and the sun have not bestowed now let us to business,come come returned hawkeye uncasing his honest countenance the better to assure the wavering confidence of his companion you may see a skin which if it be not as white as one of the gentle ones has no tinge of red to it that the winds of the heaven and the sun have not bestowed now let us to business,0.0,0.0,18.525,60
the young man is in bondage and much i fear his death is decreed,the young man is in bondage and much i fear his death is decreed,0.0,0.0,4.185,14
i greatly mourn that one so well disposed should die in his ignorance and i have sought a goodly hymn can you lead me to him,i greatly mourn that one so well disposed should die in his ignorance and i have sought a goodly hymn can you lead me to him,0.0,0.0,7.705,26
the task will not be difficult returned david hesitating though i greatly fear your presence would rather increase than mitigate his unhappy fortunes,the task will not be difficult returned david hesitating though i greatly fear your presence would rather increase than mitigate his unhappy fortunes,0.0,0.0,10.0,23
the lodge in which uncas was confined was in the very center of the village and in a situation perhaps more difficult than any other to approach or leave without observation,the lodge in which uncas was confined was in the very centre of the village and in a situation perhaps more difficult than any other to approach or leave without observation,0.0323,0.0116,9.76,31
four or five of the latter only lingered about the door of the prison of uncas wary but close observers of the manner of their captive,four or five of the latter only lingered about the door of the prison of uncas wary but close observers of the manner of their captive,0.0,0.0,7.59,26
delivered in a strong tone of assent announced the gratification the savage would receive in witnessing such an exhibition of weakness in an enemy so long hated and so much feared,delivered in a strong tone of assent announced the gratification the savage would receive in witnessing such an exhibition of weakness in an enemy so long hated and so much feared,0.0,0.0,10.755,31
they drew back a little from the entrance and motioned to the supposed conjurer to enter,they drew back a little from the entrance and motioned to the supposed conjurer to enter,0.0,0.0,4.9,16
but the bear instead of obeying maintained the seat it had taken and growled,but the bear instead of obeying maintained the seat it had taken and growled,0.0,0.0,5.125,14
the cunning man is afraid that his breath will blow upon his brothers and take away their courage too continued david improving the hint he received they must stand further off,the cunning man is afraid that his breath will blow upon his brothers and take away their courage too continued david improving the hint he received they must stand further off,0.0,0.0,10.085,31
then as if satisfied of their safety the scout left his position and slowly entered the place,then as if satisfied of their safety the scout left his position and slowly entered the place,0.0,0.0,5.655,17
it was silent and gloomy being tenanted solely by the captive and lighted by the dying embers of a fire which had been used for the purposed of cookery,it was silent and gloomy being tenanted solely by the captive and lighted by the dying embers of a fire which had been used for the purpose of cookery,0.0345,0.0066,9.695,29
uncas occupied a distant corner in a reclining attitude being rigidly bound both hands and feet by strong and painful withes,uncas occupied a distant corner in a reclining attitude being rigidly bound both hands and feet by strong and painful widths,0.0476,0.0161,8.23,21
the scout who had left david at the door to ascertain they were not observed thought it prudent to preserve his disguise until assured of their privacy,the scout who had left david at the door to ascertain they were not observed thought it prudent to preserve his disguise until assured of their privacy,0.0,0.0,8.895,27
what shall we do with the mingoes at the door they count six and this singer is as good as nothing,what shall we do with the mingos at the door they count six and the singer is as good as nothing,0.0952,0.0306,5.335,21
the delawares are children of the tortoise and they outstrip the deer,the delawares are children of the tortoise and they outstrip the deer,0.0,0.0,3.855,12
uncas who had already approached the door in readiness to lead the way now recoiled and placed himself once more in the bottom of the lodge,uncas who had already approached the door in readiness to lead the way now recoiled and placed himself once more in the bottom of the lodge,0.0,0.0,7.815,26
but hawkeye who was too much occupied with his own thoughts to note the movement continued speaking more to himself than to his companion,but hawkeye who was too much occupied with his own thoughts to note the movement continued speaking more to himself than to his companion,0.0,0.0,7.555,24
so uncas you had better take the lead while i will put on the skin again and trust to cunning for want of speed,so uncas you had better take the lead while i will put on the skin again and trust to cunning for want of speed,0.0,0.0,6.36,24
well what cant be done by main courage in war must be done by circumvention,well what cant be done by main courage in war must be done by circumvention,0.0,0.0,5.225,15
as soon as these dispositions were made the scout turned to david and gave him his parting instructions,as soon as these dispositions were made the scout turned to david and gave him his parting instructions,0.0,0.0,5.69,18
my pursuits are peaceful and my temper i humbly trust is greatly given to mercy and love returned david a little nettled at so direct an attack on his manhood but there are none who can say that i have ever forgotten my faith in the lord even in the greatest straits,my pursuits are peaceful and my temper i humbly trust is greatly given to mercy and love returned david a little nettled at so direct an attack on his manhood but there are none who can say that i have ever forgotten my faith in the lord even in the greatest straits,0.0,0.0,15.995,52
if you are not then knocked on the head your being a non composser will protect you and youll then have a good reason to expect to die in your bed,if you are not then knocked on the head your being a non composer will protect you and youll then have a good reason to expect to die in your bed,0.0323,0.0068,7.875,31
so choose for yourself to make a rush or tarry here,so choose for yourself to make a rush or tarry here,0.0,0.0,3.98,11
bravely and generously has he battled in my behalf and this and more will i dare in his service,bravely and generously has he battled in my behalf and this and more will i dare in his service,0.0,0.0,6.285,19
keep silent as long as may be and it would be wise when you do speak to break out suddenly in one of your shoutings which will serve to remind the indians that you are not altogether as responsible as men should be,keep silent as long as may be and it would be wise when you do speak to break out suddenly in one of your shoutings which will serve to remind the indians that you are not altogether as responsible as men should be,0.0,0.0,11.28,43
if however they take your scalp as i trust and believe they will not depend on it uncas and i will not forget the deed but revenge it as becomes true warriors and trusty friends,if however they take your scalp as i trust and believe they will not depend on it uncas and i will not forget the deed but revenge it as becomes true warriors and trusty friends,0.0,0.0,11.045,35
hold said david perceiving that with this assurance they were about to leave him i am an unworthy and humble follower of one who taught not the damnable principle of revenge,hold said david perceiving that with this assurance they were about to leave him i am an unworthy and humble follower of one who taught not the damnable principle of revenge,0.0,0.0,9.485,31
then heaving a heavy sigh probably among the last he ever drew in pining for a condition he had so long abandoned he added it is what i would wish to practise myself as one without a cross of blood though it is not always easy to deal with an indian as you would with a fellow christian,then heaving a heavy sigh probably among the last he ever drew in pining for a condition he had so long abandoned he added it is what i would wish to practice myself as one without a cross of blood though it is not always easy to deal with an indian as you would with a fellow christian,0.0172,0.0035,18.22,58
god bless you friend i do believe your scent is not greatly wrong when the matter is duly considered and keeping eternity before the eyes though much depends on the natural gifts and the force of temptation,god bless you friend i do believe your scent is not greatly wrong when the matter is duly considered and keeping eternity before the eyes though much depends on the natural gifts and the force of temptation,0.0,0.0,12.37,37
the delaware dog he said leaning forward and peering through the dim light to catch the expression of the others features is he afraid,the delaware dog he said leaning forward and peering through the dim light to catch the expression of the others features is he afraid,0.0,0.0,7.18,24
will the hurons hear his groans,will the hurons hear his groans,0.0,0.0,2.24,6
the mohican started on his feet and shook his shaggy covering as though the animal he counterfeited was about to make some desperate effort,the mohican started on his feet and shook his shaggy covering as though the animal he counterfeited was about to make some desperate effort,0.0,0.0,7.055,24
he had no occasion to delay for at the next instant a burst of cries filled the outer air and ran along the whole extent of the village,he had no occasion to delay for at the next instant a burst of cries filled the outer air and ran along the whole extent of the village,0.0,0.0,7.975,28
uncas cast his skin and stepped forth in his own beautiful proportions,uncas cast his skin and stepped forth in his own beautiful proportions,0.0,0.0,4.15,12
since the period of our tale the active spirit of the country has surrounded it with a belt of rich and thriving settlements though none but the hunter or the savage is ever known even now to penetrate its wild recesses,since the period of our tale the active spirit of the country has surrounded it with a belt of rich and thriving settlements though none but the hunter or the savage is ever known even now to penetrate its wild recesses,0.0,0.0,13.48,41
the dews were suffered to exhale and the sun had dispersed the mists and was shedding a strong and clear light in the forest when the travelers resumed their journey,the dews were suffered to exhale and the sun had dispersed the mists and was shedding a strong and clear light in the forest when the travelers resumed their journey,0.0,0.0,9.52,30
after proceeding a few miles the progress of hawkeye who led the advance became more deliberate and watchful,after proceeding a few miles the progress of hawkeye who led the advance became more deliberate and watchful,0.0,0.0,7.46,18
he often stopped to examine the trees nor did he cross a rivulet without attentively considering the quantity the velocity and the color of its waters,he often stopped to examine the trees nor did he cross a rivulet without attentively considering the quantity the velocity and the colour of its waters,0.0385,0.0067,9.865,26
distrusting his own judgment his appeals to the opinion of chingachgook were frequent and earnest,distrusting his own judgment his appeals to the opinion of chingachkuk were frequent and earnest,0.0667,0.0309,6.425,15
yet here are we within a short range of the scaroons and not a sign of a trail have we crossed,yet here are we within a short range of the scaroons and not a sign of a trail have we crossed,0.0,0.0,5.915,21
let us retrace our steps and examine as we go with keener eyes,let us retrace our steps and examine as we go with keener eyes,0.0,0.0,4.845,13
chingachgook had caught the look and motioning with his hand he bade him speak,chingachguk had caught the look and motioning with his hand he bade him speak,0.0714,0.0256,5.54,14
the eyes of the whole party followed the unexpected movement and read their success in the air of triumph that the youth assumed,the eyes of the whole party followed the unexpected movement and read their success in the air of triumph that the youth assumed,0.0,0.0,7.875,23
it would have been more wonderful had he spoken without a bidding,it would have been more wonderful had he spoken without a bidding,0.0,0.0,3.88,12
see said uncas pointing north and south at the evident marks of the broad trail on either side of him the dark hair has gone toward the forest,see said uncas pointing north and south at the evident marks of the broad trail on either side of him the dark hair has gone toward the forest,0.0,0.0,10.195,28
if a rock or a rivulet or a bit of earth harder than common severed the links of the clew they followed the true eye of the scout recovered them at a distance and seldom rendered the delay of a single moment necessary,if a rock or a rivulet or a bit of earth harder than common severed the links of the clue they followed the true eye of the scout recovered them at a distance and seldom rendered the delay of a single moment necessary,0.0233,0.0092,13.695,43
extinguished brands were lying around a spring the offals of a deer were scattered about the place and the trees bore evident marks of having been browsed by the horses,extinguished brands were lying around a spring the offals of a deer were scattered about the place and the trees bore evident marks of having been browsed by the horses,0.0,0.0,10.49,30
a circle of a few hundred feet in circumference was drawn and each of the party took a segment for his portion,a circle of a few hundred feet in circumference was drawn and each of the party took a segment for his portion,0.0,0.0,6.55,22
the examination however resulted in no discovery,the examination however resulted in no discovery,0.0,0.0,3.515,7
the whole party crowded to the spot where uncas pointed out the impression of a moccasin in the moist alluvion,the whole party crowded to the spot where uncas pointed out the impression of a moccasin in the moist alluvium,0.05,0.0182,6.385,20
run back uncas and bring me the size of the singers foot,run back uncas and bring me the size of the singers foot,0.0,0.0,3.49,12
eleven oclock had struck it was a fine clear night they were the only persons on the road and they sauntered leisurely along to avoid paying the price of fatigue for the recreation provided for the toledans in their valley or on the banks of their river,eleven oclock had struck it was a fine clear night there were the only persons on the road and they sauntered leisurely along to avoid paying the price of fatigue for the recreation provided for the toledans in the valley or on the banks of their river,0.0426,0.0158,15.77,47
secure as he thought in the careful administration of justice in that city and the character of its well disposed inhabitants the good hidalgo was far from thinking that any disaster could befal his family,secure as he thought in the careful administration of justice in that city and the character of its well disposed inhabitants the good hidalgo was far from thinking that any disaster could befall his family,0.0286,0.0049,12.44,35
rodolfo and his companions with their faces muffled in their cloaks stared rudely and insolently at the mother the daughter and the servant maid,rodolfo and his companions with their faces muffled in their cloaks stared rudely and insolently at the mother the daughter and the servant maid,0.0,0.0,8.91,24
in a moment he communicated his thoughts to his companions and in the next moment they resolved to turn back and carry her off to please rodolfo for the rich who are open handed always find parasites ready to encourage their bad propensities and thus to conceive this wicked design to communicate it approve it resolve on ravishing leocadia and to carry that design into effect was the work of a moment,in a moment he communicated his thoughts to his companions and in the next moment they resolved to turn back and carry her off to please rudolfo for the rich who are open handed always find parasites ready to encourage their bad propensities and thus to conceive this wicked design to communicate it approve it resolve on ravishing leocadia and to carry that design into effect was the work of a moment,0.0139,0.0025,27.12,72
they drew their swords hid their faces in the flaps of their cloaks turned back and soon came in front of the little party who had not yet done giving thanks to god for their escape from those audacious men,they drew their swords hid their faces in the flaps of their cloaks turned back and soon came in front of the little party who had not yet done giving thanks to god for their escape from those audacious men,0.0,0.0,12.475,40
finally the one party went off exulting and the other was left in desolation and woe,finally the one party went off exulting and the other was left in desolation and woe,0.0,0.0,5.645,16
rodolfo arrived at his own house without any impediment and leocadias parents reached theirs heart broken and despairing,rudolfo arrived at his own house without any impediment and leucadias parents reached theirs heartbroken and despairing,0.2222,0.025,8.045,18
meanwhile rodolfo had leocadia safe in his custody and in his own apartment,meanwhile rudolfo had leocheria safe in his custody and in his own apartment,0.1538,0.0533,5.825,13
who touches me am i in bed,who touches me am i in bed,0.0,0.0,2.215,7
mother dear father do you hear me,mother dear father do you hear me,0.0,0.0,2.375,7
it is the only amends i ask of you for the wrong you have done me,it is the only amends i ask of you for the wrong you have done me,0.0,0.0,4.12,16
she found the door but it was locked outside,she found the door but it was locked outside,0.0,0.0,2.665,9
she succeeded in opening the window and the moonlight shone in so brightly that she could distinguish the colour of some damask hangings in the room,she succeeded in opening the window and the moonlight shone in so brightly that she could distinguish the colour of some damask hanging in the room,0.0385,0.0068,8.595,26
she saw that the bed was gilded and so rich that it seemed that of a prince rather than of a private gentleman,she saw that the bed was gilded and so rich that it seemed that of a prince rather than of a private gentleman,0.0,0.0,6.865,23
among other things on which she cast her eyes was a small crucifix of solid silver standing on a cabinet near the window,among other things on which she cast her eyes was a small crucifix of solid silver standing on a cabinet near the window,0.0,0.0,7.72,23
this person was rodolfo who though he had gone to look for his friends had changed his mind in that respect not thinking it advisable to acquaint them with what had passed between him and the girl,this person was rudolfo who though he had gone to look for his friends had changed his mind in that respect not thinking it advisable to acquaint them with what had passed between him and the girl,0.027,0.0051,11.02,37
on the contrary he resolved to tell them that repenting of his violence and moved by her tears he had only carried her half way towards his house and then let her go,on the contrary he resolved to tell them that repenting of his violence and moved by a tears he had only carried her half way towards his house and then let her go,0.0303,0.0182,9.49,33
choking with emotion leocadi made a sign to her parents that she wished to be alone with them,choking with emotion leocadia made a sign to her parents that she wished to be alone with them,0.0556,0.0108,5.88,18
that would be very well my child replied her father if your plan were not liable to be frustrated by ordinary cunning but no doubt this image has been already missed by its owner and he will have set it down for certain that it was taken out of the room by the person he locked up there,that would be very well my child replied her father if your plan were not liable to be frustrated by ordinary cunning but no doubt this image had been already missed by its owner and he will have set it down for certain that it was taken out of the room by the person he locked up there,0.0172,0.0035,15.415,58
what you had best do my child is to keep it and pray to it that since it was a witness to your undoing it will deign to vindicate your cause by its righteous judgment,what you had best do my child is to keep it and pray to it that since it was a witness to your undoing it will deign to vindicate your cause by its righteous judgment,0.0,0.0,12.06,35
thus did this humane and right minded father comfort his unhappy daughter and her mother embracing her again did all she could to soothe her feelings,thus did the humane and right minded father comfort his unhappy daughter and her mother embracing her again did all she could to soothe the feelings,0.0769,0.0268,9.82,26
she meanwhile passed her life with her parents in the strictest retirement never letting herself be seen but shunning every eye lest it should read her misfortune in her face,she meanwhile passed her life with her parents in the strictest retirement never letting herself be seen but shunning every eye lest it should read her misfortune in her face,0.0,0.0,10.98,30
time rolled on the hour of her delivery arrived it took place in the utmost secrecy her mother taking upon her the office of midwife and she gave birth to a son one of the most beautiful ever seen,time rolled on the hour of her delivery arrived it took place in the utmost secrecy her mother taking upon her the office of midwife and she gave birth to a son one of the most beautiful ever seen,0.0,0.0,13.645,39
when the boy walked through the streets blessings were showered upon him by all who saw him blessings upon his beauty upon the mother that bore him upon the father that begot him upon those who brought him up so well,when the boy walked through the streets blessings were showered upon him by all who saw him blessing upon his beauty upon the mother that bore him upon the father that begot him upon those who brought him up so well,0.0244,0.0046,13.92,41
one day when the boy was sent by his grandfather with a message to a relation he passed along a street in which there was a great concourse of horsemen,one day when the boy was sent by his grandfather with a message to a relation he passed along a street in which there was a great concourse of horsemen,0.0,0.0,8.845,30
the bed she too well remembered was there and above all the cabinet on which had stood the image she had taken away was still on the same spot,the bed she too well remembered was there and above all the cabinet on which had stood the image she had taken away was still on the same spot,0.0,0.0,8.785,29
luis was out of danger in a fortnight in a month he rose from his bed and during all that time he was visited daily by his mother and grandmother and treated by the master and mistress of the house as if he was their own child,louis was out of danger in a fortnight in a month he rose from his bed and during all that time he was visited daily by his mother and grandmother and treated by the master and mistress of the house as if he was their own child,0.0213,0.0044,14.5,47
thus saying and pressing the crucifix to her breast she fell fainting into the arms of dona estafania who as a gentlewoman to whose sex pity is as natural as cruelty is to man instantly pressed her lips to those of the fainting girl shedding over her so many tears that there needed no other sprinkling of water to recover leocadia from her swoon,thus saying and pressing the crucifix to her breast she fell fainting into the arms of donna estefania who as a gentlewoman to whose sex pity is a natural as cruelty as to man instantly pressed her lips to those of the fainting girl shedding over her so many tears that there needed no other sprinkling of water to recover leocadia from her swoon,0.0625,0.0116,23.26,64
i have great things to tell you senor said dona estafania to her husband the cream and substance of which is this the fainting girl before you is your daughter and that boy is your grandson,i have great things to tell you signor said donna estefania to her husband the cream and substance of which is this the fainting girl before you is your daughter and the boy is your grandson,0.1111,0.0317,12.25,36
this truth which i have learned from her lips is confirmed by his face in which we have both beheld that of our son,this truth which i have learned from her lips is confirmed by his face in which we have both beheld that of our son,0.0,0.0,7.305,24
just then leocadia came to herself and embracing the cross seemed changed into a sea of tears and the gentleman remained in utter bewilderment until his wife had repeated to him from beginning to end leocadias whole story and he believed it through the blessed dispensation of heaven which had confirmed it by so many convincing testimonies,just then leocadia came to herself and embracing the cross seemed changed into a sea of tears and the gentleman remaining in utter bewilderment until his wife had repeated to him from beginning to end leocadias whole story and he believed it through the blessed dispensation of heaven which had confirmed it by so many convincing testimonies,0.0175,0.0088,22.285,57
so persuasive were her entreaties and so strong her assurances that no harm whatever could result to them from the information she sought they were induced to confess that one summers night the same she had mentioned themselves and another friend being out on a stroll with rodolfo they had been concerned in the abduction of a girl whom rodolfo carried off whilst the rest of them detained her family who made a great outcry and would have defended her if they could,so persuasive were her entreaties and so strong her assurances that no harm whatever could result to them from the information she sought they were induced to confess that one summers night the same she had mentioned themselves and another friend being out on a stroll with rodolfo they had been concerned in the abduction of a girl whom rodolfo carried off whilst the rest of them detained her family who made a great outcry and would have defended her if they could,0.0,0.0,28.42,83
for gods sake my lady mother give me a wife who would be an agreeable companion not one who will disgust me so that we may both bear evenly and with mutual good will the yoke imposed on us by heaven instead of pulling this way and that way and fretting each other to death,for gods sake my lady mother give me a wife who would be an agreeable companion not one who will disgust me so that we may both bear evenly and with mutual good will the yoke imposed on us by heaven instead of pulling this way and that way and fretting each other to death,0.0,0.0,17.43,55
her bearing was graceful and animated she led her son by the hand and before her walked two maids with wax lights and silver candlesticks,her bearing was graceful and animated she led her son by the hand and before her walked two maids with wax lights and silver candlesticks,0.0,0.0,9.15,25
all rose to do her reverence as if something from heaven had miraculously appeared before them but gazing on her entranced with admiration not one of them was able to address a single word to her,all rose to do her reverence as if something from heaven had miraculously appeared before them but gazing on her entranced with admiration not one of them was able to address a single word to her,0.0,0.0,13.055,36
she reflected how near she stood to the crisis which was to determine whether she was to be blessed or unhappy for ever and racked by the intensity of her emotions she suddenly changed colour her head dropped and she fell forward in a swoon into the arms of the dismayed estafania,she reflected how near she stood to the crisis which was to determine whether she was to be blessed or unhappy for ever and racked by the intensity of her emotions she suddenly changed colour her head dropped and she fell forward in a swoon into the arms of the dismayed estefania,0.0192,0.0036,17.52,52
his mother had left her to him as being her destined protector but when she saw that he too was insensible she was near making a third and would have done so had he not come to himself,his mother had left her to him as being her destined protector but when she saw that he too was insensible she was near making a third and would have done so had he not come to himself,0.0,0.0,11.535,38
know then son of my heart that this fainting lady is your real bride i say real because she is the one whom your father and i have chosen for you and the portrait was a pretence,know then son of my heart that this fainting lady is your real bride i say real because she is the one whom your father and i have chosen for you and the portrait was a pretense,0.027,0.0056,11.45,37
just at the moment when the tears of the pitying beholders flowed fastest and their ejaculations were most expressive of despair leocadia gave signs of recovery and brought back gladness to the hearts of all,just at the moment when the tears of the pitying beholders flowed fastest and their ejaculations were most expressive of despair leocadia gave signs of recovery and brought back gladness through the hearts of all,0.0286,0.0242,13.8,35
when she came to her senses and blushing to find herself in rodolfos arms would have disengaged herself no senora he said that must not be strive not to withdraw from the arms of him who holds you in his soul,when she came to her senses and blushing to find herself in rodolfos arms would have disengaged herself no signora he said that must not be strive not to withdraw from the arms of him who holds you in his soul,0.0244,0.0096,14.375,41
this was done for the event took place at a time when the consent of the parties was sufficient for the celebration of a marriage without any of the preliminary formalities which are now so properly required,this was done for the event took place at a time when the consent of the parties was sufficient for the celebration of a marriage without any of the preliminary formalities which are now so properly required,0.0,0.0,12.51,37
nor was rodolfo less surprised than they and the better to assure himself of so wonderful a fact he begged leocadia to give him some token which should make perfectly clear to him that which indeed he did not doubt since it was authenticated by his parents,nor was rodolfo less surprised than they and the better to assure himself of so wonderful a fact he begged leucadia to give him some token which should make perfectly clear to him that which indeed he did not doubt since it was authenticated by his parents,0.0213,0.0039,17.2,47
and how odd the directions will look,and how odd the directions will look,0.0,0.0,2.165,7
poor alice,poor alice,0.0,0.0,1.74,2
it was the white rabbit returning splendidly dressed with a pair of white kid gloves in one hand and a large fan in the other he came trotting along in a great hurry muttering to himself as he came oh the duchess the duchess,it was the white rabbit returning splendidly dressed with a pair of white kid gloves in one hand and a large fan in the other he came trotting along in a great hurry muttering to himself as he came oh the duchess the duchess,0.0,0.0,14.715,44
oh wont she be savage if ive kept her waiting,oh wont she be savage if ive kept her waiting,0.0,0.0,3.585,10
alice took up the fan and gloves and as the hall was very hot she kept fanning herself all the time she went on talking dear dear how queer everything is to day,alice took up the fan and gloves and as the hall was very hot she kept fanning herself all the time she went on talking dear dear how queer everything is to day,0.0,0.0,12.02,33
and yesterday things went on just as usual,and yesterday things went on just as usual,0.0,0.0,3.105,8
i wonder if ive been changed in the night,i wonder if ive been changed in the night,0.0,0.0,2.715,9
i almost think i can remember feeling a little different,i almost think i can remember feeling a little different,0.0,0.0,3.385,10
ill try if i know all the things i used to know,ill try if i know all the things i used to know,0.0,0.0,3.745,12
i shall never get to twenty at that rate,i shall never get to twenty at that rate,0.0,0.0,3.115,9
how cheerfully he seems to grin how neatly spread his claws and welcome little fishes in with gently smiling jaws,how cheerfully he seems to grin how neatly spread his claws and welcome little fishes in with gently smiling jaws,0.0,0.0,8.315,20
no ive made up my mind about it if im mabel ill stay down here,no ive made up my mind about it if im mabel ill stay down here,0.0,0.0,4.87,15
itll be no use their putting their heads down and saying come up again dear,itll be no use their putting their heads down and saying come up again dear,0.0,0.0,5.245,15
i am so very tired of being all alone here,i am so very tired of being all alone here,0.0,0.0,3.475,10
and i declare its too bad that it is,and i declare its too bad that it is,0.0,0.0,3.815,9
i wish i hadnt cried so much said alice as she swam about trying to find her way out,i wish i hadnt cried so much said alice as she swam about trying to find her way out,0.0,0.0,6.2,19
i shall be punished for it now i suppose by being drowned in my own tears,i shall be punished for it now i suppose by being drowned in my own tears,0.0,0.0,4.895,16
that will be a queer thing to be sure,that will be a queer thing f to be sure,0.1111,0.0541,3.07,9
i am very tired of swimming about here o mouse,i am very tired of swimming about here oh mouse,0.1,0.0217,3.64,10
cried alice again for this time the mouse was bristling all over and she felt certain it must be really offended,cried alice again for this time the mouse was bristling all over and she felt certain it must be really offended,0.0,0.0,6.63,21
we wont talk about her any more if youd rather not we indeed,we wont talk about her any more if youd rather not we indeed,0.0,0.0,4.995,13
saturday august fifteenth the sea unbroken all round no land in sight,saturday august fifteenth the sea unbroken all round no land in sight,0.0,0.0,7.04,12
the horizon seems extremely distant,the horizon seems extremely distant,0.0,0.0,3.07,5
all my danger and sufferings were needed to strike a spark of human feeling out of him but now that i am well his nature has resumed its sway,all my danger and sufferings were needed to strike a spark of human feeling out of him but now that i am well his nature has resumed its sway,0.0,0.0,9.985,29
you seem anxious my uncle i said seeing him continually with his glass to his eye anxious,you seem anxious my uncle i said seeing him continually with his glass to his eye anxious,0.0,0.0,7.37,17
one might be with less reason than now,one might be with less reason than now,0.0,0.0,3.465,8
i am not complaining that the rate is slow but that the sea is so wide,i am not complaining that the raid is slow but that the sea is so wide,0.0625,0.0286,4.81,16
we are losing time and the fact is i have not come all this way to take a little sail upon a pond on a raft,we are losing time and the fact is i have not come all this way to take a little sail upon a pond on a raft,0.0,0.0,7.405,26
he called this sea a pond and our long voyage taking a little sail,he called this sea a pawn and our long voyage taking a little sail,0.0714,0.0455,4.55,14
therefore dont talk to me about views and prospects,therefore dont talk to me about views and prospects,0.0,0.0,3.735,9
i take this as my answer and i leave the professor to bite his lips with impatience,i take this as my answer and i leave the professor to bite his lips with impatience,0.0,0.0,5.795,17
sunday august sixteenth,sunday august sixteenth,0.0,0.0,2.575,3
nothing new weather unchanged the wind freshens,nothing new weather unchanged the wind freshens,0.0,0.0,4.255,7
but there seemed no reason to fear,but there seemed no reason to fear,0.0,0.0,2.43,7
the shadow of the raft was clearly outlined upon the surface of the waves,the shadow of the raft was clearly outlined upon the surface of the waves,0.0,0.0,4.73,14
truly this sea is of infinite width,truly the sea is of infinite width,0.1429,0.0571,2.98,7
it must be as wide as the mediterranean or the atlantic and why not,it must be as wide as the mediterranean or the atlantic and why not,0.0,0.0,5.21,14
these thoughts agitated me all day and my imagination scarcely calmed down after several hours sleep,these thoughts agitated me all day and my imagination scarcely calmed down after several hours sleep,0.0,0.0,7.0,16
i shudder as i recall these monsters to my remembrance,i shudder as i recall these monsters to my remembrance,0.0,0.0,3.975,10
i saw at the hamburg museum the skeleton of one of these creatures thirty feet in length,i saw at the hamburg museum the skeleton of one of these creatures thirty feet in length,0.0,0.0,5.67,17
i suppose professor liedenbrock was of my opinion too and even shared my fears for after having examined the pick his eyes traversed the ocean from side to side,i suppose professor liedenbrock was of my opinion too and even shared my fears for after having examined the pig his eyes traversed the ocean from side to side,0.0345,0.0125,11.905,29
tuesday august eighteenth,tuesday august eighteenth,0.0,0.0,3.06,3
during his watch i slept,during his watch i slept,0.0,0.0,2.55,5
two hours afterwards a terrible shock awoke me,two hours afterwards a terrible shock awoke me,0.0,0.0,3.235,8
the raft was heaved up on a watery mountain and pitched down again at a distance of twenty fathoms,the raft was heaved up on a watery mountain and pitched down again at a distance of twenty fathoms,0.0,0.0,5.875,19
theres a whale a whale cried the professor,theres a whale a whale cried the professor,0.0,0.0,3.04,8
flight was out of the question now the reptiles rose they wheeled around our little raft with a rapidity greater than that of express trains,flight was out of the question now the reptiles rose they wheeled around our little raft with a rapidity greater than that of express trains,0.0,0.0,9.205,25
two monsters only were creating all this commotion and before my eyes are two reptiles of the primitive world,two monsters only were creating all this commotion and before my eyes are two reptiles of the primitive world,0.0,0.0,6.94,19
i can distinguish the eye of the ichthyosaurus glowing like a red hot coal and as large as a mans head,i can distinguish the eye of the ichthyosaurus glowing like a red hot coal and as large as a mans head,0.0,0.0,7.17,21
its jaw is enormous and according to naturalists it is armed with no less than one hundred and eighty two teeth,its jaw is enormous and according to naturalists it is armed with no less than one hundred and eighty two teeth,0.0,0.0,7.465,21
those huge creatures attacked each other with the greatest animosity,those huge creatures attacked each other with the greatest animosity,0.0,0.0,4.545,10
suddenly the ichthyosaurus and the plesiosaurus disappear below leaving a whirlpool eddying in the water,suddenly the ichthyosaurus and the plesiosaurus disappear below leaving a whirlpool eddying in the water,0.0,0.0,7.53,15
as for the ichthyosaurus has he returned to his submarine cavern,as for the ichthyosaurus has he returned to his submarine cavern,0.0,0.0,5.06,11
the roarings become lost in the distance,the roarings become lost in the distance,0.0,0.0,3.04,7
the weather if we may use that term will change before long,the weather if we may use the term will change before long,0.0833,0.0339,5.08,12
the atmosphere is charged with vapours pervaded with the electricity generated by the evaporation of saline waters,the atmosphere is charged with vapours pervaded with the electricity generated by the evaporation of saline waters,0.0,0.0,7.25,17
the electric light can scarcely penetrate through the dense curtain which has dropped over the theatre on which the battle of the elements is about to be waged,the electric light can scarcely penetrate through the dense curtain which is dropped over the theatre on which the battle of the elements is about to be waged,0.0357,0.0126,8.905,28
the air is heavy the sea is calm,the air is heavy the sea is calm,0.0,0.0,4.31,8
from time to time a fleecy tuft of mist with yet some gleaming light left upon it drops down upon the dense floor of grey and loses itself in the opaque and impenetrable mass,from time to time a fleecy tuft of mist with yet some gleaming light left upon it drops down upon the dense floor of grey and loses itself in the opaque and impenetrable mass,0.0,0.0,12.55,34
the atmosphere is evidently charged and surcharged with electricity,the atmosphere is evidently charged and surcharged with electricity,0.0,0.0,4.88,9
the wind never lulls but to acquire increased strength the vast bank of heavy clouds is a huge reservoir of fearful windy gusts and rushing storms,the wind never lulls but to acquire increased strength the vast bank of heavy clouds is a huge reservoir of fearful windy gusts and rushing storms,0.0,0.0,11.2,26
theres a heavy storm coming on i cried pointing towards the horizon,theres a heavy storm coming on i cried pointing towards the horizon,0.0,0.0,5.515,12
those clouds seem as if they were going to crush the sea,those clouds seem as if they were going to crush the sea,0.0,0.0,3.435,12
on the mast already i see the light play of a lambent saint elmos fire the outstretched sail catches not a breath of wind and hangs like a sheet of lead,on the mast already i see the light play of a lamin at saint ewils fire the outstretched sail catches not a breath of wind and hangs like a sheet of lead,0.0968,0.0461,9.995,31
but if we have now ceased to advance why do we yet leave that sail loose which at the first shock of the tempest may capsize us in a moment,but if we have now ceased to advance why do we yet leave that sail loose which at the first shock of a tempest may capsize us in a moment,0.0333,0.0216,8.98,30
that will be safest no no never,that will be the safest no no never,0.1429,0.129,3.545,7
the piled up vapours condense into water and the air put into violent action to supply the vacuum left by the condensation of the mists rouses itself into a whirlwind,the piled up vapours condensed into water and the air put into violent action to supply the vacuum left by the condensation of the mist rouses itself into a whirlwind,0.0667,0.012,11.385,30
hans stirs not,hans stirs nod,0.3333,0.0714,1.805,3
from the under surface of the clouds there are continual emissions of lurid light electric matter is in continual evolution from their component molecules the gaseous elements of the air need to be slaked with moisture for innumerable columns of water rush upwards into the air and fall back again in white foam,from the undersurface of the clouds there are continual emissions of lurid light electric matter is in continual evolution from their component molecules the gaseous elements of the air need to be slaked with moisture for innumerable columns of water rush upwards into the air and fall back again in white foam,0.0377,0.0032,21.185,53
i refer to the thermometer it indicates the figure is obliterated,i refer to the thermometer it indicates the figure is obliterated,0.0,0.0,4.865,11
is the atmospheric condition having once reached this density to become final,is the atmospheric conditioning having once reached this density to become final,0.0833,0.039,5.225,12
the raft bears on still to the south east,the raft bears on still to the south east,0.0,0.0,3.245,9
at noon the violence of the storm redoubles,at noon the violence of the storm redoubles,0.0,0.0,2.955,8
each of us is lashed to some part of the raft,each of us is lashed to some part of the raft,0.0,0.0,2.9,11
the waves rise above our heads,the waves rise above our heads,0.0,0.0,2.71,6
they seem to be we are lost but i am not sure,they seem to be we are lost but i am not sure,0.0,0.0,3.705,12
he nods his consent,he nods his consent,0.0,0.0,2.385,4
the fireball half of it white half azure blue and the size of a ten inch shell moved slowly about the raft but revolving on its own axis with astonishing velocity as if whipped round by the force of the whirlwind,the fireball half of it white half azure blue and the size of a ten inch shell moved slowly about the raft but revolving on its own axis with astonishing velocity as if whipped round by the force of the whirlwind,0.0,0.0,14.595,41
here it comes there it glides now it is up the ragged stump of the mast thence it lightly leaps on the provision bag descends with a light bound and just skims the powder magazine horrible,here it comes there it glides now it is up the ragged stump of the mast thence it lightly leaps on the provision bag descends with a light bound and just skims the powder magazine horrible,0.0,0.0,13.445,36
we shall be blown up but no the dazzling disk of mysterious light nimbly leaps aside it approaches hans who fixes his blue eye upon it steadily it threatens the head of my uncle who falls upon his knees with his head down to avoid it,we shall be blown up but no the dazzling disk of mysterious light nimbly leaps aside it approaches hans who fixes his blue eye upon it steadily it threatens the head of my uncle who falls upon his knees with his head down to avoid it,0.0,0.0,16.04,46
a suffocating smell of nitrogen fills the air it enters the throat it fills the lungs,a suffocating smell of nitrogen fills the air it enters the throat it fills the lungs,0.0,0.0,6.305,16
we suffer stifling pains,we suffer stifling pains,0.0,0.0,2.61,4
the bogus legislature numbered thirty six members,the bogus legislature numbered thirty six members and,0.1429,0.0816,3.285,7
this was at the march election eighteen fifty five,this was at the march election eighteen fifty five,0.0,0.0,3.45,9
that summers emigration however being mainly from the free states greatly changed the relative strength of the two parties,that summers emigration however being mainly from the free states greatly changed the relative strengths of the two parties,0.0526,0.0082,8.3,19
for general service therefore requiring no special effort the numerical strength of the factions was about equal while on extraordinary occasions the two thousand border ruffian reserve lying a little farther back from the state line could at any time easily turn the scale,for general service therefore requiring no special effort the numerical strength of the factions was about equal while on extraordinary occasions the two thousand border ruffian reserve lying a little farther back from the state line could at any time easily turn the scale,0.0,0.0,19.805,44
the free state men had only their convictions their intelligence their courage and the moral support of the north the conspiracy had its secret combination the territorial officials the legislature the bogus laws the courts the militia officers the president and the army,the free state men had only their convictions their intelligence their courage and the moral support of the north the conspiracy had its secret combination the territorial officials the legislature the bogus laws the courts the militia officers the president and the army,0.0,0.0,20.155,43
this was a formidable array of advantages slavery was playing with loaded dice,this was a formidable array of advantages slavery was playing with loaded dice,0.0,0.0,5.18,13
coming by way of the missouri river towns he fell first among border ruffian companionship and influences and perhaps having his inclinations already molded by his washington instructions his early impressions were decidedly adverse to the free state cause,coming by way of the missouri river towns he fell first among border ruffian companionship and influences and perhaps having his inclinations already moulded by his washington instructions his early impressions were decidedly adverse to the free state cause,0.0256,0.0039,17.005,39
his reception speech at westport in which he maintained the legality of the legislature and his determination to enforce their laws delighted his pro slavery auditors,his reception speech at westport in which he maintained the legality of the legislature and his determination to enforce their laws delighted his pro slavery auditors,0.0,0.0,11.53,26
all the territorial dignitaries were present governor shannon presided john calhoun the surveyor general made the principal speech a denunciation of the abolitionists supporting the topeka movement chief justice lecompte dignified the occasion with approving remarks,all the territorial dignitaries were present governor shannon presided john calhoun the surveyor general made the principal speech a denunciation of the abolitionist supporting the topeka movement chief justice lecomte dignified the occasion with approving remarks,0.0556,0.0075,19.065,36
all dissent all non compliance all hesitation all mere silence even were in their stronghold towns like leavenworth branded as abolitionism declared to be hostility to the public welfare and punished with proscription personal violence expulsion and frequently death,all dissent all noncompliance all hesitation all mere silence even were in their stronghold towns like leavenworth branded as abolitionism declared to be hostility to the public welfare and punished with proscription personal violence expulsion and frequently death,0.0513,0.0038,18.56,39
of the lynchings the mobs and the murders it would be impossible except in a very extended work to note the frequent and atrocious details,of the lynchings the mobs and the murders it would be impossible except in a very extended work to note the frequent and atrocious details that,0.04,0.0362,8.54,25
the present chapters can only touch upon the more salient movements of the civil war in kansas which happily were not sanguinary if however the individual and more isolated cases of bloodshed could be described they would show a startling aggregate of barbarity and loss of life for opinions sake,the present chapters can only touch upon the more salient movements of the civil war in kansas which happily are not sanguinary if however the individual and more isolated cases of bloodshed could be described they would show a startling aggregate of barbarity and a loss of life for opinions sake,0.04,0.0135,20.355,50
several hundred free state men promptly responded to the summons,several hundred free state men promptly responded to the summons,0.0,0.0,4.075,10
it was in fact the best weapon of its day,it was in fact the best weapon of its day,0.0,0.0,2.675,10
the leaders of the conspiracy became distrustful of their power to crush the town,the leaders of the conspiracy became distrustful of their power to crush the town,0.0,0.0,5.295,14
one of his militia generals suggested that the governor should require the outlaws at lawrence and elsewhere to surrender the sharps rifles another wrote asking him to call out the government troops at fort leavenworth,one of his militia generals suggested that the governor should require the outlaws at lawrence and elsewhere to surrender the sharps rifles another wrote asking him to call out the government troops at fort leavenworth,0.0,0.0,14.99,35
the governor on his part becoming doubtful of the legality of employing missouri militia to enforce kansas laws was also eager to secure the help of federal troops,the governor on his part becoming doubtful of the legality of employing missouri militia to enforce kansas laws was also eager to secure the help of federal troops,0.0,0.0,11.61,28
sheriff jones had his pockets always full of writs issued in the spirit of persecution but was often baffled by the sharp wits and ready resources of the free state people and sometimes defied outright,sheriff jones had his pockets always full of writs issued in the spirit of persecution but was often baffled by the sharp wits and ready resources of the free state people and sometimes defied outright,0.0,0.0,15.11,35
little by little however the latter became hemmed and bound in the meshes of the various devices and proceedings which the territorial officials evolved from the bogus laws,little by little however the latter became hemmed and bound in the meshes of the various devices and proceedings which the territorial officials evolved from the vogus laws,0.0357,0.0058,11.35,28
to embarrass this damaging exposure judge lecompte issued a writ against the ex governor on a frivolous charge of contempt,to embarrass this damaging exposure judge le comte issued a writ against the ex governor on a frivolous charge of contempt,0.1,0.0164,8.93,20
the incident was not violent nor even dramatic no posse was summoned no further effort made and reeder fearing personal violence soon fled in disguise,the incident was not violent nor even dramatic no posse was summoned no further effort made and reader fearing personal violence soon fled in disguise,0.04,0.0067,10.975,25
but the affair was magnified as a crowning proof that the free state men were insurrectionists and outlaws,but the affair was magnified as a crowning proof that the free state men were insurrectionists and outlaws,0.0,0.0,7.93,18
from these again sprang barricaded and fortified dwellings camps and scouting parties finally culminating in roving guerrilla bands half partisan half predatory,from these again sprang barricaded and fortified dwellings camps and scout parties finally culminating in roving guerrilla bands half partisan half predatory,0.0455,0.0187,11.795,22
their distinctive characters however display one broad and unfailing difference,their distinctive characters however display one broad and unfailing difference,0.0,0.0,5.5,10
the free state men clung to their prairie towns and prairie ravines with all the obstinacy and courage of true defenders of their homes and firesides,the free state men clung to their prairie towns and prairie ravines with all the obstinacy and courage of true defenders of their homes and firesides,0.0,0.0,10.23,26
their assumed character changed with their changing opportunities or necessities,their assumed character changed with their changing opportunities or necessities,0.0,0.0,5.485,10
in the shooting of sheriff jones in lawrence and in the refusal of ex governor beeder to allow the deputy marshal to arrest him they discovered grave offenses against the territorial and united states laws,in the shooting of sheriff jones in lawrence and in the refusal of ex governor reeder to allow the deputy marshal to arrest him they discovered grave offenses against the territorial and the united states laws,0.0571,0.0244,15.06,35
footnote sumner to shannon may twelfth eighteen fifty six,footnote sumner to shannon may twelfth eighteen fifty six,0.0,0.0,5.905,9
private persons who had leased the free state hotel vainly besought the various authorities to prevent the destruction of their property,private persons who had leased the free state hotel vainly besought the various authorities to present the destruction of their property,0.0476,0.0074,9.6,21
ten days were consumed in these negotiations but the spirit of vengeance refused to yield,ten days were consumed in these negotiations but the spirit of vengeance refused to yield,0.0,0.0,7.06,15
he summoned half a dozen citizens to join his posse who followed obeyed and assisted him,he summoned half a dozen citizens to join his posse who followed obeyed and assisted him,0.0,0.0,7.25,16
he continued his pretended search and to give color to his errand made two arrests,he continued his pretended search and to give colour to his errand made two arrests,0.0667,0.0122,6.75,15
the free state hotel a stone building in dimensions fifty by seventy feet three stories high and handsomely furnished previously occupied only for lodging rooms on that day for the first time opened its table accommodations to the public and provided a free dinner in honor of the occasion,the free state hotel a stone building in dimensions fifty by seventy feet three stories high and handsomely furnished previously occupied only for lodging rooms on that day for the first time opened its table accommodations to the public and provided a free dinner in honor of the occasion,0.0,0.0,20.28,49
as he had promised to protect the hotel the reassured citizens began to laugh at their own fears,as he had promised to protect the hotel the reassured citizens began to laugh at their own fears,0.0,0.0,6.775,18
to their sorrow they were soon undeceived,to their sorrow they were soon undeceived but,0.1429,0.0976,2.71,7
the military force partly rabble partly organized had meanwhile moved into the town,the military force partly rabble partly organized had meanwhile moved into the town,0.0,0.0,5.625,13
he planted a company before the hotel and demanded a surrender of the arms belonging to the free state military companies,he planted a company before the hotel and demanded a surrender of the arms belonging to the free state military companies,0.0,0.0,7.705,21
half an hour later turning a deaf ear to all remonstrance he gave the proprietors until five oclock to remove their families and personal property from the free state hotel,half an hour later turning a deaf ear to all remonstrance he gave the proprietors until five oclock to remove their families and personal property from the free state hotel,0.0,0.0,11.02,30
atchison who had been haranguing the mob planted his two guns before the building and trained them upon it,achitson who had been haranguing the mob planted his two guns before the building and trained them upon it,0.0526,0.0189,7.92,19
the inmates being removed at the appointed hour a few cannon balls were fired through the stone walls,the inmates being removed at the appointed hour a few cannon balls were fired through the stone walls,0.0,0.0,6.815,18
in this incident contrasting the creative and the destructive spirit of the factions the emigrant aid society of massachusetts finds its most honorable and triumphant vindication,in this incident contrasting the creative and the destructive spirit of the factions the immigrant aid society of massachusetts finds its most honorable and triumphant vindication,0.0385,0.0112,11.76,26
the whole proceeding was so childish the miserable plot so transparent the outrage so gross as to bring disgust to the better class of border ruffians who were witnesses and accessories,the whole proceeding was so childish the miserable plot so transparent the outrage so gross as to bring disgust to the better class of border ruffians who were witnesses and accessories,0.0,0.0,12.415,31
relocated footnote governor robinson being on his way east the steamboat on which he was traveling stopped at lexington missouri,relocated footnote governor robinson being on his way east the steamboat on which he was travelling stopped at lexington missouri,0.05,0.0078,9.225,20
in a few days an officer came with a requisition from governor shannon and took the prisoner by land to westport and afterwards from there to kansas city and leavenworth,in a few days an officer came with a requisition from governor shannon and took the prisoner by land to westport and afterwards from there to kansas city and leavenworth,0.0,0.0,11.035,30
here he was placed in the custody of captain martin of the kickapoo rangers who proved a kind jailer and materially assisted in protecting him from the dangerous intentions of the mob which at that time held leavenworth under a reign of terror,harry was placed in the custody of captain martin of the kickapoo rangers who proved a kind jailer and materially assisted in protecting him from the dangerous intentions of the mob which at that time held leavenworth under the reign of terror,0.0698,0.0329,17.105,43
captain martin said i shall give you a pistol to help protect yourself if worse comes to worst,captain martin said i shall give you a pistol to help protect yourself if worst comes to worst,0.0556,0.0106,6.805,18
in the early morning of the next day may twenty ninth a company of dragoons with one empty saddle came down from the fort and while the pro slavery men still slept the prisoner and his escort were on their way across the prairies to lecompton in the charge of officers of the united states army,in the early morning of the next day may twenty ninth a company of dragoons with one empty saddle came down from the fort and while the pro slavery men still slept the prisoner and his escort were on their way across the prairies to lecompton in the charge of officers of the united states army,0.0,0.0,19.945,56
it is a very fine old place of red brick softened by a pale powdery lichen which has dispersed itself with happy irregularity so as to bring the red brick into terms of friendly companionship with the limestone ornaments surrounding the three gables the windows and the door place,it is a very fine old place of red brick softened by a pale powdery lichen which has dispersed itself with happy irregularity so as to bring the red brick into terms of friendly companionship with the limestone ornaments surrounding the three gables the windows and the doorplace,0.0408,0.0036,22.57,49
but the windows are patched with wooden panes and the door i think is like the gate it is never opened,but the windows are patched with wooden panes and the door i think is like the gate it is never opened,0.0,0.0,8.03,21
for it is a solid heavy handsome door and must once have been in the habit of shutting with a sonorous bang behind a liveried lackey who had just seen his master and mistress off the grounds in a carriage and pair,for it is a solid heavy handsome door and must once have been in the habit of shutting with a sonorous bang behind the liveried lackey who had just seen his master and mistress off the grounds in a carriage and pair,0.0238,0.0141,15.52,42
a large open fireplace with rusty dogs in it and a bare boarded floor at the far end fleeces of wool stacked up in the middle of the floor some empty corn bags,a large open fireplace with rusty dogs in it and a bare boarded floor at the far end fleeces of wool stacked up in the middle of the floor some empty corn bags,0.0,0.0,14.675,33
and what through the left hand window,and what through the left hand window,0.0,0.0,2.64,7
several clothes horses a pillion a spinning wheel and an old box wide open and stuffed full of coloured rags,several clothes horses a pillion a spinning wheel and an old box wide open and stuffed full of coloured rags,0.0,0.0,9.09,20
at the edge of this box there lies a great wooden doll which so far as mutilation is concerned bears a strong resemblance to the finest greek sculpture and especially in the total loss of its nose,at the edge of this box there lies a great wooden doll which so far as mutilation is concerned bears a strong resemblance to the finest greek sculpture and especially in the total loss of its nose,0.0,0.0,13.82,37
the history of the house is plain now,the history of the house is plain now,0.0,0.0,2.7,8
but there is always a stronger sense of life when the sun is brilliant after rain and now he is pouring down his beams and making sparkles among the wet straw and lighting up every patch of vivid green moss on the red tiles of the cow shed and turning even the muddy water that is hurrying along the channel to the drain into a mirror for the yellow billed ducks who are seizing the opportunity of getting a drink with as much body in it as possible,but there is always a stronger sense of life when the sun is brilliant after rain and now he is pouring down his beams and making sparkles among the wet straw and lighting up every patch of vivid green moss on the red tiles of the cow shed and turning even the muddy water that is hurrying along the channel to the drain into a mirror for the yellow billed ducks who are seizing the opportunity of getting a drink with as much body in it as possible,0.0,0.0,31.65,88
for the great barn doors are thrown wide open and men are busy there mending the harness under the superintendence of mister goby the whittaw otherwise saddler who entertains them with the latest treddleston gossip,for the great barn doors are thrown wide open and men are busy there mending the harness under the superintendence of mister goby the whitdaw otherwise saddler who entertains them with the latest treadleston gossip,0.0571,0.0093,14.405,35
hetty sorrel often took the opportunity when her aunts back was turned of looking at the pleasing reflection of herself in those polished surfaces for the oak table was usually turned up like a screen and was more for ornament than for use and she could see herself sometimes in the great round pewter dishes that were ranged on the shelves above the long deal dinner table or in the hobs of the grate which always shone like jasper,hetty searle often took the opportunity when her aunts back was turned of looking at the pleasing reflection of herself in those polished services for the oak table was usually turned up like a screen and was more for ornament than for use and she could see herself sometimes in the great round pewter dishes that were arranged on the shelves above the long deal dinner table or in the hobs of the grate which always shone like jasper,0.038,0.0208,30.615,79
do not suppose however that missus poyser was elderly or shrewish in her appearance she was a good looking woman not more than eight and thirty of fair complexion and sandy hair well shapen light footed,do not suppose however that misses poyser was elderly or shrewish in her appearance she was a good looking woman not more than eight and thirty of fair complexion and sandy hair well shapen light footed,0.0278,0.005,16.26,36
the family likeness between her and her niece dinah morris with the contrast between her keenness and dinahs seraphic gentleness of expression might have served a painter as an excellent suggestion for a martha and mary,the family likeness between her and her niece dinah morris with a contrast between her keenness and dinahs seraphic gentleness of expression might have served a painter as an excellent suggestion for a martha and mary,0.0278,0.0137,16.13,36
her tongue was not less keen than her eye and whenever a damsel came within earshot seemed to take up an unfinished lecture as a barrel organ takes up a tune precisely at the point where it had left off,her tongue was not less keen than her eye and whenever a damsel came within earshot seemed to take up an unfinished lecture as a barrel organ takes up a tune precisely at the point where it had left off,0.0,0.0,14.25,40
the fact that it was churning day was another reason why it was inconvenient to have the whittaws and why consequently missus poyser should scold molly the housemaid with unusual severity,the fact that it was churning day was another reason why it was inconvenient to have the widows and why consequently misses poyser should scold molly the housemaid with unusual severity,0.0645,0.0267,12.995,31
to all appearance molly had got through her after dinner work in an exemplary manner had cleaned herself with great dispatch and now came to ask submissively if she should sit down to her spinning till milking time,to all appearance molly had got through her after dinner work in an exemplary manner had cleaned herself with great despatch and now came to ask submissively if she should sit down to her spinning till milking time,0.0263,0.0047,15.015,38
spinning indeed,spinning indeed,0.0,0.0,2.26,2
i never knew your equals for gallowsness,i never knew your equals for gallowsness,0.0,0.0,2.835,7
who taught you to scrub a floor i should like to know,who taught you to scrub a floor i should like to know,0.0,0.0,3.155,12
comb the wool for the whittaws indeed,comb the wool for the widdaws indeed,0.1429,0.0811,2.66,7
thats what youd like to be doing is it,thats what youd like to be doing is it,0.0,0.0,2.435,9
thats the way with you thats the road youd all like to go headlongs to ruin,thats the way with you thats the road youd all like to go headlongs to ruin,0.0,0.0,5.335,16
mister ottleys indeed,mister oatles indeed,0.3333,0.0952,2.28,3
youre a rare un for sitting down to your work a little while after its time to put by,you are a rarein for sitting down to your work a little while after its time to put by,0.2105,0.0471,5.18,19
munny my irons twite told pease put it down to warm,money my irons twit told please put it down to warm,0.2727,0.0784,5.27,11
cold is it my darling bless your sweet face,cold is it my darling bless your sweet face,0.0,0.0,3.595,9
shes going to put the ironing things away,shes going to put the ironing things away,0.0,0.0,2.825,8
munny i tould ike to do into de barn to tommy to see de whittawd,money i did like to do into the barn to tommy to see the widowed,0.4,0.25,5.63,15
no no no totty ud get her feet wet said missus poyser carrying away her iron,no no no toddy had her feet wet said misses poiser carrying away her iron,0.3125,0.1316,6.84,16
did ever anybody see the like screamed missus poyser running towards the table when her eye had fallen on the blue stream,did ever anybody see the like screamed misses poiser running towards the table when her eye had fallen on the blue stream,0.0909,0.0165,8.525,22
totty however had descended from her chair with great swiftness and was already in retreat towards the dairy with a sort of waddling run and an amount of fat on the nape of her neck which made her look like the metamorphosis of a white suckling pig,toddy however had descended from her chair with great swiftness and was already in retreat towards the dairy with a sort of waddling run and an amount of fat on the nape of her neck which made her look like the metamorphosis of a white suckling pig,0.0213,0.0081,16.12,47
and she was very fond of you too aunt rachel,and she was very fond of you too aunt rachel,0.0,0.0,2.78,10
i often heard her talk of you in the same sort of way,i often heard her talk of you in the same sort of way,0.0,0.0,3.24,13
when she had that bad illness and i was only eleven years old she used to say youll have a friend on earth in your aunt rachel if im taken from you for she has a kind heart and im sure ive found it so,when she had that bad illness and i was only eleven years old she used to say youll have a friend on earth in your aunt rachel if im taken from you for she has a kind heart and im sure ive found it so,0.0,0.0,12.865,45
and theres linen in the house as i could well spare you for ive got lots o sheeting and table clothing and towelling as isnt made up,and theres linen in the house as i could well spare you for i got lots of sheeting and table clothing and toweling as isnt made up,0.1111,0.0303,7.99,27
but not more than whats in the bible aunt said dinah,but not more than whats in the bible aunt said dinah,0.0,0.0,3.575,11
nay dear aunt you never heard me say that all people are called to forsake their work and their families,nay dear aunt you never heard me say that all people are called to forsake their work and their families,0.0,0.0,6.915,20
we can all be servants of god wherever our lot is cast but he gives us different sorts of work according as he fits us for it and calls us to it,we can all be servants of god wherever our lot is cast but he gives us different sorts of work according as he fits us for it and calls us to it,0.0,0.0,10.49,32
i can no more help spending my life in trying to do what i can for the souls of others than you could help running if you heard little totty crying at the other end of the house the voice would go to your heart you would think the dear child was in trouble or in danger and you couldnt rest without running to help her and comfort her,i can no more help spending my life and trying to do what i can for the souls of others than you could help running if you heard little toddy crying at the other end of the house the voice would go to your heart you would think the dear child was in trouble or in danger and you couldnt rest without running to help her and comfort her,0.029,0.012,20.25,69
ive strong assurance that no evil will happen to you and my uncle and the children from anything ive done,ive strong assurance that no evil will happen to you and my uncle and the children from anything i have done,0.1,0.0286,6.28,20
i didnt preach without direction,i didnt preach without direction,0.0,0.0,2.385,5
direction,direction,0.0,0.0,1.42,1
i hanna common patience with you,i had a common patience with you,0.3333,0.0625,2.455,6
by this time the two gentlemen had reached the palings and had got down from their horses it was plain they meant to come in,by this time the two gentlemen had reached the palings and had got down from their horses it was plain they meant to come in,0.0,0.0,7.35,25
said mister irwine with his stately cordiality,said mister irwin with his stately cordiality,0.1429,0.0217,3.52,7
oh sir dont mention it said missus poyser,oh sir dont mention it said misses poisser,0.25,0.0732,3.005,8
i delight in your kitchen,i delight in your kitchen,0.0,0.0,1.905,5
poyser is not at home is he,poiser is not at home is he,0.1429,0.037,2.21,7
said captain donnithorne seating himself where he could see along the short passage to the open dairy door,said captain donny thorne seating himself where he could see along the short passage to the open dairy door,0.1111,0.0189,6.39,18
no sir he isnt hes gone to rosseter to see mister west the factor about the wool,no sir he isnt hes gone to rosseter to see mister west the factor about the wool,0.0,0.0,6.125,17
but theres father the barn sir if hed be of any use,but theres father in the barn sir if hed be of any use,0.0833,0.0588,4.045,12
no thank you ill just look at the whelps and leave a message about them with your shepherd,no thank you ill just look at the whelps and leave a message about them with your shepherd,0.0,0.0,5.31,18
i must come another day and see your husband i want to have a consultation with him about horses,i must come another day and see your husband i want to have a consultation with him about horses,0.0,0.0,6.53,19
for if hes anywhere on the farm we can send for him in a minute,for if hes anywhere on the farm we can send for him in a minute,0.0,0.0,3.395,15
oh sir said missus poyser rather alarmed you wouldnt like it at all,oh sir said misses poiser rather alarmed you wouldnt like it at all,0.1538,0.0299,5.68,13
but you know more about that than i do sir,but you know more about that than i do sir,0.0,0.0,2.655,10
i think i should be doing you a service to turn you out of such a place,i think i should be doing you a service to turn you out of such a place,0.0,0.0,3.84,17
i know his farm is in better order than any other within ten miles of us and as for the kitchen he added smiling i dont believe theres one in the kingdom to beat it,i know his farm is in better order than any other within ten miles of us and as for the kitchen he added smiling i dont believe theres one in the kingdom to beat it,0.0,0.0,10.08,35
by the by ive never seen your dairy i must see your dairy missus poyser,by the by ive never seen your dairy i must see your dairy misses poyser,0.0667,0.0141,4.93,15
this missus poyser said blushing and believing that the captain was really interested in her milk pans and would adjust his opinion of her to the appearance of her dairy,this misses poiser said blushing and believing that the captain was really interested in her milk pans and would adjust his opinion of her to the appearance of her dairy,0.0667,0.0118,10.01,30
oh ive no doubt its in capital order,oh ive no doubt its in capital order,0.0,0.0,2.71,8
and often has my mother said while on her lap i laid my head she feared for time i was not made but for eternity,and often has my mother said while on her lap i laid my head she feared for time i was not made but for eternity,0.0,0.0,8.23,25
why are we to be denied each others society,why are we to be denied each others society,0.0,0.0,2.99,9
why are we to be divided,why are we to be divided,0.0,0.0,2.11,6
surely it must be because we are in danger of loving each other too well of losing sight of the creator in idolatry of the creature,surely it must be because we are in danger of loving each other too well of losing sight of the creator and idolatry of the creature,0.0385,0.0153,7.595,26
we used to dispute about politics and religion,we used to dispute about politics and religion,0.0,0.0,3.105,8
she a tory and clergymans daughter was always in a minority of one in our house of violent dissent and radicalism,she a tory and clergymans daughter was always in a minority of one in our house of violent descent and radicalism,0.0476,0.0177,7.34,21
her feeble health gave her her yielding manner for she could never oppose any one without gathering up all her strength for the struggle,her feeble health gave her her yielding manner for she could never oppose any one without gathering up all her strength for the struggle,0.0,0.0,8.3,24
he spoke french perfectly i have been told when need was but delighted usually in talking the broadest yorkshire,he spoke french perfectly i have been told when need was but delighted usually in talking the broadest yorkshire,0.0,0.0,7.775,19
and so life and death have dispersed the circle of violent radicals and dissenters into which twenty years ago the little quiet resolute clergymans daughter was received and by whom she was truly loved and honoured,and so life and death have dispersed the circle of violent radicals and dissenters into which twenty years ago the little quiet resolute clergymans daughter was received and by whom she was truly loved and honored,0.0278,0.0047,13.555,36
january and february of eighteen thirty seven had passed away and still there was no reply from southey,january and february of 1837 had passed away and still there was no reply from the southey,0.2222,0.2427,6.73,18
i am not depreciating it when i say that in these times it is not rare,i am not depreciating it when i say that in these times it is not rare,0.0,0.0,4.79,16
but it is not with a view to distinction that you should cultivate this talent if you consult your own happiness,but it is not with a view to distinction that you should cultivate this talent if you consult your own happiness,0.0,0.0,7.015,21
you will say that a woman has no need of such a caution there can be no peril in it for her,you will say that a woman has no need of such a caution there can be no peril in it for her,0.0,0.0,5.85,22
the more she is engaged in her proper duties the less leisure will she have for it even as an accomplishment and a recreation,the more she is engaged in her proper duties the less leisure will she have for it even as an accomplishment and a recreation,0.0,0.0,9.175,24
to those duties you have not yet been called and when you are you will be less eager for celebrity,to those duties you have not yet been called and when you are you will be less eager for celebrity,0.0,0.0,6.68,20
but do not suppose that i disparage the gift which you possess nor that i would discourage you from exercising it i only exhort you so to think of it and so to use it as to render it conducive to your own permanent good,but do not suppose that i disparage the gift which you possess nor that i would discourage you from exercising it i only exhort you so to think of it and so to use it as to render it conducive to your own permanent good,0.0,0.0,14.425,45
farewell madam,farewell madame,0.5,0.0714,1.695,2
though i may be but an ungracious adviser you will allow me therefore to subscribe myself with the best wishes for your happiness here and hereafter your true friend robert southey,though i may be but an ungracious advisor you will allow me therefore to subscribe myself with the best wishes for your happiness here and hereafter your true friend robert sowthey,0.0645,0.0111,12.73,31
sir march sixteenth,sir march sixteenth,0.0,0.0,2.92,3
i had not ventured to hope for such a reply so considerate in its tone so noble in its spirit,i have not ventured to hope for such a reply so considerate in its tone so noble in its spirit,0.05,0.0215,6.155,20
i know the first letter i wrote to you was all senseless trash from beginning to end but i am not altogether the idle dreaming being it would seem to denote,i know the first letter i wrote to you is all senseless trash from beginning to end but i am not altogether the idle dreaming being it would seem to denote,0.0323,0.0128,8.645,31
i thought it therefore my duty when i left school to become a governess,i thought it therefore my duty when i left school to become a governess,0.0,0.0,4.18,14
in the evenings i confess i do think but i never trouble any one else with my thoughts,in the evenings i confess i do think but i never trouble anyone else with my thoughts,0.1111,0.0116,5.825,18
i carefully avoid any appearance of preoccupation and eccentricity which might lead those i live amongst to suspect the nature of my pursuits,i carefully avoid any appearance of preoccupation and eccentricity which might lead those i live amongst to suspect the nature of my pursuits,0.0,0.0,9.095,23
i dont always succeed for sometimes when im teaching or sewing i would rather be reading or writing but i try to deny myself and my fathers approbation amply rewarded me for the privation,i dont always succeed for sometimes when im teaching or sewing i would rather be reading or writing but i try to deny myself and my fathers approbation amply rewarded me for the privation,0.0,0.0,12.255,34
again i thank you this incident i suppose will be renewed no more if i live to be an old woman i shall remember it thirty years hence as a bright dream,again i thank you this incident i suppose will be renewed no more if i live to be an old woman i shall remember it thirty years hence as a bright dream,0.0,0.0,9.205,32
p s pray sir excuse me for writing to you a second time i could not help writing partly to tell you how thankful i am for your kindness and partly to let you know that your advice shall not be wasted however sorrowfully and reluctantly it may be at first followed c b,ps pray sir excuse me for writing to you a second time i could not help writing partly to tell you how thankful i am for your kindness and partly to let you know that your advice shall not be wasted however sorrowfully and reluctantly it may be at first followed c b,0.037,0.0037,16.735,54
i cannot deny myself the gratification of inserting southeys reply,i cannot deny myself the gratification of inserting sothys reply,0.1,0.0303,4.58,10
keswick march twenty second eighteen thirty seven dear madam,keswick march twenty second eighteen thirty seven dear madame,0.1111,0.0167,5.53,9
your letter has given me great pleasure and i should not forgive myself if i did not tell you so,your letter has given me great pleasure and i should not forgive myself if i did not tell you so,0.0,0.0,6.055,20
of this second letter also she spoke and told me that it contained an invitation for her to go and see the poet if ever she visited the lakes,of this second letter also she spoke and told me that it contained an invitation for her to go and see the poet if ever she visited the lakes,0.0,0.0,8.945,29
on august twenty seventh eighteen thirty seven she writes,on august twenty seventh eighteen thirty seven she writes,0.0,0.0,4.0,9
come come i am getting really tired of your absence,come come im getting really tired of your absence,0.2,0.0392,3.03,10
saturday after saturday comes round and i can have no hope of hearing your knock at the door and then being told that miss e is come oh dear,saturday after saturday comes around and i can have no hope of hearing your knock at the door and then being told that miss e is come oh dear,0.0345,0.0071,8.5,29
in this monotonous life of mine that was a pleasant event,in this monotonous life of mine that was a pleasant event,0.0,0.0,3.495,11
i wish it would recur again but it will take two or three interviews before the stiffness the estrangement of this long separation will wear away,i wish it were recur again but it will take two or three interviews before the stiffness the estrangement of this long separation will wear away,0.0385,0.0276,9.37,26
my eyes fill with tears when i contrast the bliss of such a state brightened by hopes of the future with the melancholy state i now live in uncertain that i ever felt true contrition wandering in thought and deed longing for holiness which i shall never never obtain smitten at times to the heart with the conviction that ghastly calvinistic doctrines are true darkened in short by the very shadows of spiritual death,my eyes fill with tears when i contrast the bliss of such a state brightened by hopes of the future with the melancholy state i now live in uncertain that i ever felt true contrition wandering in thought and deed longing for holiness which i shall never never obtain smitten at times to the heart with the conviction that ghastly calvinistic doctrines are true darkened in short by the very shadows of spiritual death,0.0,0.0,28.27,74
if christian perfection be necessary to salvation i shall never be saved my heart is a very hotbed for sinful thoughts and when i decide on an action i scarcely remember to look to my redeemer for direction,if christian perfection be necessary to salvation i shall never be saved my heart is a very hot bed for sinful thoughts and when i decide on an action i scarcely remember to look to my redeemer for direction,0.0526,0.0049,14.2,38
and meantime i know the greatness of jehovah i acknowledge the perfection of his word i adore the purity of the christian faith my theory is right my practice horribly wrong,and meantime i know the greatness of jehovah i acknowledge the perfection of his word i adore the purity of the christian faith my theory is right my practice horribly wrong,0.0,0.0,11.535,31
the christmas holidays came and she and anne returned to the parsonage and to that happy home circle in which alone their natures expanded amongst all other people they shrivelled up more or less,the christmas holidays came and she and anne returned to the parsonage and to that happy home circle in which alone their natures expanded amongst all other people they shrivelled up more or less,0.0,0.0,12.72,34
indeed there were only one or two strangers who could be admitted among the sisters without producing the same result,indeed there were only one or two strangers who could be admitted among the sisters without producing the same result,0.0,0.0,6.905,20
she was gone out into the village on some errand when as she was descending the steep street her foot slipped on the ice and she fell it was dark and no one saw her mischance till after a time her groans attracted the attention of a passer by,she was gone out into the village on some errand when as she was descending the steep street her foot slipped on the ice and she fell it was dark and no one saw her mischance till after a time her groans attracted the attention of a passer by,0.0,0.0,14.01,49
unfortunately the fracture could not be set till six oclock the next morning as no surgeon was to be had before that time and she now lies at our house in a very doubtful and dangerous state,unfortunately the fracture could not be set till six oclock the next morning as no surgeon was to be had before that time and she now lies at her house in a very doubtful and dangerous state,0.027,0.0105,12.21,37
however remembering what you told me namely that you had commended the matter to a higher decision than ours and that you were resolved to submit with resignation to that decision whatever it might be i hold it my duty to yield also and to be silent it may be all for the best,however remembering what you told me namely that you had commended the matter to a higher decision than ours and that you were resolved to submit with resignation to that decision whatever it might be i hold it my duty to yield also and to be silent and may be all for the best,0.0185,0.0109,19.0,54
after this disappointment i never dare reckon with certainty on the enjoyment of a pleasure again it seems as if some fatality stood between you and me,after this disappointment i never dare reckon with certainty on the enjoyment of a pleasure again it seems as if some fatality stood between you and me,0.0,0.0,9.72,27
i am not good enough for you and you must be kept from the contamination of too intimate society,i am not good enough for you and you must be kept from the contamination of too intimate society,0.0,0.0,6.52,19
a good neighbour of the brontes a clever intelligent yorkshire woman who keeps a druggists shop in haworth and from her occupation her experience and excellent sense holds the position of village doctress and nurse and as such has been a friend in many a time of trial and sickness and death in the households round told me a characteristic little incident connected with tabbys fractured leg,a good neighbour of the brontes a clever intelligent yorkshire woman who keeps a druggist shop in haworth and from her occupation her experience and excellent sense holds the position of village doctress and nurse and as such has been a friend in many a time of trial and sickness and death in the households round told me a characteristic little incident connected with tabbys fractured leg,0.0149,0.0026,25.64,67
tabby had lived with them for ten or twelve years and was as charlotte expressed it one of the family,tabby had lived with them for ten or twelve years and was as charlotte expressed it one of the family,0.0,0.0,6.525,20
he refused at first to listen to the careful advice it was repugnant to his liberal nature,he refused at first to listen to the careful advice it was repugnant to his liberal nature,0.0,0.0,5.555,17
this decision was communicated to the girls,this decision was communicated to the girls,0.0,0.0,2.715,7
tabby had tended them in their childhood they and none other should tend her in her infirmity and age,tabby had tended them in their childhood they and none other should tend her in her infirmity and age,0.0,0.0,6.405,19
at tea time they were sad and silent and the meal went away untouched by any of the three,at tea time they were sad and silent and the meal went away untouched by any of the three,0.0,0.0,4.915,19
she had another weight on her mind this christmas,she had another weight on her mind this christmas,0.0,0.0,3.0,9
but anne had begun to suffer just before the holidays and charlotte watched over her younger sisters with the jealous vigilance of some wild creature that changes her very nature if danger threatens her young,but anne had begun to suffer just before the holidays and charlotte watched over her younger sisters with the jealous vigilance of some wild creature that changes her very nature if danger threatens her young,0.0,0.0,11.945,35
stung by anxiety for this little sister she upbraided miss w for her fancied indifference to annes state of health,stung by anxiety for the little sister she upbraided miss w for her fancied indifference to annes state of health,0.05,0.0175,8.005,20
still her heart had received a shock in the perception of annes delicacy and all these holidays she watched over her with the longing fond anxiety which is so full of sudden pangs of fear,still her heart had received a shock in the perception of annes delicacy and all these holidays she watched over her with the longing fond anxiety which is so full of sudden pangs of fear,0.0,0.0,11.85,35
i doubt whether branwell was maintaining himself at this time,i doubt whether branwell was maintaining himself at this time,0.0,0.0,3.37,10
every one could observe his agitation and prostration a prostration which was indeed the more remarkable since people were not accustomed to see him with his arms hanging listlessly by his side his head bewildered and his eyes with all their bright intelligence bedimmed,every one could observe his agitation and prostration a prostration which was indeed the more remarkable since people were not accustomed to see him with his arms hanging listlessly by his side his head bewildered and his eyes with all their bright intelligence bedimmed,0.0,0.0,17.97,44
upon this madame deigned to turn her eyes languishingly towards the comte observing,upon this madame deigned to turn her eyes languishingly towards the comte observing,0.0,0.0,6.64,13
do you think so she replied with indifference,do you think so she replied with indifference,0.0,0.0,3.235,8
yes the character which your royal highness assumed is in perfect harmony with your own,yes the character which your royal highness assumed is in perfect harmony with your own,0.0,0.0,5.98,15
explain yourself,explain yourself,0.0,0.0,1.905,2
i allude to the goddess,i allude to the goddess,0.0,0.0,2.145,5
the princess inquired no,the princess inquired no,0.0,0.0,3.31,4
she then rose humming the air to which she was presently going to dance,she then rose humming the air to which she was presently going to dance,0.0,0.0,5.46,14
the arrow pierced his heart and wounded him mortally,the arrow pierced his heart and wounded him mortally,0.0,0.0,4.155,9
a quarter of an hour afterwards he returned to the theater but it will be readily believed that it was only a powerful effort of reason over his great excitement that enabled him to go back or perhaps for love is thus strangely constituted he found it impossible even to remain much longer separated from the presence of one who had broken his heart,a quarter of an hour afterwards he returned to the theatre but it will be readily believed that it was only a powerful effort of reason over his great excitement that enabled him to go back or perhaps for love is thus strangely constituted he found it impossible even to remain much longer separated from the presence of one who had broken his heart,0.0156,0.0057,22.84,64
when she perceived the young man she rose like a woman surprised in the midst of ideas she was desirous of concealing from herself,when she perceived the young man she rose like a woman surprised in the midst of ideas she was desirous of concealing from herself,0.0,0.0,8.865,24
remain i implore you the evening is most lovely,remain i implore you the evening is most lovely,0.0,0.0,3.62,9
indeed ah,indeed ah,0.0,0.0,1.685,2
i remember now and i congratulate myself do you love any one,i remember now and i congratulate myself do you love anyone,0.1667,0.0167,5.045,12
forgive me i hardly know what i am saying a thousand times forgive me madame was right quite right this brutal exile has completely turned my brain,forgive me i hardly know what i am saying a thousand times forgive me madame was right quite right this brutal exile has completely turned my brain,0.0,0.0,10.115,27
there cannot be a doubt he received you kindly for in fact you returned without his permission,there cannot be a doubt he received you kindly for in fact you returned without his permission,0.0,0.0,6.26,17
oh mademoiselle why have i not a devoted sister or a true friend such as yourself,oh mademoiselle why have i not a devoted sister or a true friend such as yourself,0.0,0.0,7.48,16
what already here they said to her,what already here they said to her,0.0,0.0,2.665,7
i have been here this quarter of an hour replied la valliere,i have been here this quarter of an hour replied lavalier,0.1667,0.05,4.04,12
did not the dancing amuse you no,did not the dancing amuse you no,0.0,0.0,3.875,7
no more than the dancing,no more than the dancing,0.0,0.0,2.175,5
la valliere is quite a poetess said tonnay charente,levalier is quite a poetess said tonnay charente,0.2222,0.0784,3.995,9
i am a woman and there are few like me whoever loves me flatters me whoever flatters me pleases me and whoever pleases well said montalais you do not finish,i am a woman and there are few like me whoever loves me flatters me whoever flatters me pleases me and whoever pleases well said montelet you do not finish,0.0333,0.0256,12.35,30
it is too difficult replied mademoiselle de tonnay charente laughing loudly,it is too difficult replied mademoiselle de tenecharant laughing loudly,0.1818,0.0933,5.11,11
look yonder do you not see the moon slowly rising silvering the topmost branches of the chestnuts and the oaks,look yonder do you not see the moon slowly rising silvering the topmost branches of the chestnuts and the yolks,0.05,0.0182,7.33,20
exquisite soft turf of the woods the happiness which your friendship confers upon me,exquisite soft turf of the woods the happiness which your friendship confers upon me,0.0,0.0,5.57,14
well said mademoiselle de tonnay charente i also think a good deal but i take care,well said mademoiselle de tonichalant i also think a good deal but i take care,0.125,0.0854,6.555,16
to say nothing said montalais so that when mademoiselle de tonnay charente thinks athenais is the only one who knows it,to say nothing said montalay so that when mademoiselle de tonetchirent thinks athenay is the only one who knows it,0.1905,0.084,8.09,21
quick quick then among the high reed grass said montalais stoop athenais you are so tall,quick quick then among the high reed grass said montalay stoop athenae you are so tall,0.125,0.0455,7.46,16
the young girls had indeed made themselves small indeed invisible,the young girls had indeed made themselves small indeed invisible,0.0,0.0,5.285,10
she was here just now said the count,she was here just now said the count,0.0,0.0,2.76,8
you are positive then,you are positive then,0.0,0.0,1.92,4
yes but perhaps i frightened her in what way,yes but perhaps i frightened her in what way,0.0,0.0,4.745,9
how is it la valliere said mademoiselle de tonnay charente that the vicomte de bragelonne spoke of you as louise,how is it lavalier said mademoiselle de ténécharante that the vicomte de bragolon spoke of you as louise,0.25,0.1071,8.865,20
it seems the king will not consent to it,it seems the king will not consent to it,0.0,0.0,2.965,9
good gracious has the king any right to interfere in matters of that kind,good gracious has the king any right to interfere in matters of that kind,0.0,0.0,4.415,14
i give my consent,i give my consent,0.0,0.0,2.44,4
oh i am speaking seriously replied montalais and my opinion in this case is quite as good as the kings i suppose is it not louise,oh i am speaking seriously replied montalay and my opinion in this case is quite as good as the kings i suppose is it not louise,0.0385,0.0155,8.825,26
let us run then said all three and gracefully lifting up the long skirts of their silk dresses they lightly ran across the open space between the lake and the thickest covert of the park,let us run then said all three and gracefully lifting up the long skirts of their silk dresses they lightly ran across the open space between the lake and the thickest covert of the park,0.0,0.0,11.26,35
in fact the sound of madames and the queens carriages could be heard in the distance upon the hard dry ground of the roads followed by the mounted cavaliers,in fact the sound of madames and the queens carriages could be heard in the distance upon the hard dry ground of the roads followed by the mountain cavaliers,0.0345,0.0192,10.07,29
in this way the fete of the whole court was a fete also for the mysterious inhabitants of the forest for certainly the deer in the brake the pheasant on the branch the fox in its hole were all listening,in this way the fete of the whole court was a fet also for the mysterious inhabitants of the forest for certainly the deer in the brake the pheasant on the branch the fox in its hole were all listening,0.025,0.005,13.79,40
at the conclusion of the banquet which was served at five oclock the king entered his cabinet where his tailors were awaiting him for the purpose of trying on the celebrated costume representing spring which was the result of so much imagination and had cost so many efforts of thought to the designers and ornament workers of the court,at the conclusion of the banquet which was served at five oclock the king entered his cabinet where his tailors were awaiting him for the purpose of trying on the celebrated costume representing spring which was the result of so much imagination and had cost so many efforts of thought to the designers and ornament workers of the court,0.0,0.0,19.475,59
ah very well,ah very well,0.0,0.0,2.17,3
let him come in then said the king and as if colbert had been listening at the door for the purpose of keeping himself au courant with the conversation he entered as soon as the king had pronounced his name to the two courtiers,let him come in then said the king and as if colbert had been listening at the door for the purpose of keeping himself accurrent with the conversation he entered as soon as the king had pronounced his name to the two courtiers,0.0455,0.022,13.19,44
gentlemen to your posts whereupon saint aignan and villeroy took their leave,gentlemen do your posts whereupon saint aignon and villeroy took their leave,0.1667,0.0263,4.81,12
certainly sire but i must have money to do that what,certainly sire but i must have money to do that what,0.0,0.0,4.49,11
what do you mean inquired louis,what do you mean inquired louis,0.0,0.0,2.67,6
he has given them with too much grace not to have others still to give if they are required which is the case at the present moment,he has given them with too much grace not to have others still to give if they are required which is the case at the present moment,0.0,0.0,7.98,27
it is necessary therefore that he should comply the king frowned,it is necessary therefore that he should comply the king frowned,0.0,0.0,4.755,11
does your majesty then no longer believe the disloyal attempt,does your majesty then no longer believe the disloyal attempt,0.0,0.0,4.46,10
not at all you are on the contrary most agreeable to me,not at all you are on the contrary most agreeable to me,0.0,0.0,4.72,12
your majestys plan then in this affair is,your majestys plan then in this affair is,0.0,0.0,3.6,8
you will take them from my private treasure,you will take them from my private treasure,0.0,0.0,3.17,8
the news circulated with the rapidity of lightning during its progress it kindled every variety of coquetry desire and wild ambition,the news circulated with the rapidity of lightning during its progress it kindled every variety of coquetry desire and wild ambition,0.0,0.0,9.87,21
the king had completed his toilette by nine oclock he appeared in an open carriage decorated with branches of trees and flowers,the king had completed his toilet by nine oclock he appeared in an open carriage decorated with branches of trees and flowers,0.0455,0.0157,8.58,22
the queens had taken their seats upon a magnificent dias or platform erected upon the borders of the lake in a theater of wonderful elegance of construction,the queens had taken their seats upon a magnificent dais or platform erected upon the borders of the lake in a theatre of wonderful elegance of construction,0.0741,0.0256,10.175,27
suddenly for the purpose of restoring peace and order spring accompanied by his whole court made his appearance,suddenly for the purpose of restoring peace and order spring accompanied by his whole court made his appearance,0.0,0.0,7.515,18
the seasons allies of spring followed him closely to form a quadrille which after many words of more or less flattering import was the commencement of the dance,the seasons allies of spring followed him closely to form a quadrille which after many words of more or less flattering import was the commencement of the dance,0.0,0.0,11.21,28
his legs the best shaped at court were displayed to great advantage in flesh colored silken hose of silk so fine and so transparent that it seemed almost like flesh itself,his legs the best shaped at court were displayed to great advantage in flesh coloured silken hose of silk so fine and so transparent that it seemed almost like flesh itself,0.0323,0.0058,12.33,31
there was something in his carriage which resembled the buoyant movements of an immortal and he did not dance so much as seem to soar along,there was something in his carriage which resembled the buoyant movements of an immortal and he did not dance so much as seemed to soar along,0.0385,0.0144,9.14,26
yes it is suppressed,yes it is suppressed,0.0,0.0,2.635,4
far from it sire your majesty having given no directions about it the musicians have retained it,far from it sire your majesty having given no directions about it the musicians have retained it,0.0,0.0,6.52,17
yes sire and ready dressed for the ballet,yes sire and ready dressed for the ballet,0.0,0.0,3.355,8
sire he said your majestys most devoted servant approaches to perform a service on this occasion with similar zeal that he has already shown on the field of battle,sire he said your majestys most devoted servant approaches to perform a service on this occasion with similar zeal that he has already shown on the field of battle,0.0,0.0,10.94,29
the king seemed only pleased with every one present,the king seemed only pleased with every one present,0.0,0.0,3.745,9
monsieur was the only one who did not understand anything about the matter,monsieur was the only one who did not understand anything about the matter,0.0,0.0,5.09,13
the ballet began the effect was more than beautiful,the ballet began the effect was more than beautiful,0.0,0.0,3.96,9
when the music by its bursts of melody carried away these illustrious dancers when the simple untutored pantomime of that period only the more natural on account of the very indifferent acting of the august actors had reached its culminating point of triumph the theater shook with tumultuous applause,when the music by its bursts of melody carried away these illustrious dancers when the simple untutored pantomime of that period only the more natural on account of the very indifferent acting of the august actors had reached its culminating point of triumph the theatre shook with tumultuous applause,0.0204,0.0066,20.15,49
disdainful of a success of which madame showed no acknowledgement he thought of nothing but boldly regaining the marked preference of the princess,disdainful of a success of which madame showed no acknowledgment he thought of nothing but boldly regaining the marked preference of the princess,0.0435,0.0068,9.675,23
by degrees all his happiness all his brilliancy subsided into regret and uneasiness so that his limbs lost their power his arms hung heavily by his sides and his head drooped as though he was stupefied,by degrees all his happiness all his brilliancy subsided into regret and uneasiness so that his limbs lost their power his arms hung heavily by his sides and his head drooped as though he was stupefied,0.0,0.0,16.075,36
the king who had from this moment become in reality the principal dancer in the quadrille cast a look upon his vanquished rival,the king who had from this moment become in reality the principal dancer in the quadrille cast a look upon his vanquished rival,0.0,0.0,9.285,23
he passes abruptly from persons to ideas and numbers and from ideas and numbers to persons from the heavens to man from astronomy to physiology he confuses or rather does not distinguish subject and object first and final causes and is dreaming of geometrical figures lost in a flux of sense,he passes abruptly from persons to ideas and numbers and from ideas and numbers to persons from the heavens to man from astronomy to physiology he confuses or rather does not distinguish subject and object first and final causes and is dreaming of geometrical figures lost in a flux of sense,0.0,0.0,27.18,51
the influence with the timaeus has exercised upon posterity is due partly to a misunderstanding,the influence which the timaeus has exercised upon posterity is due partly to a misunderstanding,0.0667,0.0211,8.25,15
in the supposed depths of this dialogue the neo platonists found hidden meanings and connections with the jewish and christian scriptures and out of them they elicited doctrines quite at variance with the spirit of plato,in the supposed depths of this dialogue the neoplatonists found hidden meanings and connections with the jewish and christian scriptures and out of them they elicited doctrines quite at variance with the spirit of plato,0.0556,0.0045,15.35,36
they were absorbed in his theology and were under the dominion of his name while that which was truly great and truly characteristic in him his effort to realize and connect abstractions was not understood by them at all,they were absorbed in his theology and were under the dominion of his name while that which was truly great and truly characteristic in him his effort to realise and connect abstractions was not understood by them at all,0.0256,0.0045,17.315,39
there is no danger of the modern commentators on the timaeus falling into the absurdities of the neo platonists,there is no danger of the modern commentators on the timaeus falling into the absurdities of the neoplatonists,0.1053,0.009,8.22,19
in the present day we are well aware that an ancient philosopher is to be interpreted from himself and by the contemporary history of thought,in the present day we are well aware that an ancient philosopher is to be interpreted from himself and by the contemporary history of thought,0.0,0.0,10.355,25
the fancies of the neo platonists are only interesting to us because they exhibit a phase of the human mind which prevailed widely in the first centuries of the christian era and is not wholly extinct in our own day,the fancies of the neoplatonists are only interesting to us because they exhibit a phase of the human mind which prevailed widely in the first centuries of the christian era and is not wholly extinct in our own day,0.05,0.0047,15.725,40
but they have nothing to do with the interpretation of plato and in spirit they are opposed to him,but they have nothing to do with the interpretation of plato and in spirit they are opposed to him,0.0,0.0,7.64,19
we do not know how plato would have arranged his own dialogues or whether the thought of arranging any of them besides the two trilogies which he has expressly connected was ever present to his mind,we do not know how plato would have arranged his own dialogues or whether the thought of arranging any of them besides the two trilogies which he has expressly connected was ever present to his mind,0.0,0.0,15.455,36
the dialogue is primarily concerned with the animal creation including under this term the heavenly bodies and with man only as one among the animals,the dialogue is primarily concerned with the animal creation including under this term the heavenly bodies and with man only as one among the animals,0.0,0.0,11.86,25
but he has not as yet defined this intermediate territory which lies somewhere between medicine and mathematics and he would have felt that there was as great an impiety in ranking theories of physics first in the order of knowledge as in placing the body before the soul,but he has not as yet defined this intermediate territory which lies somewhere between medicine and mathematics and he would have felt that there was as great an impiety in ranking theories of physics first in the order of knowledge as in placing the body before the soul,0.0,0.0,20.46,48
with heracleitus he acknowledges the perpetual flux like anaxagoras he asserts the predominance of mind although admitting an element of necessity which reason is incapable of subduing like the pythagoreans he supposes the mystery of the world to be contained in number,with heraclitus he acknowledges the perpetual flux like anaxagoras he asserts the predominance of mind although admitting an element of necessity which reason is incapable of subduing like the pythagoreans he supposes the mystery of the world to be contained in number,0.0238,0.0037,20.875,42
many if not all the elements of the pre socratic philosophy are included in the timaeus,many if not all the elements of the pre socratic philosophy are included in the timaeus,0.0,0.0,6.89,16
it is probable that the relation of the ideas to god or of god to the world was differently conceived by him at different times of his life,it is probable that the relation of the ideas to god or of god to the world was differently conceived by him at different times of his life,0.0,0.0,10.575,28
the ideas also remain but they have become types in nature forms of men animals birds fishes,the ideas also remain but they have become types in nature forms of men animals birds fishes,0.0,0.0,8.775,17
the style and plan of the timaeus differ greatly from that of any other of the platonic dialogues,the style and plan of the timaeus differ greatly from that of any other of the platonic dialogues,0.0,0.0,7.83,18
but plato has not the same mastery over his instrument which he exhibits in the phaedrus or symposium,but plato has not the same mastery over his instrument which he exhibits in the phaedrus or symposium,0.0,0.0,7.76,18
nothing can exceed the beauty or art of the introduction in which he is using words after his accustomed manner,nothing can exceed the beauty or art of the introduction in which he is using words after his accustomed manner,0.0,0.0,7.87,20
but in the rest of the work the power of language seems to fail him and the dramatic form is wholly given up,but in the rest of the work the power of language seems to fail him and the dramatic form is wholly given up,0.0,0.0,8.38,23
he could write in one style but not in another and the greek language had not as yet been fashioned by any poet or philosopher to describe physical phenomena,he could write in one style but not in another and the greek language had not as yet been fashioned by any poet or philosopher to describe physical phenomena,0.0,0.0,12.13,29
and hence we find the same sort of clumsiness in the timaeus of plato which characterizes the philosophical poem of lucretius,and hence we find the same sort of clumsiness in the timaeus of plato which characterises the philosophical poem of lucretius,0.0476,0.008,9.88,21
there is a want of flow and often a defect of rhythm the meaning is sometimes obscure and there is a greater use of apposition and more of repetition than occurs in platos earlier writings,there is a want of flow and often a defect of rhythm the meaning is sometimes obscure and there is a greater use of opposition and more of repetition than occurs in platos earlier writings,0.0286,0.0053,15.785,35
plato had not the command of his materials which would have enabled him to produce a perfect work of art,plato had not the command of his materials which would have enabled him to produce a perfect work of art,0.0,0.0,7.425,20
socrates begins the timaeus with a summary of the republic,socrates begins the timaeus with a summary of the republic,0.0,0.0,4.665,10
and now he desires to see the ideal state set in motion he would like to know how she behaved in some great struggle,and now he desires to see the ideal state set in motion he would like to know how she behaved in some great struggle,0.0,0.0,9.185,24
and therefore to you i turn timaeus citizen of locris who are at once a philosopher and a statesman and to you critias whom all athenians know to be similarly accomplished and to hermocrates who is also fitted by nature and education to share in our discourse,and therefore to you i turn timaeus citizen of locris who are at once a philosopher and a statesman and to you critias whom all athenians know to be similarly accomplished and to hermocrates who is also fitted by nature and education to share in our discourse,0.0,0.0,19.99,47
i will if timaeus approves i approve,i will if timaeus approves i approve,0.0,0.0,4.73,7
listen then socrates to a tale of solons who being the friend of dropidas my great grandfather told it to my grandfather critias and he told me,listen then socrates to a tale of solens who being the friend of dropidas my great grandfather told it to my grandfather critias and he told me,0.037,0.007,11.48,27
some poems of solon were recited by the boys,some poems of solon were recited by the boys,0.0,0.0,3.775,9
and what was the subject of the poem said the person who made the remark,and what was the subject of the poem said the person who made the remark,0.0,0.0,4.6,15
the subject was a very noble one he described the most famous action in which the athenian people were ever engaged,the subject was a very noble one he described the most famous action in which the athenian people were ever engaged,0.0,0.0,8.505,21
but the memory of their exploits has passed away owing to the lapse of time and the extinction of the actors,but the memory of their exploits had passed away owing to the lapse of time and the extinction of the actors,0.0476,0.0093,7.155,21
tell us said the other the whole story and where solon heard the story,tell us said the other the whole story and where solon heard the story,0.0,0.0,5.705,14
but in egypt the traditions of our own and other lands are by us registered for ever in our temples,but in egypt the traditions of our own and other lands are by us registered for ever in our temples,0.0,0.0,7.83,20
the genealogies which you have recited to us out of your own annals solon are a mere childrens story,the genealogies which you have recited to us out of your own annals solon are a mere childrens story,0.0,0.0,7.815,19
for in the times before the great flood athens was the greatest and best of cities and did the noblest deeds and had the best constitution of any under the face of heaven,for in the times before the great flood athens was the greatest and best of cities and did the noblest deeds and had the best constitution of any under the face of heaven,0.0,0.0,13.015,33
solon marvelled and desired to be informed of the particulars,sulon marvelled and desired to be informed of the particulars,0.1,0.0164,5.12,10
nine thousand years have elapsed since she founded yours and eight thousand since she founded ours as our annals record,nine thousand years have elapsed since she founded yours and eight thousand since she founded ours as our annals record,0.0,0.0,9.565,20
many laws exist among us which are the counterpart of yours as they were in the olden time,many laws exist among us which are the counterpart of yours as they were in the olden time,0.0,0.0,6.815,18
i will briefly describe them to you and you shall read the account of them at your leisure in the sacred registers,i will briefly describe them to you and you shall read the account of them at your leisure in the sacred registers,0.0,0.0,7.815,22
observe again what care the law took in the pursuit of wisdom searching out the deep things of the world and applying them to the use of man,observe again what care the law took in the pursuit of wisdom searching out the deep things of the world and applying them to the use of men,0.0357,0.0071,9.73,28
the most famous of them all was the overthrow of the island of atlantis,the most famous of them all was the overthrow of the island of atlantis,0.0,0.0,5.29,14
for at the peril of her own existence and when the other hellenes had deserted her she repelled the invader and of her own accord gave liberty to all the nations within the pillars,for at the peril of her own existence and when the other hellenes had deserted her she repelled the invader and of her own accord gave liberty to all the nations within the pillars,0.0,0.0,12.255,34
this is the explanation of the shallows which are found in that part of the atlantic ocean,this is the explanation of the shallows which are found in that part of the atlantic ocean,0.0,0.0,6.125,17
but i would not speak at the time because i wanted to refresh my memory,but i would not speak at the time because i wanted to refresh my memory,0.0,0.0,4.94,15
then now let me explain to you the order of our entertainment first timaeus who is a natural philosopher will speak of the origin of the world going down to the creation of man and then i shall receive the men whom he has created and some of whom will have been educated by you and introduce them to you as the lost athenian citizens of whom the egyptian record spoke,then now let me explain to you the order of our entertainment first timaeus who is a natural philosopher will speak of the origin of the world going down to the creation of men and then i shall receive the men whom he has created and some of whom will have been educated by you and introduce them to you as the lost athenian citizens of whom the egyptian records spoke,0.0282,0.0054,25.985,71
this was what did the mischief so far as the running away was concerned,this was what did the mischief so far as the running away was concerned,0.0,0.0,4.73,14
it is hardly necessary to say more of them here,it is hardly necessary to say more of them here,0.0,0.0,3.545,10
from the manner in which he expressed himself with regard to robert hollan no man in the whole range of his recollections will be longer remembered than he his enthralment while under hollan will hardly ever be forgotten,from the manner in which he expressed himself with regard to robert holland no man in the whole range of his recollections will be longer remembered than he his enthrallment while under holland will hardly ever be forgotten,0.0789,0.0136,12.92,38
of this party edward a boy of seventeen called forth much sympathy he too was claimed by hollan,of this party edward a boy of seventeen called forth much sympathy he too was claimed by holland,0.0556,0.0105,7.905,18
john wesley combash jacob taylor and thomas edward skinner,john wesley combash jacob taylor and thomas edward skinner,0.0,0.0,6.1,9
a few years back one of their slaves a coachman was kept on the coach box one cold night when they were out at a ball until he became almost frozen to death in fact he did die in the infirmary from the effects of the frost about one week afterwards,a few years back one of their slaves a coachman was kept on the coach box one cold night when they were out at a ball until he became almost frozen to death in fact he did die in the infirmary from the effects of the frost about one week afterwards,0.0,0.0,15.975,51
the doctor who attended the injured creature in this case was simply told that she slipped and fell down stairs as she was coming down,the doctor who attended the injured creature in this case was simply told that she slipped and fell down the stairs as she was coming down,0.04,0.0299,7.71,25
another case said john wesley was a little girl half grown who was washing windows up stairs one day and unluckily fell asleep in the window and in this position was found by her mistress in a rage the mistress hit her a heavy slap knocked her out of the window and she fell to the pavement and died in a few hours from the effects thereof,another case said john wesley was a little girl half grown who was washing windows upstairs one day and unluckily fell asleep in the window and in this position was found by her mistress in a rage the mistress hit her a heavy slap knocked her out of the window and she fell to the pavement and died in a few hours from the effects thereof,0.0299,0.0029,21.5,67
as usual nothing was done in the way of punishment,as usual nothing was done in the way of punishment,0.0,0.0,3.325,10
i never knew of but one man who could ever please him,i never knew of but one man who could ever please him,0.0,0.0,3.71,12
he worked me very hard he wanted to be beating me all the time,he worked me very hard he wanted to be beating me all the time,0.0,0.0,4.325,14
she was a large homely woman they were common white people with no reputation in the community,she was a large homely woman they were common white people with no reputation in the community,0.0,0.0,6.38,17
substantially this was jacobs unvarnished description of his master and mistress,substantially this was jacobs unvarnished description of his master and mistress,0.0,0.0,5.425,11
as to his age and also the name of his master jacobs statement varied somewhat from the advertisement,as to his age and also the name of his master jacobs statement varied somewhat from the advertisement,0.0,0.0,6.665,18
of starting i didnt know the way to come,of starting i didnt know the way to come,0.0,0.0,3.02,9
its almost beyond conjecture,its almost beyond conjecture,0.0,0.0,2.695,4
this reality begins to explain the dark power and otherworldly fascination of twenty thousand leagues under the seas,this reality begins to explain the dark power and otherworldly fascination of twenty thousand leagues under the seas,0.0,0.0,7.805,18
first as a paris stockbroker later as a celebrated author and yachtsman he went on frequent voyages to britain america the mediterranean,first as a paris stockbroker later as a celebrated author and yachtsman he went on frequent voyages to britain america the mediterranean,0.0,0.0,10.56,22
nemo builds a fabulous futuristic submarine the nautilus then conducts an underwater campaign of vengeance against his imperialist oppressor,nemo builds a fabulous futuristic submarine the nautilus then conducts an underwater campaign of vengeance against his imperialist oppressor,0.0,0.0,9.935,19
in all the novel had a difficult gestation,in all the novel had a difficult gestation,0.0,0.0,3.68,8
other subtleties occur inside each episode the textures sparkling with wit information and insight,other subtleties occur inside each episode the textures sparkling with wit information and insight,0.0,0.0,7.7,14
his specifications for an open sea submarine and a self contained diving suit were decades before their time yet modern technology bears them out triumphantly,his specifications for an open sea submarine and a self containing diving suit were decades before their time yet modern technology bears them out triumphantly,0.04,0.019,11.135,25
even the supporting cast is shrewdly drawn professor aronnax the career scientist caught in an ethical conflict conseil the compulsive classifier who supplies humorous tag lines for vernes fast facts the harpooner ned land a creature of constant appetites man as heroic animal,even the supporting cast is shrewdly drawn professor aranax the career scientist caught in an ethical conflict conseil the compulsive classifier who supplies humorous taglines for vernes fast facts the harpooner ned land a creature of constant appetites man as heroic animal,0.0698,0.0109,21.05,43
but much of the novels brooding power comes from captain nemo,but much of the novels brooding power comes from captain nemo,0.0,0.0,3.98,11
this compulsion leads nemo into ugly contradictions hes a fighter for freedom yet all who board his ship are imprisoned there for good he works to save lives both human and animal yet he himself creates a holocaust he detests imperialism yet he lays personal claim to the south pole,this compulsion leads nemo into ugly contradictions he is a fighter for freedom yet all who board his ship are imprisoned there for good he works to save lives both human and animal yet he himself creates a holocaust he detests imperialism yet he lays personal claim to the south pole,0.04,0.0071,20.005,50
and in this last action he falls into the classic sin of pride,and in this last action he falls into the classic sin of pride,0.0,0.0,4.58,13
hes swiftly punished,he is swiftly punished,0.6667,0.1,2.18,3
the nautilus nearly perishes in the antarctic and nemo sinks into a growing depression,the nautilus nearly perishes in the antarctic and nemo sinks into a growing depression,0.0,0.0,5.965,14
for many then this book has been a source of fascination surely one of the most influential novels ever written an inspiration for such scientists and discoverers as engineer simon lake oceanographer william beebe polar traveler sir ernest shackleton,for many then this book has been a source of fascination surely one of the most influential novels ever written an inspiration for such scientists and discoverers as engineer simon lake oceanographer william bb polar traveller sir ernest shackleton,0.0513,0.016,17.64,39
fathom six feet,fathom six feet,0.0,0.0,2.415,3
gram roughly one twenty eighth of an ounce,graham roughly one twenty eighth of an ounce,0.125,0.0476,3.25,8
milligram roughly one twenty eight thousand of an ounce,milligram roughly one twenty eight thousandth of an ounce,0.1111,0.0364,4.475,9
liter roughly one quart,liter roughly one quart,0.0,0.0,2.35,4
meter roughly one yard three inches,meter roughly one yard three inches,0.0,0.0,2.935,6
millimeter roughly one twenty fifth of an inch,millimeter roughly one twenty fifth of an inch,0.0,0.0,3.39,8
chapter three as master wishes,chapter three as master wishes,0.0,0.0,3.615,5
three seconds before the arrival of j b hobsons letter i no more dreamed of chasing the unicorn than of trying for the northwest passage,three seconds before the arrival of j b hobsons letter i no more dreamed of chasing the unicorn than of trying for the north west passage,0.08,0.0074,9.19,25
even so i had just returned from an arduous journey exhausted and badly needing a rest,even so i had just returned from an arduous journey exhausted and badly needing a rest,0.0,0.0,6.19,16
i wanted nothing more than to see my country again my friends my modest quarters by the botanical gardens my dearly beloved collections,i wanted nothing more than to see my country again my friends my modest quarters by the botanical gardens my dearly beloved collections,0.0,0.0,9.34,23
but now nothing could hold me back,but now nothing could hold me back,0.0,0.0,2.34,7
conseil was my manservant,consey was my mans servant,0.75,0.16,2.44,4
from rubbing shoulders with scientists in our little universe by the botanical gardens the boy had come to know a thing or two,from rubbing shoulders with scientists in our little universe by the botanical gardens the boy had come to know a thing or two,0.0,0.0,7.32,23
classifying was everything to him so he knew nothing else well versed in the theory of classification he was poorly versed in its practical application and i doubt that he could tell a sperm whale from a baleen whale,classifying was everything to him so he knew nothing else well versed in the theory of classification he was poorly versed in its practical application and i doubt that he could tell a sperm whale from a baleen whale,0.0,0.0,12.96,39
and yet what a fine gallant lad,and yet what a fine gallant lad,0.0,0.0,2.65,7
not once did he comment on the length or the hardships of a journey,not once did he comment on the length or the hardships of the journey,0.0714,0.0448,4.17,14
never did he object to buckling up his suitcase for any country whatever china or the congo no matter how far off it was,never did he object to buckling up his suitcase for any country whatever china or the congo no matter how far off it was,0.0,0.0,8.34,24
he went here there and everywhere in perfect contentment,he went here there and everywhere in perfect contentment,0.0,0.0,3.91,9
please forgive me for this underhanded way of admitting i had turned forty,please forgive me for this underhanded way of admitting that i had turned forty,0.0769,0.0676,4.905,13
he was a fanatic on formality and he only addressed me in the third person to the point where it got tiresome,he was a fanatic on formality and he only addressed me in the third person to the point where it got tiresome,0.0,0.0,7.2,22
there was good reason to stop and think even for the worlds most emotionless man,there was good reason to stop and think even for the worlds most emotionless man,0.0,0.0,5.725,15
conseil i called a third time conseil appeared,conseil i called a third time conseil appeared,0.0,0.0,4.88,8
did master summon me he said entering,did master summon me he said entering,0.0,0.0,3.295,7
pack as much into my trunk as you can my traveling kit my suits shirts and socks dont bother counting just squeeze it all in and hurry,pack as much into my trunk as you can my travelling kit my suits shirts and socks dont bother counting just squeeze it all in and hurry,0.037,0.0075,9.3,27
well deal with them later what,well deal with them later what,0.0,0.0,2.945,6
anyhow well leave instructions to ship the whole menagerie to france,anyhow well leave instructions to ship the whole menagerie to france,0.0,0.0,4.53,11
yes we are certainly i replied evasively but after we make a detour,yes we are certainly i replied evasively but after we make a detour,0.0,0.0,5.915,13
a route slightly less direct thats all,a route slightly less direct thats all,0.0,0.0,2.735,7
were leaving on the abraham lincoln,were leaving on the abraham lincoln,0.0,0.0,2.355,6
you see my friend its an issue of the monster the notorious narwhale,you see my friend its an issue of the monster the notorious narwhal,0.0769,0.0147,4.745,13
we dont know where it will take us,we dont know where it will take us,0.0,0.0,1.975,8
but were going just the same,but were going just the same said,0.1667,0.1786,1.99,6
we have a commander whos game for anything,we have a commander whos game for anything,0.0,0.0,2.745,8
i left instructions for shipping my containers of stuffed animals and dried plants to paris france,i left instructions for shipping my containers of stuffed animals and dried plants to paris france,0.0,0.0,5.98,16
i opened a line of credit sufficient to cover the babirusa and conseil at my heels i jumped into a carriage,i opened a line of credit sufficient to cover the barbarossa and conseil at my heels i jumped into a carriage,0.0476,0.0374,7.915,21
our baggage was immediately carried to the deck of the frigate i rushed aboard,our baggage was immediately carried to the deck of the frigate i rushed aboard,0.0,0.0,5.285,14
i asked for commander farragut,i asked for commander farragut,0.0,0.0,2.695,5
one of the sailors led me to the afterdeck where i stood in the presence of a smart looking officer who extended his hand to me,one of the sailors led me to the after deck where i stood in the presence of a smart looking officer who extended his hand to me,0.0769,0.0079,7.765,26
in person welcome aboard professor your cabin is waiting for you,in person welcome aboard professor your cabin is waiting for you,0.0,0.0,4.395,11
i was well satisfied with my cabin which was located in the stern and opened into the officers mess,i was well satisfied with my cabin which was located in the stern and opened into the officers mess,0.0,0.0,6.365,19
well be quite comfortable here i told conseil,well be quite comfortable here i told conseil,0.0,0.0,3.505,8
and so if id been delayed by a quarter of an hour or even less the frigate would have gone without me and i would have missed out on this unearthly extraordinary and inconceivable expedition whose true story might well meet with some skepticism,and so if i had been delayed by a quarter of an hour or even less the frigate would have gone without me and i would have missed out on this unearthly extraordinary and inconceivable expedition whose true story might well meet with some scepticism,0.0682,0.0164,14.955,44
the wharves of brooklyn and every part of new york bordering the east river were crowded with curiosity seekers,the wharves of brooklyn and every part of new york bordering the east river were crowded with curiosity seekers,0.0,0.0,6.985,19
departing from five hundred thousand throats three cheers burst forth in succession,departing from five hundred thousand throats three cheers burst forth in succession,0.0,0.0,5.37,12
thousands of handkerchiefs were waving above these tightly packed masses hailing the abraham lincoln until it reached the waters of the hudson river at the tip of the long peninsula that forms new york city,thousands of handkerchiefs were waving above these tightly packed masses hailing the abraham lincoln until it reached the waters of the hudson river at the tip of the long peninsula that forms new york city,0.0,0.0,13.14,35
the analysis of knowledge will occupy us until the end of the thirteenth lecture and is the most difficult part of our whole enterprise,the analysis of knowledge will occupy us until the end of the thirteenth lecture and is the most difficult part of our whole enterprise,0.0,0.0,8.805,24
what is called perception differs from sensation by the fact that the sensational ingredients bring up habitual associates images and expectations of their usual correlates all of which are subjectively indistinguishable from the sensation,what is called perception differs from sensation by the fact that the sensational ingredients bring up habitual associates images and expectations of their usual correlates all of which are subjectively indistinguishable from the sensation,0.0,0.0,17.38,34
whether or not this principle is liable to exceptions everyone would agree that is has a broad measure of truth though the word exactly might seem an overstatement and it might seem more correct to say that ideas approximately represent impressions,whether or not this principle is liable to exceptions every one would agree that it has a broad measure of truth though the word exactly might seem an overstatement and it might seem more correct to say that ideas approximately represent impressions,0.0732,0.0081,16.475,41
and what sort of evidence is logically possible,and what sort of evidence is logically possible,0.0,0.0,3.195,8
there is no logical impossibility in the hypothesis that the world sprang into being five minutes ago exactly as it then was with a population that remembered a wholly unreal past,there is no logical impossibility in the hypothesis that the world sprang into being five minutes ago exactly as it then was with a population that remembered a wholly unreal past,0.0,0.0,14.06,31
all that i am doing is to use its logical tenability as a help in the analysis of what occurs when we remember,all that i am doing is to use its logical tunability as a help in the analysis of what occurs when we remember,0.0435,0.0091,7.72,23
the behaviourist who attempts to make psychology a record of behaviour has to trust his memory in making the record,the behaviorist who attempts to make psychology a record of behavior has to trust his memory in making the record,0.1,0.0174,7.51,20
habit is a concept involving the occurrence of similar events at different times if the behaviourist feels confident that there is such a phenomenon as habit that can only be because he trusts his memory when it assures him that there have been other times,habit is a concept involving the occurrence of similar events at different times if the behaviorist feels confident that there is such a phenomenon as habit that can only be because he trusts his memory when it assures him that there have been other times,0.0222,0.0039,15.905,45
but i do not think such an inference is warranted,but i do not think such an inference is warranted,0.0,0.0,3.62,10
our confidence or lack of confidence in the accuracy of a memory image must in fundamental cases be based upon a characteristic of the image itself since we cannot evoke the past bodily and compare it with the present image,our confidence or lack of confidence in the accuracy of a memory image must in fundamental cases be based upon a characteristic of the image itself since we cannot evoke the past bodily and compare it with the present image,0.0,0.0,16.91,40
we sometimes have images that are by no means peculiarly vague which yet we do not trust for example under the influence of fatigue we may see a friends face vividly and clearly but horribly distorted,we sometimes have images that are by no means peculiarly vague which yet we do not trust for example under the influence of fatigue we may see a friends face vividly and clearly but horribly distorted,0.0,0.0,15.19,36
some images like some sensations feel very familiar while others feel strange,some images like some sensations feel very familiar while others feel strange,0.0,0.0,6.25,12
familiarity is a feeling capable of degrees,familiarity is a feeling capable of degrees,0.0,0.0,3.64,7
in an image of a well known face for example some parts may feel more familiar than others when this happens we have more belief in the accuracy of the familiar parts than in that of the unfamiliar parts,in an image of a well known face for example some parts may feel more familiar than others when this happens we have more belief in the accuracy of the familiar parts than in that of the unfamiliar parts,0.0,0.0,14.56,39
i come now to the other characteristic which memory images must have in order to account for our knowledge of the past,i come now to the other characteristic which memory images must have in order to account for our knowledge of the past,0.0,0.0,7.94,22
they must have some characteristic which makes us regard them as referring to more or less remote portions of the past,they must have some characteristic which makes us regard them as referring to more or less remote portions of the past,0.0,0.0,8.05,21
in actual fact there are doubtless various factors that concur in giving us the feeling of greater or less remoteness in some remembered event,in actual fact there are doubtless various factors that concur in giving us the feeling of greater or less remoteness in some remembered event,0.0,0.0,10.6,24
there may be a specific feeling which could be called the feeling of pastness especially where immediate memory is concerned,there may be a specific feeling which could be called the feeling of pastness especially where immediate memory is concerned,0.0,0.0,7.93,20
there is of course a difference between knowing the temporal relation of a remembered event to the present and knowing the time order of two remembered events,there is of course a difference between knowing the temporal relation of a remembered event to the present and knowing the time order of two remembered events,0.0,0.0,11.845,27
it would seem that only rather recent events can be placed at all accurately by means of feelings giving their temporal relation to the present but it is clear that such feelings must play an essential part in the process of dating remembered events,it would seem that only rather recent events can be placed at all accurately by means of feelings giving their temporal relation to the present but it is clear that such feelings must play an essential part in the process of dating remembered events,0.0,0.0,18.145,44
if we had retained the subject or act in knowledge the whole problem of memory would have been comparatively simple,if we had retained the subject or act in knowledge the whole problem of memory would have been comparatively simple,0.0,0.0,7.835,20
remembering has to be a present occurrence in some way resembling or related to what is remembered,remembering has to be a present occurrence in some way resembling or related to what is remembered,0.0,0.0,6.56,17
some points may be taken as fixed and such as any theory of memory must arrive at,some points may be taken as fixed and such as any theory of memory must arrive at,0.0,0.0,6.44,17
in this case as in most others what may be taken as certain in advance is rather vague,in this case as in most others what may be taken as certain in advance is rather vague,0.0,0.0,6.265,18
the first of our vague but indubitable data is that there is knowledge of the past,the first of our vague but indubitable data is that there is knowledge of the past,0.0,0.0,6.34,16
we might provisionally though perhaps not quite correctly define memory as that way of knowing about the past which has no analogue in our knowledge of the future such a definition would at least serve to mark the problem with which we are concerned though some expectations may deserve to rank with memory as regards immediacy,we might provisionally though perhaps not quite correctly define memory as that way of knowing about the past which has no analogue in our knowledge of the future such a definition would at least serve to mark the problem with which we are concerned though some expectations may deserve to rank with memory as regards immediacy,0.0,0.0,21.78,56
this distinction is vital to the understanding of memory but it is not so easy to carry out in practice as it is to draw in theory,this distinction is vital to the understanding of memory but it is not so easy to carry out in practice as it is to draw in theory,0.0,0.0,9.3,27
a gramophone by the help of suitable records might relate to us the incidents of its past and people are not so different from gramophones as they like to believe,a gramophone by the help of suitable records might relate to us the incidents of its past and people are not so different from gramophones as they like to believe,0.0,0.0,11.135,30
i can set to work now to remember things i never remembered before such as what i had to eat for breakfast this morning and it can hardly be wholly habit that enables me to do this,i can set to work now to remember things i never remembered before such as what i had to eat for breakfast this morning and it can hardly be holy habit that enables me to do this,0.027,0.0111,11.56,37
the fact that a man can recite a poem does not show that he remembers any previous occasion on which he has recited or read it,the fact that a man can recite a poem does not show that he remembers any previous occasion on which he has recited or read it,0.0,0.0,8.54,26
semons two books mentioned in an earlier lecture do not touch knowledge memory at all closely,simmons two books mentioned in an earlier lecture do not touch knowledge memory at all closely,0.0625,0.0215,7.28,16
they give laws according to which images of past occurrences come into our minds but do not discuss our belief that these images refer to past occurrences which is what constitutes knowledge memory,they give laws according to which images of past occurrences come into our minds but do not discuss our belief that these images refer to past occurrences which is what constitutes knowledge memory,0.0,0.0,12.665,33
it is this that is of interest to theory of knowledge,it is this that is of interest to theory of knowledge,0.0,0.0,3.88,11
it is by no means always reliable almost everybody has at some time experienced the well known illusion that all that is happening now happened before at some time,it is by no means always reliable almost everybody has at some time experienced the well known illusion that all that is happening now happened before at some time,0.0,0.0,11.69,29
whenever the sense of familiarity occurs without a definite object it leads us to search the environment until we are satisfied that we have found the appropriate object which leads us to the judgment this is familiar,whenever the sense of familiarity occurs without a definite object it leads us to search the environment until we are satisfied that we have found the appropriate object which leads us to the judgment this is familiar,0.0,0.0,14.51,37
thus no knowledge as to the past is to be derived from the feeling of familiarity alone,thus no knowledge as to the past is to be derived from the feeling of familiarity alone,0.0,0.0,7.555,17
a further stage is recognition,a further stage is recognition,0.0,0.0,3.235,5
recognition in this sense does not necessarily involve more than a habit of association the kind of object we are seeing at the moment is associated with the word cat or with an auditory image of purring or whatever other characteristic we may happen to recognize in the cat of the moment,recognition in this sense does not necessarily involve more than a habit of association the kind of object we are seeing at the moment is associated with the word cat or with an auditory image of purring or whatever other characteristic we may happen to recognize in the cat of the moment,0.0,0.0,20.535,52
we are of course in fact able to judge when we recognize an object that we have seen it before but this judgment is something over and above recognition in this first sense and may very probably be impossible to animals that nevertheless have the experience of recognition in this first sense of the word,we are of course in fact able to judge when we recognize an object that we have seen it before but this judgment is something over and above recognition in this first sense and may very probably be impossible to animals that nevertheless have the experience of recognition in this first sense of the word,0.0,0.0,22.49,55
this knowledge is memory in one sense though in another it is not,this knowledge is memory in one sense though in another it is not,0.0,0.0,4.59,13
there are however several points in which such an account of recognition is inadequate to begin with it might seem at first sight more correct to define recognition as i have seen this before than as this has existed before,there are however several points in which such an account of recognition is inadequate to begin with it might seem at first sight more correct to define recognition as i have seen this before than as this has existed before,0.0,0.0,16.695,40
the definition of my experience is difficult broadly speaking it is everything that is connected with what i am experiencing now by certain links of which the various forms of memory are among the most important,the definition of my experience is difficult broadly speaking it is everything that is connected with what i am experiencing now by certain links of which the various forms of memory are among the most important,0.0,0.0,14.945,36
thus if i recognize a thing the occasion of its previous existence in virtue of which i recognize it forms part of my experience by definition recognition will be one of the marks by which my experience is singled out from the rest of the world,thus if i recognize a thing the occasion of its previous existence in virtue of which i recognize it forms part of my experience by definition recognition will be one of the marks by which my experience is singled out from the rest of the world,0.0,0.0,18.76,46
of course the words this has existed before are a very inadequate translation of what actually happens when we form a judgment of recognition but that is unavoidable words are framed to express a level of thought which is by no means primitive and are quite incapable of expressing such an elementary occurrence as recognition,of course the words this has existed before are a very inadequate translation of what actually happens when we form a judgment of recognition but that is unavoidable words are framed to express a level of thought which is by no means primitive and are quite incapable of expressing such an elementary occurrence as recognition,0.0,0.0,24.485,55
he is a welcome figure at the garden parties of the elect who are always ready to encourage him by accepting free seats for his play actor managers nod to him editors allow him to contribute without charge to a symposium on the price of golf balls,he is a welcome figure at the garden parties of the elect who are always ready to encourage him by accepting free seats for his play actor managers nod to him editors allow him to contribute without charge to a symposium on the price of golf balls,0.0,0.0,14.44,47
in short he becomes a prominent figure in london society and if he is not careful somebody will say so,in short he becomes a prominent figure in london society and if he is not careful somebody will say so,0.0,0.0,7.56,20
but even the unsuccessful dramatist has his moments,but even the unsuccessful dramatist has his moments,0.0,0.0,3.415,8
your play must be not merely a good play but a successful one,your play must be not merely a good play but a successful one,0.0,0.0,3.955,13
frankly i cannot always say,frankly i cannot always say,0.0,0.0,2.425,5
but suppose you said im fond of writing my people always say my letters home are good enough for punch,but suppose you said im fond of writing my people always say my letters home are good enough for punch,0.0,0.0,5.47,20
ive got a little idea for a play about a man and a woman and another woman and but perhaps id better keep the plot a secret for the moment,ive got a little idea for a play about a man and a woman and another woman and but perhaps i better keep the plot a secret for the moment,0.0333,0.0072,7.795,30
anyhow its jolly exciting and i can do the dialogue all right,anyhow its jolly exciting and i can do the dialogue all right,0.0,0.0,3.275,12
lend me your ear for ten minutes and you shall learn just what stagecraft is,lend me your ear for ten minutes and you shall learn just what stagecraft is,0.0,0.0,4.43,15
and i should begin with a short homily on soliloquy,and i should begin with a short homily on soliloquy,0.0,0.0,4.38,10
ham to be or not to be,him to be or not to be,0.1429,0.0455,2.16,7
now the object of this soliloquy is plain,now the object of this soliloquy is plain,0.0,0.0,2.885,8
indeed irresolution being the keynote of hamlets soliloquy a clever player could to some extent indicate the whole thirty lines by a silent working of the jaw but at the same time it would be idle to deny that he would miss the finer shades of the dramatists meaning,indeed irresolution being the keynote of hanlets soliloquy a clever player could to some extent indicate the whole thirty lines by a silent working of the jaw but at the same time it would be idle to deny that he would miss the finer shades of the dramatists meaning,0.0204,0.0038,16.4,49
we moderns however see the absurdity of it,we moderns however see the absurdity of it,0.0,0.0,3.15,8
if it be granted first that the thoughts of a certain character should be known to the audience and secondly that soliloquy or the habit of thinking aloud is in opposition to modern stage technique how shall a soliloquy be avoided without damage to the play,if it be granted first that the thoughts of a certain character should be known to the audience and secondly that soliloquy or the habit of thinking aloud is in opposition to modern stage type think how shall a soliloquy be avoided without damage to the play,0.0435,0.0311,16.02,46
and so on till you get to the end when ophelia might say ah yes or something non committal of that sort,and so on till you get to the end when ophelia might say ah yes or something non committal of that sort,0.0,0.0,6.755,22
this would be an easy way of doing it but it would not be the best way for the reason that it is too easy to call attention to itself,this would be an easy way of doing it but it would not be the best way for the reason that it is too easy to call attention to itself,0.0,0.0,7.545,30
in the old badly made play it was frequently necessary for one of the characters to take the audience into his confidence,in the old badly made play it was frequently necessary for one of the characters to take the audience into his confidence,0.0,0.0,7.17,22
in the modern well constructed play he simply rings up an imaginary confederate and tells him what he is going to do could anything be more natural,in the modern well constructed play he simply rings up an imaginary confederate and tells him what he is going to do could anything be more natural,0.0,0.0,8.94,27
i want double nine hal lo,i want double nine hello,0.3333,0.08,2.405,6
double nine two three elsinore double nine yes hallo is that you horatio hamlet speaking,double nine two three elsinor d double knot yes hello is that you horatio hamlet speaking,0.2667,0.0795,7.165,15
i say ive been wondering about this business,i say ive been wondering about this business,0.0,0.0,2.565,8
to be or not to be that is the question whether tis nobler in the mind to suffer the slings and arrows what no hamlet speaking,to be or not to be that is the question whether tis nobler in the mind to suffer the slings and arrows what no hamlet speaking,0.0,0.0,8.23,26
you gave me double five i want double nine hallo is that you horatio hamlet speaking,you gave me double five i want double nine hello is that you horatio hamlet speaking,0.0625,0.0119,6.215,16
to be or not to be that is the question whether tis nobler,to be or not to be that is the question whether tis no blur,0.1538,0.0345,4.1,13
it is to let hamlet if that happen to be the name of your character enter with a small dog pet falcon mongoose tame bear or whatever animal is most in keeping with the part and confide in this animal such sorrows hopes or secret history as the audience has got to know,it is to let hamlet if that happened to be the name of your character enter with a small dog petfalcon mongoose tame bear or whatever animal is most in keeping with the part and confide in this animal such sorrows hopes or secret history as the audience has got to know,0.0566,0.0112,15.74,53
enter hamlet with his favourite boar hound,enter hamlet with his favourite boarhound,0.2857,0.0238,2.95,7
lady larkspur starts suddenly and turns towards him,lady larksburg starts suddenly and turns toward him,0.25,0.0588,2.835,8
larkspur bit me again this morning for the third time,larkspur bit me again this morning for the third time,0.0,0.0,3.345,10
i want to get away from it all swoons,i want to get away from it all swoon,0.1111,0.027,2.985,9
enter lord arthur fluffinose,enter lord arthur fluffinose,0.0,0.0,2.235,4
and there you are you will of course appreciate that the unfinished sentences not only save time but also make the manoeuvring very much more natural,and there you are you will of course appreciate that the unfinished sentences not only save time but also make the manoeuvring very much more natural,0.0,0.0,9.64,26
how you may be wondering are you to begin your masterpiece,how you may be wondering are you to begin your masterpiece,0.0,0.0,3.315,11
relapses into silence for the rest of the evening,relapses into silence for the rest of the evening,0.0,0.0,2.23,9
the duchess of southbridge to lord reggie oh reggie what did you say,the duchess of southbridge to lord reggie oh reggie what did you say,0.0,0.0,4.465,13
then lord tuppeny well what about auction,then lord tupany well what about auction,0.1429,0.0488,3.38,7
the crowd drifts off leaving the hero and heroine alone in the middle of the stage and then you can begin,the crowd drifts off leaving the hero and heroine alone in the middle of the stage and then you can begin,0.0,0.0,6.47,21
then is the time to introduce a meal on the stage,then is the time to introduce a meal on the stage,0.0,0.0,2.86,11
a stage meal is popular because it proves to the audience that the actors even when called charles hawtrey or owen nares are real people just like you and me,a stage meal is popular because it proves to the audience that the actors even when called charles haltry or owen nairs are real people just like you and me,0.0667,0.0255,9.205,30
tea please matthews butler impassively,t please matthews butler impassively,0.2,0.0526,3.125,5
hostess replaces lump and inclines empty teapot over tray for a moment then hands him a cup painted brown inside thus deceiving the gentleman with the telescope in the upper circle,hostess replaces lump and inclines empty teapot over tray for a moment then hands him a cup painted brown inside thus deceiving the gentleman with the telescope in the upper circle,0.0,0.0,10.345,31
re enter butler and three footmen who remove the tea things hostess to guest,re enter butler and three footmen who remove the tea things hostess two guest,0.0714,0.0132,4.94,14
in novels the hero has often pushed his meals away untasted but no stage hero would do anything so unnatural as this,in novels the hero has often pushed his meals away untasted but no siege hero would do anything so unnatural as this,0.0455,0.0172,7.27,22
two bites are made and the bread is crumbled with an air of great eagerness indeed one feels that in real life the guest would clutch hold of the footman and say half a mo old chap i havent nearly finished but the actor is better schooled than this,two bites are made and the bread is crumbled with an air of great eagerness indeed one feels that in real life the guest would clutch hold of the footman and say half em old chap i havent nearly finished but the actor is better schooled than this,0.0408,0.0121,13.28,49
but it is the cigarette which chiefly has brought the modern drama to its present state of perfection,but it is the cigarette which chiefly has brought the modern drama to its present state of perfection,0.0,0.0,5.175,18
lord john taking out gold cigarette case from his left hand upper waistcoat pocket,lord john taking out golds cigarette case from his left hand upper waistcoat pocket,0.0714,0.0122,5.23,14
all about him was a tumult of bright and broken color scattered in broad splashes,all about him was a tumult of bright and broken colour scattered in broad splashes,0.0667,0.0123,5.695,15
the merganser had a crested head of iridescent green black a broad collar of lustrous white black back black and white wings white belly sides finely pencilled in black and white and a breast of rich chestnut red streaked with black,the mergantser had a crested head of iridescent green black a broad collar of lustrous white black back black and white wings white belly sides finely penciled in black and white and a breast of rich chestnut red streaked with black,0.0488,0.0086,16.575,41
his feet were red his long narrow beak with its saw toothed edges and sharp hooked tip was bright red,his feet were red his long narrow beak with its sawtoothed edges and sharp hooked tip was bright red,0.1,0.0099,7.51,20
but here he was at a terrible disadvantage as compared with the owls hawks and eagles he had no rending claws,but here he was at a terrible disadvantage as compared with the owls hawks and eagles he had no rending claws,0.0,0.0,7.6,21
but suddenly straight and swift as a diving cormorant he shot down into the torrent and disappeared beneath the surface,but suddenly straight and swift as a diving cormorant he shot down into the torrent and disappeared beneath the surface,0.0,0.0,7.5,20
once fairly a wing however he wheeled and made back hurriedly for his perch,once fairly a wing however he wheeled and made back hurriedly for his perch,0.0,0.0,4.7,14
it might have seemed that a trout of this size was a fairly substantial meal,it might have seemed that a trout of this size was a fairly substantial meal,0.0,0.0,4.295,15
but such was his keenness that even while the wide flukes of his engorged victim were still sticking out at the corners of his beak his fierce red eyes were once more peering downward into the torrent in search of fresh prey,but such was his keenness that even while the wide flukes of his engorged victim were still sticking out at the corners of his beak his fierce red eyes were once more peering downward into the torrent in search of fresh prey,0.0,0.0,14.3,42
in despair he hurled himself downward too soon,in despair he hurled himself downward too soon,0.0,0.0,3.28,8
the great hawk followed hurriedly to retrieve his prey from the ground,the great hawk followed hurriedly to retrieve his prey from the ground,0.0,0.0,4.045,12
the cat growled softly picked up the prize in her jaws and trotted into the bushes to devour it,the cat growled softly picked up the prize in her jaws and trotted into the bushes to devour it,0.0,0.0,6.74,19
in fact he had just finished it the last of the trouts tail had just vanished with a spasm down his strained gullet when the baffled hawk caught sight of him and swooped,in fact he had just finished it the last of the trouts tail had just vanished with a spasm down his strained gullet when the baffled hawk caught sight of him and swooped,0.0,0.0,10.06,33
the hawk alighted on the dead branch and sat upright motionless as if surprised,the hawk alighted on the dead branch and sat upright motionless as if surprised,0.0,0.0,5.045,14
like his unfortunate little cousin the teal he too had felt the fear of death smitten into his heart and was heading desperately for the refuge of some dark overhanging bank deep fringed with weeds where the dreadful eye of the hawk should not discern him,like his unfortunate little cousin the teal he too had felt the fear of death smitten into his heart and was heading desperately for the refuge of some dark overhanging bank deep fringed with weeds where the dreadful eye of the hawk should not discern him,0.0,0.0,15.0,46
the hawk sat upon the branch and watched his quarry swimming beneath the surface,the hawk sat upon the branch and watched his quarry swimming beneath the surface,0.0,0.0,4.67,14
almost instantly he was forced to the top,almost instantly he was forced to the top,0.0,0.0,2.335,8
straightway the hawk glided from his perch and darted after him,straightway the hawk glided from his perch and darted after him,0.0,0.0,3.92,11
but at this point in the rapids it was impossible for him to stay down,but at this point in the rapids it was impossible for him to stay down,0.0,0.0,3.66,15
but this frequenter of the heights of air for all his savage valor was troubled at the leaping waves and the tossing foam of these mad rapids he did not understand them,but this frequenter of the heights of air for all his savage valour was troubled at the leaping waves and the tossing foam of these mad rapids he did not understand them,0.0312,0.006,10.45,32
as he flew his down reaching clutching talons were not half a yard above the fugitives head,as he flew his down reaching clutching talons were not half a yard above the fugitives head,0.0,0.0,5.81,17
where the waves for an instant sank they came closer but not quite within grasping reach,where the waves for an instant sank they came closer but not quite within grasping reach,0.0,0.0,5.415,16
but as before the leaping waves of the rapids were too much for his pursuer and he was able to flap his way onward in a cloud of foam while doom hung low above his head yet hesitated to strike,but as before the leaping waves of the rapids were too much for his pursuer and he was able to flap his way onward in a cloud of foam while doom hung low above his head yet hesitated to strike,0.0,0.0,12.605,40
the hawk embittered by the loss of his first quarry had become as dogged in pursuit as a weasel not to be shaken off or evaded or deceived,the hawk embittered by the loss of his first quarry had become as dogged in pursuit as a weasel not to be shaken off or evaded or deceived,0.0,0.0,9.485,28
he had a lot of line out and the place was none too free for a long cast but he was impatient to drop his flies again on the spot where the big fish was feeding,he had a lot of line out and the place was none too free for a long cast but he was impatient to drop his flies again on the spot where the big fish was feeding,0.0,0.0,9.645,36
the last drop fly as luck would have it caught just in the corner of the hawks angrily open beak hooking itself firmly,the last drop fly as luck would have it caught just in the corner of the hawks angrily open beak hooking itself firmly,0.0,0.0,8.195,23
at the sudden sharp sting of it the great bird turned his head and noticed for the first time the fisherman standing on the bank,at the sudden sharp sting of it the great bird turned his head and noticed for the first time the fisherman standing on the bank,0.0,0.0,7.38,25
the drag upon his beak and the light check upon his wings were inexplicable to him and appalling,the drag upon his beak and the light check upon his wings were inexplicable to him and appalling,0.0,0.0,5.53,18
then the leader parted from the line,then the leader parted from the line,0.0,0.0,2.13,7
the hon charles smith miss sarahs brother was walking swiftly uptown from mister easterlys wall street office and his face was pale,the honourable charles smith miss sarahs brother was walking swiftly up town from mister easterlys wall street office and his face was pale,0.1364,0.0611,8.955,22
at last the cotton combine was to all appearances an assured fact and he was slated for the senate,at last the cotton combine was to all appearances an assured fact and he was slated for the senate,0.0,0.0,6.0,19
why should he not be as other men,why should he not be as other men,0.0,0.0,2.315,8
she was not herself a notably intelligent woman she greatly admired intelligence or whatever looked to her like intelligence in others,she was not herself a notably intelligent woman she greatly admired intelligence or whatever looked to her like intelligence in others,0.0,0.0,7.965,21
as she awaited her guests she surveyed the table with both satisfaction and disquietude for her social functions were few tonight there were she checked them off on her fingers sir james creighton the rich english manufacturer and lady creighton mister and missus vanderpool mister harry cresswell and his sister john taylor and his sister and mister charles smith whom the evening papers mentioned as likely to be united states senator from new jersey a selection of guests that had been determined unknown to the hostess by the meeting of cotton interests earlier in the day,as she awaited her guests she surveyed the table with both satisfaction and disquietude for her social functions were few to night there were she checked them off on her fingers sir james crichton the rich english manufacturer and lady crichton mister and misses vanderpool mister harry cresswell and his sister john taylor and his sister and mister charles smith whom the evening papers mentioned as likely to be united states senator from new jersey a selection of guests that had been determined unknown to the hostess by the meeting of cotton interests earlier in the day,0.0521,0.0104,33.91,96
missus grey had met southerners before but not intimately and she always had in mind vividly their cruelty to poor negroes a subject she made a point of introducing forthwith,misses gray had met southerners before but not intimately and she always had in mind vividly their cruelty to poor negroes a subject she made a point of introducing forthwith,0.0667,0.0115,10.9,30
she was therefore most agreeably surprised to hear mister cresswell express himself so cordially as approving of negro education,she was therefore most agreeably surprised to hear mister creswell express himself so cordially as approving of negro education,0.0526,0.0078,7.715,19
but you believe in some education asked mary taylor,do you believe in some education asked mary taylor,0.1111,0.0588,3.435,9
i believe in the training of people to their highest capacity the englishman here heartily seconded him,i believe in the training of people to their highest capacity the englishman here heartily seconded him,0.0,0.0,6.985,17
but cresswell added significantly capacity differs enormously between races,but creswell added significantly capacity differs enormously between races,0.1111,0.0133,6.71,9
the vanderpools were sure of this and the englishman instancing india became quite eloquent missus grey was mystified but hardly dared admit it the general trend of the conversation seemed to be that most individuals needed to be submitted to the sharpest scrutiny before being allowed much education and as for the lower races it was simply criminal to open such useless opportunities to them,the vanderpools were sure of this and the englishman instancing india became quite eloquent misses gray was mystified but hardly dared admit it the general trend of the conversation seemed to be that most individuals needed to be submitted to the sharpest scrutiny before being allowed much education and as for the lower races it was simply criminal to open such useless opportunities to them,0.0308,0.0051,24.45,65
positively heroic added cresswell avoiding his sisters eyes,positively heroic added creswell avoiding his sisters eyes,0.125,0.0169,4.705,8
but were not er exactly welcomed,but were not uh exactly welcome,0.3333,0.0938,3.695,6
mary taylor however related the tale of zora to missus greys private ear later,mary taylor however related the tale of zora to misses grays private ear later,0.1429,0.0256,5.3,14
fortunately said mister vanderpool northerners and southerners are arriving at a better mutual understanding on most of these matters,fortunately said mister vanderpool northerners and southerners are arriving at a better mutual understanding on most of these matters,0.0,0.0,9.045,19
in the debate between the senior societies her defence of the fifteenth amendment had been not only a notable bit of reasoning but delivered with real enthusiasm,in the debate between the senior societies her defence of the fifteenth amendment had been not only a notable bit of reasoning but delivered with real enthusiasm,0.0,0.0,9.485,27
the south she had not thought of seriously and yet knowing of its delightful hospitality and mild climate she was not averse to charleston or new orleans,the south she had not thought of seriously and yet knowing of its delightful hospitality and mild climate she was not averse to charleston or new orleans,0.0,0.0,10.17,27
john taylor who had supported her through college was interested in cotton,john taylor who had supported her through college was interested in cotton,0.0,0.0,4.605,12
better go he had counselled sententiously,better go he had counseled sententiously,0.1667,0.0244,3.09,6
might learn something useful down there,might learn something useful down there,0.0,0.0,3.035,6
but john theres no society just elementary work,but john theres no society just elementary work,0.0,0.0,5.125,8
been looking up tooms county,been looking up toomes county,0.2,0.0357,2.455,5
find some cresswells there big plantations rated at two hundred and fifty thousand dollars,find some crestwells there big plantations rated at two hundred and fifty thousand dollars,0.0714,0.0111,7.06,14
some others too big cotton county,some others too big cotton county,0.0,0.0,2.895,6
you ought to know john if i teach negroes ill scarcely see much of people in my own class,you ought to know john if i teach negroes ill scarcely see much of people in my own class,0.0,0.0,7.57,19
at any rate i say go,at any rate i say go,0.0,0.0,2.445,6
here she was teaching dirty children and the smell of confused odors and bodily perspiration was to her at times unbearable,here she was teaching dirty children and the smell of confused odors and bodily perspiration was to her at times unbearable,0.0,0.0,8.94,21
she wanted a glance of the new books and periodicals and talk of great philanthropies and reforms,she wanted a glance of the new books and periodicals and talk of great philanthropies and reforms,0.0,0.0,6.18,17
so for the hundredth time she was thinking today as she walked alone up the lane back of the barn and then slowly down through the bottoms,so for the hundredth time she was thinking to day as she walked alone up the lane back of the barn and then slowly down through the bottoms,0.0741,0.0072,8.77,27
cotton she paused,garden she paused,0.3333,0.2941,2.5,3
she had almost forgotten that it was here within touch and sight,she had almost forgotten that it was here within touch and sight,0.0,0.0,3.55,12
the glimmering sea of delicate leaves whispered and murmured before her stretching away to the northward,the glimmering sea of delicate leaves whispered and murmured before her stretching away to the northward,0.0,0.0,5.9,16
there might be a bit of poetry here and there but most of this place was such desperate prose,there might be a bit of poetry here and there but most of this place was such desperate prose,0.0,0.0,6.145,19
her regard shifted to the green stalks and leaves again and she started to move away,her regard shifted to the green stalks and leaves again and she started to move away,0.0,0.0,5.01,16
cotton is a wonderful thing is it not boys she said rather primly,cotton is a wonderful thing is it not boys she said rather primly,0.0,0.0,5.25,13
miss taylor did not know much about cotton but at least one more remark seemed called for,miss taylor did not know much about cotton but at least one more remarked seemed called for,0.0588,0.0225,6.12,17
dont know well of all things inwardly commented miss taylor literally born in cotton and oh well as much as to ask whats the use she turned again to go,dont know well of all things inwardly commented miss taylor literally born in cotton and oh well as much as to ask whats the use she turned again to go,0.0,0.0,11.41,30
i suppose though its too early for them then came the explosion,i suppose though its too early for them then came the explosion,0.0,0.0,4.745,12
goobers dont grow on the tops of vines but underground on the roots like yams is that so,goobles dont grow on the tops of vines but on the ground on the roots like yams is that so,0.2222,0.0795,8.14,18
the golden fleece its the silver fleece he harkened,the golden fleece its the silver fleece he hearkened,0.1111,0.0196,5.095,9
some time youll tell me please wont you,sometime you tell me please wont you,0.375,0.0769,3.295,8
now for one little half hour she had been a woman talking to a boy no not even that she had been talking just talking there were no persons in the conversation just things one thing cotton,now for one little half hour she had been a woman talking to a boy no not even that she had been talking just talking there were no persons in the conversation just things one thing cotton,0.0,0.0,15.45,37
he knew the silver fleece his and zoras must be ruined,he knew the silver fleece his and zoras must be ruined,0.0,0.0,3.865,11
it was the first great sorrow of his life it was not so much the loss of the cotton itself but the fantasy the hopes the dreams built around it,it was the first great sorrow of his life it was not so much the loss of the cotton itself but the fantasy the hopes the dreams built around it,0.0,0.0,8.73,30
ah the swamp the cruel swamp,ah the swamp the cruel swamp,0.0,0.0,2.79,6
the revelation of his love lighted and brightened slowly till it flamed like a sunrise over him and left him in burning wonder,the revelation of his love lighted and brightened slowly till it flamed like a sunrise over him and left him in burning wonder,0.0,0.0,7.36,23
he panted to know if she too knew or knew and cared not or cared and knew not,he panted to know if she too knew or knew and cared not or cared and knew not,0.0,0.0,6.36,18
she was so strange and human a creature,she was so strange and human a creature,0.0,0.0,2.635,8
the world was water veiled in mists,the world was water veiled in mists,0.0,0.0,2.955,7
then of a sudden at midday the sun shot out hot and still no breath of air stirred the sky was like blue steel the earth steamed,then of a sudden at midday the sun shot out hot and still no breath of air stirred the sky was like blue steel the earth steamed,0.0,0.0,8.8,27
where was the use of imagining,where was the use of imagining,0.0,0.0,1.955,6
the lagoon had been level with the dykes a week ago and now,the lagoon had been level with the dikes a week ago and now,0.0769,0.0169,3.76,13
perhaps she too might be there waiting weeping,perhaps she too might be there waiting weeping,0.0,0.0,3.48,8
he started at the thought he hurried forth sadly,he started at the thought he hurried forth sadly,0.0,0.0,3.375,9
he splashed and stamped along farther and farther onward until he neared the rampart of the clearing and put foot upon the tree bridge,he splashed and stamped along farther and farther onward until he neared the rampart of the clearing and put foot upon the tree bridge,0.0,0.0,8.245,24
then he looked down the lagoon was dry,then he looked down the lagoon was dry,0.0,0.0,3.195,8
he stood a moment bewildered then turned and rushed upon the island a great sheet of dazzling sunlight swept the place and beneath lay a mighty mass of olive green thick tall wet and willowy,he stood a moment bewildered then turned and rushed upon the island a great sheet of dazzling sunlight swept the place and beneath lay a mighty mass of olive green thick tall wet and willowy,0.0,0.0,12.46,35
the squares of cotton sharp edged heavy were just about to burst to bolls,the squares of cotton sharp edged heavy were just about to burst to bowls,0.0714,0.0137,4.485,14
for one long moment he paused stupid agape with utter amazement then leaned dizzily against a tree,for one long moment he paused stupid agape with utter amazement then leaned dizzily against the tree,0.0588,0.0306,7.19,17
he gazed about perplexed astonished,he gazed about perplexed astonished,0.0,0.0,3.1,5
here lay the reading of the riddle with infinite work and pain some one had dug a canal from the lagoon to the creek into which the former had drained by a long and crooked way thus allowing it to empty directly,here lay the reading of the riddle with infinite work and pain some one had dug a canal from the lagoon to the creek into which the former had drained by a long and crooked way thus allowing it to empty directly,0.0,0.0,12.825,42
he sat down weak bewildered and one thought was uppermost zora,he sat down weak bewildered and one thought was uppermost zora,0.0,0.0,5.38,11
the years of the days of her dying were ten,the years of the days of her dying were ten,0.0,0.0,3.21,10
the hope and dream of harvest was upon the land,the hope and dream of harvest was upon the land,0.0,0.0,3.09,10
up in the sick room zora lay on the little white bed,up in the sick room zora lay on the little white bed,0.0,0.0,3.415,12
the net and web of endless things had been crawling and creeping around her she had struggled in dumb speechless terror against some mighty grasping that strove for her life with gnarled and creeping fingers but now at last weakly she opened her eyes and questioned,the net and web of endless things had been crawling and creeping around her she had struggled in dumb speechless terror against some mighty grasping that strove for her life with gnarled and creeping fingers but now at last weakly she opened her eyes and questioned,0.0,0.0,16.965,46
for a while she lay in her chair in happy dreamy pleasure at sun and bird and tree,for a while she lay in her chair in happy dreamy pleasure at sun and bird and tree,0.0,0.0,5.385,18
she rose with a fleeting glance gathered the shawl round her then gliding forward wavering tremulous slipped across the road and into the swamp,she rose with a fleeting glance gathered the shawl around her then gliding forward wavering tremulous slipped across the road and into the swamp,0.0417,0.007,9.505,24
she had been born within its borders within its borders she had lived and grown and within its borders she had met her love,she had been born within its borders within its borders she had lived and grown and within its borders she had met her love,0.0,0.0,8.095,24
on she hurried until sweeping down to the lagoon and the island lo the cotton lay before her,on she hurried until sweeping down to the lagoon and the island lo the cotton lay before her,0.0,0.0,6.705,18
the chair was empty but he knew,the chair was empty but he knew,0.0,0.0,2.34,7
he darted through the trees and paused a tall man strongly but slimly made,he darted through the trees and paused a tall man strongly but slimly made,0.0,0.0,5.58,14
ojo examined this curious contrivance with wonder,ojo examined this curious contrivance with wonder,0.0,0.0,3.965,7
margolotte had first made the girls form from the patchwork quilt and then she had dressed it with a patchwork skirt and an apron with pockets in it using the same gay material throughout,margolot had first made the girls form from the patchwork quilt and then she had dressed it with a patchwork skirt and an apron with pockets in it using the same gay material throughout,0.0294,0.0107,11.43,34
the head of the patchwork girl was the most curious part of her,the head of the patchwork girl was the most curious part of her,0.0,0.0,3.835,13
the hair was of brown yarn and hung down on her neck in several neat braids,the hair was of brown yarn and hung down on her neck in several neat braids,0.0,0.0,4.505,16
gold is the most common metal in the land of oz and is used for many purposes because it is soft and pliable,gold is the most common metal in the land of oz and is used for many purposes because it is soft and pliable,0.0,0.0,7.15,23
no i forgot all about the brains exclaimed the woman,no i forgot all about the brains exclaimed the woman,0.0,0.0,3.855,10
well that may be true agreed margolotte but on the contrary a servant with too much brains is sure to become independent and high and mighty and feel above her work,well that may be true agreed margolot but on the contrary a servant with too much brains is sure to become independent and high and mighty and feel above her work,0.0323,0.0122,11.405,31
she poured into the dish a quantity from each of these bottles,she poured into the dish a quantity from each of these bottles,0.0,0.0,4.04,12
i think that will do she continued for the other qualities are not needed in a servant,i think that will do she continued for the other qualities are not needed in a servant,0.0,0.0,6.08,17
she ran to her husbands side at once and helped him lift the four kettles from the fire,she ran to her husbands side at once and helped him lift the four kettles from the fire,0.0,0.0,5.245,18
their contents had all boiled away leaving in the bottom of each kettle a few grains of fine white powder,their contents had all boiled away leaving in the bottom of each kettle a few grains of fine white powder,0.0,0.0,6.435,20
very carefully the magician removed this powder placing it all together in a golden dish where he mixed it with a golden spoon,very carefully the magician removed this powder placing it all together in a golden dish where he mixed it with a golden spoon,0.0,0.0,7.75,23
no one saw him do this for all were looking at the powder of life but soon the woman remembered what she had been doing and came back to the cupboard,no one saw him do this for all were looking at the powder of life but soon the woman remembered what she had been doing and came back to the cupboard,0.0,0.0,8.51,31
ojo became a bit uneasy at this for he had already put quite a lot of the cleverness powder in the dish but he dared not interfere and so he comforted himself with the thought that one cannot have too much cleverness,ojo became a bit uneasy at this for he had already put quite a lot of the cleverness powder in the dish but he dared not interfere and so he comforted himself with the thought that one cannot have too much cleverness,0.0,0.0,12.66,42
he selected a small gold bottle with a pepper box top so that the powder might be sprinkled on any object through the small holes,he selected a small gold bottle with a pepper box top so that the powder might be sprinkled on any object through the small holes,0.0,0.0,7.92,25
most people talk too much so it is a relief to find one who talks too little,most people talk too much so it is a relief to find one who talks too little,0.0,0.0,5.115,17
i am not allowed to perform magic except for my own amusement he told his visitors as he lighted a pipe with a crooked stem and began to smoke,i am not allowed to perform magic except for my own amusement he told his visitors as he lighted a pipe with a crooked stem and began to smoke,0.0,0.0,9.515,29
the wizard of oz who used to be a humbug and knew no magic at all has been taking lessons of glinda and im told he is getting to be a pretty good wizard but he is merely the assistant of the great sorceress,the wizard of oz who used to be a humbug and knew no magic at all has been taking lessons of glinda and im told he is getting to be a pretty good wizard but he is merely the assistant of the great sorceress,0.0,0.0,11.775,44
it truly is asserted the magician,it truly is asserted the magician,0.0,0.0,3.16,6
i now use them as ornamental statuary in my garden,i now use them as ornamental statuary in my garden,0.0,0.0,3.2,10
dear me what a chatterbox youre getting to be unc remarked the magician who was pleased with the compliment,dear me what a chatterbox youre getting to be unk remarked the magician who was pleased with the compliment,0.0526,0.0093,6.73,19
asked the voice in scornful accents,asked the voice in scornful accents,0.0,0.0,2.7,6
he wore blue silk stockings blue knee pants with gold buckles a blue ruffled waist and a jacket of bright blue braided with gold,he wore blue silk stockings blue knee pants with gold buckles a blue ruffled waist and a jacket of bright blue braided with gold,0.0,0.0,8.12,24
his hat had a peaked crown and a flat brim and around the brim was a row of tiny golden bells that tinkled when he moved,his hat had a peaked crown and a flat brim and around the brim was a row of tiny golden bells that tinkled when he moved,0.0,0.0,7.755,26
instead of shoes the old man wore boots with turnover tops and his blue coat had wide cuffs of gold braid,instead of shoes the old man wore boots with turnover tops and his blue coat had wide cuffs of gold braid,0.0,0.0,7.68,21
for a long time he had wished to explore the beautiful land of oz in which they lived,for a long time he had wished to explore the beautiful land of oz in which they lived,0.0,0.0,4.835,18
when they were outside unc simply latched the door and started up the path,when they were outside unk simply latched the door and started up the path,0.0714,0.0135,4.285,14
no one would disturb their little house even if anyone came so far into the thick forest while they were gone,no one would disturb their little house even if any one came so far into the thick forest while they were gone,0.0952,0.0092,6.55,21
at the foot of the mountain that separated the country of the munchkins from the country of the gillikins the path divided,at the foot of the mountain that separated the country of the munchkins from the country of the gillikins the path divided,0.0,0.0,6.865,22
he knew it would take them to the house of the crooked magician whom he had never seen but who was their nearest neighbor,he knew it would take them to the house of the crooked magician whom he had never seen but who was their nearest neighbour,0.0417,0.0083,6.265,24
all the morning they trudged up the mountain path and at noon unc and ojo sat on a fallen tree trunk and ate the last of the bread which the old munchkin had placed in his pocket,all the morning they trudged up the mountain path and at noon unk and ojo sat on a fallen tree trunk and ate the last of the bread which the old munchkin had placed in his pocket,0.027,0.0056,10.49,37
then they started on again and two hours later came in sight of the house of doctor pipt,then they started on again and two hours later came in sight of the house of doctor pippt,0.0556,0.0114,6.285,18
unc knocked at the door of the house and a chubby pleasant faced woman dressed all in blue opened it and greeted the visitors with a smile,unk knocked at the door of the house and a chubby pleasant faced woman dressed all in blue opened it and greeted the visitors with a smile,0.037,0.0072,8.635,27
i am my dear and all strangers are welcome to my home,i am my dear and all strangers are welcome to my home,0.0,0.0,4.275,12
we have come from a far lonelier place than this a lonelier place,we have come from a far lonelier place than this a lonelier place,0.0,0.0,4.88,13
and you must be ojo the unlucky she added,and you must be ojo the unlucky she added,0.0,0.0,3.705,9
ojo had never eaten such a fine meal in all his life,ojo had never eaten such a fine meal in all his life,0.0,0.0,3.665,12
we are traveling replied ojo and we stopped at your house just to rest and refresh ourselves,we are travelling replied ojo and we stopped at your house just to rest and refresh ourselves,0.0588,0.0109,5.835,17
the woman seemed thoughtful,the woman seemed thoughtful,0.0,0.0,2.13,4
at one end stood a great fireplace in which a blue log was blazing with a blue flame and over the fire hung four kettles in a row all bubbling and steaming at a great rate,at one end stood a great fireplace in which a blue log was blazing with a blue flame and over the fire hung four kettles in a row all bubbling and steaming at a great rate,0.0,0.0,10.68,36
it takes me several years to make this magic powder but at this moment i am pleased to say it is nearly done you see i am making it for my good wife margolotte who wants to use some of it for a purpose of her own,it takes me several years to make this magic powder but at this moment i am pleased to say it is nearly done you see i am making it for my good wife margolot who wants to use some of it for a purpose of her own,0.0213,0.0094,12.005,47
you must know said margolotte when they were all seated together on the broad window seat that my husband foolishly gave away all the powder of life he first made to old mombi the witch who used to live in the country of the gillikins to the north of here,you must know said margolot when they were all seated together on the broad window seat that my husband foolishly gave away all the powder of life he first made to old momby the witch who used to live in the country of the gillikins to the north of here,0.04,0.0118,15.025,50
the first lot we tested on our glass cat which not only began to live but has lived ever since,the first lot we tested on our glass cat which not only began to live but has lived ever since,0.0,0.0,5.87,20
i think the next glass cat the magician makes will have neither brains nor heart for then it will not object to catching mice and may prove of some use to us,i think the next glass cat the magician makes will have neither brains nor heart for then it will not object to catching mice and may prove of some use to us,0.0,0.0,9.84,32
im afraid i dont know much about the land of oz,im afraid i dont know much about the land of oz,0.0,0.0,2.885,11
you see ive lived all my life with unc nunkie the silent one and there was no one to tell me anything,you see ive lived all my life with unc nunky the silent one and there was no one to tell me anything,0.0455,0.0198,5.61,22
that is one reason you are ojo the unlucky said the woman in a sympathetic tone,that is one reason you are ojo the unlucky said the woman in a sympathetic tone,0.0,0.0,5.26,16
i think i must show you my patchwork girl said margolotte laughing at the boys astonishment for she is rather difficult to explain,i think i must show you my patchwork girl said margolot laughing at the boys astonishment for she is rather difficult to explain,0.0435,0.0154,8.705,23
but first i will tell you that for many years i have longed for a servant to help me with the housework and to cook the meals and wash the dishes,but first i will tell you that for many years i have longed for a servant to help me with the housework and to cook the meals and wash the dishes,0.0,0.0,8.29,31
yet that task was not so easy as you may suppose,yet that task was not so easy as you may suppose,0.0,0.0,3.27,11
a bed quilt made of patches of different kinds and colors of cloth all neatly sewed together,a bed quilt made of patches of different kinds and colours of cloth all neatly sewed together,0.0588,0.0109,6.045,17
sometimes it is called a crazy quilt because the patches and colors are so mixed up,sometimes it is called a crazy quilt because the patches and colours are so mixed up,0.0625,0.012,5.335,16
when i found it i said to myself that it would do nicely for my servant girl for when she was brought to life she would not be proud nor haughty as the glass cat is for such a dreadful mixture of colors would discourage her from trying to be as dignified as the blue munchkins are,when i found it i said to myself that it would do nicely for my servant girl for when she was brought to life she would not be proud nor haughty as the glass cat is for such a dreadful mixture of colours would discourage her from trying to be as dignified as the blue munchkins are,0.0175,0.0036,16.22,57
at the emerald city where our princess ozma lives green is the popular color,at the emerald city where our princess ozma lives green is the popular color,0.0,0.0,4.825,14
i will show you what a good job i did and she went to a tall cupboard and threw open the doors,i will show you what a good job i did and she went to a tall cupboard and threw open the doors,0.0,0.0,5.78,22
the grateful applause of the clergy has consecrated the memory of a prince who indulged their passions and promoted their interest,the grateful applause of the clergy has consecrated the memory of a prince who indulged their passions and promoted their interest,0.0,0.0,8.53,21
the edict of milan the great charter of toleration had confirmed to each individual of the roman world the privilege of choosing and professing his own religion,the edict of milan the great charter of toleration had confirmed to each individual of the roman world the privilege of choosing and professing his own religion,0.0,0.0,10.275,27
but this inestimable privilege was soon violated with the knowledge of truth the emperor imbibed the maxims of persecution and the sects which dissented from the catholic church were afflicted and oppressed by the triumph of christianity,but this inestimable privilege was soon violated with the knowledge of truth the emperor imbibed the maxims of persecution and the sects which descended from the catholic church were afflicted and oppressed by the triumph of christianity,0.027,0.0127,15.11,37
constantine easily believed that the heretics who presumed to dispute his opinions or to oppose his commands were guilty of the most absurd and criminal obstinacy and that a seasonable application of moderate severities might save those unhappy men from the danger of an everlasting condemnation,constantine easily believed that the heretics who presumed to dispute his opinions or to oppose his commands were guilty of the most absurd and criminal obstinacy and that a seasonable application of moderate severities might save those unhappy men from the danger of an everlasting condemnation,0.0,0.0,20.145,46
some of the penal regulations were copied from the edicts of diocletian and this method of conversion was applauded by the same bishops who had felt the hand of oppression and pleaded for the rights of humanity,some of the penal regulations were copied from the edicts of diocletian and this method of conversion was applauded by the same bishops who had felt the hand of oppression and pleaded for the rights of humanity,0.0,0.0,12.835,37
they asserted with confidence and almost with exultation that the apostolical succession was interrupted that all the bishops of europe and asia were infected by the contagion of guilt and schism and that the prerogatives of the catholic church were confined to the chosen portion of the african believers who alone had preserved inviolate the integrity of their faith and discipline,they asserted with confidence and almost with exultation that the apostolical succession was interrupted that all the bishops of europe and asia were infected by the contagion of guilt and schism and that the prerogatives of the catholic church were confined to the chosen portion of the african believers who alone had preserved inviolate the integrity of their faith and discipline,0.0,0.0,23.335,61
bishops virgins and even spotless infants were subjected to the disgrace of a public penance before they could be admitted to the communion of the donatists,bishops virgins and even spotless infants were subjected to the disgrace of a public penance before they could be admitted to the communion of the donatists,0.0,0.0,10.155,26
proscribed by the civil and ecclesiastical powers of the empire the donatists still maintained in some provinces particularly in numidia their superior numbers and four hundred bishops acknowledged the jurisdiction of their primate,proscribed by the civil and ecclesiastical powers of the empire the donatists still maintained in some provinces particularly in numidia their superior numbers and four hundred bishops acknowledged the jurisdiction of their primate,0.0,0.0,14.17,33
it was one of the masterly and charming stories of dumas the elder,it was one of the masterly and charming stories of dumas the elder,0.0,0.0,3.38,13
in five minutes i was in a new world and my melancholy room was full of the liveliest french company,in five minutes i was in a new world and my melancholy room was full of the liveliest french company,0.0,0.0,5.39,20
the sound of an imperative and uncompromising bell recalled me in due time to the regions of reality,the sound of an imperative and uncompromising bell recalled me in due time to the regions of reality,0.0,0.0,5.62,18
ambrose met me at the bottom of the stairs and showed me the way to the supper room,ambrose met me at the bottom of the stairs and showed me the way to the supper room,0.0,0.0,3.91,18
she signed to me with a ghostly solemnity to take the vacant place on the left of her father,she signed to me with a ghostly solemnity to take the vacant place on the left of her father,0.0,0.0,5.485,19
the door opened again while i was still studying the two brothers without i honestly confess being very favorably impressed by either of them,the door opened again while i was still studying the two brothers without i honestly confess being very favorably impressed by either of them,0.0,0.0,7.085,24
a new member of the family circle who instantly attracted my attention entered the room,a new member of the family circle who instantly attracted my attention entered the room,0.0,0.0,4.635,15
a little cracked that in the popular phrase was my impression of the stranger who now made his appearance in the supper room,a little cracked that in the popular phrase was my impression of the stranger who now made his appearance in the supper room,0.0,0.0,6.18,23
mister meadowcroft the elder having not spoken one word thus far himself introduced the newcomer to me with a side glance at his sons which had something like defiance in it a glance which as i was sorry to notice was returned with the defiance on their side by the two young men,mister meadowcroft the elder having not spoken one word thus far himself introduced the newcomer to me with a side glance at his sons which had something like defiance in it a glance which as i was sorry to notice was returned with the defiance on their side by the two young men,0.0,0.0,15.425,53
philip lefrank this is my overlooker mister jago said the old man formally presenting us,philip lefranc this is my overlooker mister yago said the old man formally presenting us,0.1333,0.0227,5.14,15
he is not well he has come over the ocean for rest and change of scene,he is not well he has come over the ocean for rest and change has seen,0.125,0.0714,4.295,16
mister jago is an american philip,mr yago is an american philip,0.3333,0.1515,2.165,6
make acquaintance with mister jago sit together,make acquaintance with mr yago sit together,0.2857,0.1064,2.715,7
they pointedly drew back from john jago as he approached the empty chair next to me and moved round to the opposite side of the table,they pointedly drew back from john yago as he approached the empty chair next to me and moved round to the opposite side of the table,0.0385,0.0075,6.585,26
a pretty girl and so far as i could judge by appearances a good girl too describing her generally i may say that she had a small head well carried and well set on her shoulders bright gray eyes that looked at you honestly and meant what they looked a trim slight little figure too slight for our english notions of beauty a strong american accent and a rare thing in america a pleasantly toned voice which made the accent agreeable to english ears,a pretty girl and so far as i could judge by appearances a good girl too describing her generally i may say that she had a small head well carried and well set on her shoulders bright grey eyes that looked at you honestly and meant what they looked a trim slight little figure too slight for our english notions of beauty a strong american accent and a rare thing in america a pleasantly toned voice which made the accent agreeable to english ears,0.0119,0.0022,25.415,84
our first impressions of people are in nine cases out of ten the right impressions,our first impressions of people are in nine cases out of ten the right impressions,0.0,0.0,4.34,15
for once in a way i proved a true prophet,for once in a way i proved a true prophet,0.0,0.0,2.765,10
the only cheerful conversation was the conversation across the table between naomi and me,the only cheerful conversation was the conversation across the table between naomi and me,0.0,0.0,4.685,14
he looked up at naomi doubtingly from his plate and looked down again slowly with a frown,he looked up at naomi doubtingly from his plate and looked down again slowly with a frown,0.0,0.0,4.97,17
when i addressed him he answered constrainedly,when i addressed him he answered constrainedly,0.0,0.0,2.415,7
a more dreary and more disunited family party i never sat at the table with,a more dreary and more disunited family party i never sat at the table with,0.0,0.0,4.53,15
envy hatred malice and uncharitableness are never so essentially detestable to my mind as when they are animated by a sense of propriety and work under the surface but for my interest in naomi and my other interest in the little love looks which i now and then surprised passing between her and ambrose i should never have sat through that supper,envy hatred malice and uncharitableness are never so essentially detestable to my mind as when they are animated by the sense of propriety and work under the surface but for my interest in naomi and my other interest in the little love looks which i now and then surprised passing between her and ambrose i should never have sat through that supper,0.0161,0.0087,18.87,62
i wish you good night she laid her bony hands on the back of mister meadowcrofts invalid chair cut him short in his farewell salutation to me and wheeled him out to his bed as if she were wheeling him out to his grave,i wish you good night she laid her bony hands on the back of mister meadacrofts invalid chair cut him short in his farewell salutation to me and wheeled him out to his bed as if she were wheeling him out to his grave,0.0227,0.0092,11.245,44
you were quite right to say no ambrose began never smoke with john jago his cigars will poison you,you were quite right to say no ambrose began never smoke with johnnyago his cigars will poison you,0.1053,0.0204,5.79,19
naomi shook her forefinger reproachfully at them as if the two sturdy young farmers had been two children,naomi shook her forefinger reproachfully at them as if the two sturdy young farmers had been two children,0.0,0.0,5.78,18
silas slunk away without a word of protest ambrose stood his ground evidently bent on making his peace with naomi before he left her seeing that i was in the way i walked aside toward a glass door at the lower end of the room,silas slunk away without a word of protest ambrose stood his ground evidently bent on making his peace with naomi before he left her seeing that i was in the way i walked aside toward a glass door at the lower end of the room,0.0,0.0,11.885,45
chapter seven on the races of man,chapter seven on the races of man,0.0,0.0,2.525,7
in determining whether two or more allied forms ought to be ranked as species or varieties naturalists are practically guided by the following considerations namely the amount of difference between them and whether such differences relate to few or many points of structure and whether they are of physiological importance but more especially whether they are constant,in determining whether two or more allied forms ought to be ranked as species or varieties naturalists are practically guided by the following considerations namely the amount of difference between them and whether such differences relate to few or many points of structure and whether they are of physiological importance but more especially whether they are constant,0.0,0.0,20.185,57
at another time harald asked,at another time harold asked why,0.4,0.1786,2.005,5
what is your country olaf have you always been a thrall the thralls eyes flashed,what is your country olaf have you always been a thrall the thralls eyes flashed,0.0,0.0,5.02,15
two hundred warriors feasted in his hall and followed him to battle,two hundred warriors feasted in his hall and followed him to battle,0.0,0.0,3.67,12
the rest of you off a viking he had three ships,the rest of you off a viking he had three ships,0.0,0.0,3.47,11
these he gave to three of my brothers,these he gave to three of my brothers,0.0,0.0,2.215,8
but i stayed that spring and built me a boat,but i stayed that spring and built me a boat and,0.1,0.0909,2.225,10
i made her for only twenty oars because i thought few men would follow me for i was young fifteen years old,i made her for only twenty oars because i thought few men would follow me for i was young fifteen years old and,0.0455,0.0374,6.23,22
at the prow i carved the head with open mouth and forked tongue thrust out,at the prow i carved the head with open mouth and forked tongue thrust out,0.0,0.0,4.975,15
i painted the eyes red for anger,i painted the eyes red for anger and,0.1429,0.125,2.11,7
there stand so i said and glare and hiss at my foes,there stand so i said and glare and hiss at my foes,0.0,0.0,3.37,12
in the stern i curved the tail up almost as high as the head,in the stern i carved the tail up almost as high as the head,0.0714,0.0167,3.455,14
there she sat on the rollers as fair a ship as i ever saw,there she sat on the rollers as fair a ship as i ever saw and,0.0714,0.0702,3.52,14
then i will get me a farm and will winter in that land now who will follow me,then i will get me a farm and will winter in that land now who will follow me,0.0,0.0,4.59,18
he is but a boy the men said,he is but a boy the man said,0.125,0.0357,2.11,8
thirty men one after another raised their horns and said,thirty men one after another raised their horns and said,0.0,0.0,3.245,10
as our boat flashed down the rollers into the water i made this song and sang it,as our boat flashed down the rollers into the water i made this song and sang it,0.0,0.0,4.31,17
so we harried the coast of norway,so we harried the coast of norway and,0.1429,0.1212,2.165,7
we ate at many mens tables uninvited,we ate at many mens tables uninvited and,0.1429,0.1111,2.635,7
my dragons belly is never full and on board went the gold,my dragons belly is never full and on board went the gold,0.0,0.0,3.94,12
oh it is better to live on the sea and let other men raise your crops and cook your meals,oh it is better to live on the sea and let other men raise your crops and cook your meals,0.0,0.0,4.985,20
a house smells of smoke a ship smells of frolic,a house smells of smoke a ship smells of frolic,0.0,0.0,3.315,10
up and down the water we went to get much wealth and much frolic,up and down the water we went to get much wealth and much frolic,0.0,0.0,3.505,14
what of the farm olaf not yet i answered viking is better for summer,what of the farm olaf not yet i answered viking is better for summer,0.0,0.0,4.77,14
it was so dark that i could see nothing but a few sparks on the hearth,it was so dark that i could see nothing but a few sparks on the hearth,0.0,0.0,3.48,16
i stood with my back to the wall for i wanted no sword reaching out of the dark for me,i stood with my back to the wall for i wanted no sword reaching out of the dark for me,0.0,0.0,5.345,20
come come i called when no one obeyed a fire,come come i called when no one obeyed a fire,0.0,0.0,3.32,10
my men laughed yes a stingy host,my men laughed yes a stingy host,0.0,0.0,3.075,7
he acts as though he had not expected us,he acts as though he has not expected us and,0.2222,0.125,2.235,9
on a bench in a far corner were a dozen people huddled together,on a bench in a far corner were a dozen people huddled together,0.0,0.0,3.755,13
bring in the table we are hungry,bring in the table we are hungry,0.0,0.0,2.135,7
the thralls were bringing in a great pot of meat,the thralls were bringing in a great pot of meat,0.0,0.0,2.765,10
they set up a crane over the fire and hung the pot upon it and we sat and watched it boil while we joked at last the supper began,they set up a crane over the fire and hung the pot upon it and we sat and watched it boil while we joked at last the supper began,0.0,0.0,7.845,29
the farmer sat gloomily on the bench and would not eat and you cannot wonder for he saw us putting potfuls of his good beef and basket loads of bread into our big mouths,the farmer sat gloomily on the bench and would not eat and you cannot wonder for he saw us putting potfuls of his good beef and basket loads of bread into our big mouths,0.0,0.0,9.785,34
you would not eat with us you cannot say no to half of my ale i drink this to your health,you would not eat with us you cannot say no to half of my ale i drink this to your health,0.0,0.0,5.28,21
then i drank half of the hornful and sent the rest across the fire to the farmer he took it and smiled saying,then i drank half of the hornful and set the rest across the fire to the farmer he took it and smiled saying,0.0435,0.0092,6.615,23
did you ever have such a lordly guest before i went on,did you ever have such a lordly guest before i went on,0.0,0.0,3.945,12
so i will give out this law that my men shall never leave you alone,so i will give out this law that my men shall never leave you alone,0.0,0.0,4.26,15
hakon there shall be your constant companion friend farmer,hawken there shall be your constant companion friend farmer,0.1111,0.0345,3.575,9
he shall not leave you day or night whether you are working or playing or sleeping,he shall not leave you day or night whether you are working or playing or sleeping or,0.0625,0.0366,4.18,16
i named nine others and said,i named nine others and said,0.0,0.0,1.995,6
and these shall follow your thralls in the same way,and these shall follow your thralls in the same way,0.0,0.0,2.81,10
so i set guards over every one in that house,so i set guards over everyone in that house and,0.3,0.1136,2.83,10
so no tales got out to the neighbors besides it was a lonely place and by good luck no one came that way,so no tales got out to the neighbors besides it was a lonely place and by good luck no one came that way,0.0,0.0,6.095,23
their eyes danced big thorleif stood up and stretched himself,their eyes danced big tor leaf stood up and stretched himself,0.2,0.0492,3.77,10
i am stiff with long sitting he said i itch for a fight i turned to the farmer,im stiff with long sitting he said i itch for a fight i turned to the farmer,0.1111,0.0256,4.855,18
this is our last feast with you i said,this is our last feast with you i said,0.0,0.0,2.385,9
by the beard of odin i cried you have taken our joke like a man,by the beard of odin i cried you have taken our joke like a man,0.0,0.0,3.745,15
my men pounded the table with their fists,my men pounded the table with their fists,0.0,0.0,2.535,8
by the hammer of thor shouted grim here is no stingy coward,by the hammer o thor shouted grimm there is no stingy coward,0.25,0.0508,3.96,12
here friend take it and he thrust it into the farmers hand,here friend take it and he thrust it into the farmers hand,0.0,0.0,3.305,12
may you drink hearts ease from it for many years,may you drink hearts ease from it for many years and,0.1,0.0833,2.885,10
and with it i leave you a name sif the friendly i shall hope to drink with you sometime in valhalla,and with it i leave you a name sif the friendly i shall hope to drink with you some time in valhalla,0.0952,0.0101,5.57,21
here is a ring for sif the friendly and here is a bracelet a sword would not be ashamed to hang at your side,here is a ring for sift the friendly and here is a bracelet and a sword would not be ashamed to hang at your side,0.0833,0.0463,5.88,24
i took five great bracelets of gold from our treasure chest and gave them to him,i took five great bracelets of gold from our treasure chest and gave them to him,0.0,0.0,3.93,16
that is the best way to decide for the spear will always point somewhere and one thing is as good as another,that is the best way to decide for the spear will always point somewhere and one thing is as good as another,0.0,0.0,5.745,22
that time it pointed us into your fathers ships,that time it pointed us into your fathers ships and,0.1111,0.0851,2.77,9
here they said is a rascal who has been harrying our coasts,here they said is a rascal who has been harrying our coasts,0.0,0.0,3.07,12
we sunk his ship and men but him we brought to you,we sunk his ship and men but him we brought to you,0.0,0.0,3.075,12
a robber viking said the king and scowled at me,a robber viking said the king and he scowled at me,0.1,0.0638,3.225,10
yes and with all your fingers it took you a year to catch me the king frowned more angrily,yes and with all your fingers it took you a year to catch me the king frowned more angrily,0.0,0.0,5.47,19
take him out thorkel and let him taste your sword,take him out torkoal and let him taste your sword,0.1,0.0612,2.615,10
your mother the queen was standing by,your mother the queen was standing by,0.0,0.0,2.14,7
now she put her hand on his arm and smiled and said,now she put her hand on his arm and smiled and said,0.0,0.0,2.9,12
and would he not be a good gift for our baby,and would he not be a good gift for our baby,0.0,0.0,2.515,11
your father thought a moment then looked at your mother and smiled,your father thought a moment then looked at your mother and smiled,0.0,0.0,3.3,12
soft heart he said gently to her then to thorkel well let him go thorkel,soft heart he said gently to her then to torquell well let him go torkoal,0.1333,0.0972,5.195,15
then he turned to me again frowning,then he turned to me again frowning,0.0,0.0,2.215,7
but young sharp tongue now that we have caught you we will put you into a trap that you cannot get out of,but young sharp tongue now that we have caught you we will put you into a trap that you cannot get out of,0.0,0.0,5.565,23
so i lived and now am your tooth thrall well it is the luck of war,so i lived and now im your tooth thrall well it is the luck of war,0.0625,0.0152,4.235,16
it is manifest that man is now subject to much variability,it is manifest that man is now subject to much variability,0.0,0.0,3.65,11
so it is with the lower animals,so it is with the lower animals,0.0,0.0,2.215,7
the variability of multiple parts,the variability of multiple parts,0.0,0.0,2.335,5
but this subject will be more properly discussed when we treat of the different races of mankind,but this subject will be more properly discussed when we treat of the different races of mankind,0.0,0.0,5.055,17
effects of the increased use and disuse of parts,effects of the increased use and disuse of parts,0.0,0.0,3.565,9
i remained there alone for many hours but i must acknowledge that before i left the chambers i had gradually brought myself to look at the matter in another light,i remained there alone for many hours but i must acknowledge that before i left the chambers i had gradually brought myself to look at the matter in another light,0.0,0.0,8.745,30
had eva crasweller not been good looking had jack been still at college had sir kennington oval remained in england had mister bunnit and the bar keeper not succeeded in stopping my carriage on the hill should i have succeeded in arranging for the final departure of my old friend,had eva cressweller not been good looking had jack been still at college had sir kennington oval remained in england had mister bunnet and the barkeeper not succeeded in stopping my carriage on the hill should i have succeeded in arranging for the final departure of my old friend,0.08,0.0143,18.125,50
on arriving at home at my own residence i found that our salon was filled with a brilliant company,on arriving at home at my own residence i found that our salon was filled with a brilliant company,0.0,0.0,6.24,19
as i spoke i made him a gracious bow and i think i showed him by my mode of address that i did not bear any grudge as to my individual self,as i spoke i made him a gracious bow and i think i showed him by my mode of address that i did not bear any grudge as to my individual self,0.0,0.0,10.72,32
i have come to your shores mister president with the purpose of seeing how things are progressing in this distant quarter of the world,i have come to your shores mister president with the purpose of seeing how things are progressing in this distant quarter of the world,0.0,0.0,7.84,24
we have our little struggles here as elsewhere and all things cannot be done by rose water,we have our little struggles here as elsewhere and all things cannot be done by rosewater,0.1176,0.0111,5.685,17
we are quite satisfied now captain battleax said my wife,we are quite satisfied now captain battleaxe said my wife,0.1,0.0179,4.52,10
quite satisfied said eva,quite satisfied said eva,0.0,0.0,2.67,4
the ladies in compliance with that softness of heart which is their characteristic are on one side and the men by whom the world has to be managed are on the other,the ladies in compliance with that softness of heart which is their characteristic are on one side and the men by whom the world has to be managed are on the other,0.0,0.0,11.835,32
no doubt in process of time the ladies will follow,no doubt in process of time the ladies will follow,0.0,0.0,4.58,10
their masters said missus neverbend,theyre masters said misses neverbend,0.4,0.0857,3.1,5
i did not mean said captain battleax to touch upon public subjects at such a moment as this,i did not mean said captain battalax to touch upon public subjects at such a moment as this,0.0556,0.022,6.63,18
missus neverbend you must indeed be proud of your son,misses neverbend you must indeed be proud of your son,0.1,0.0189,3.525,10
jack had been standing in the far corner of the room talking to eva and was now reduced to silence by his praises,jack had been standing in the far corner of the room talking to eva and was now reduced to silence by his praises,0.0,0.0,7.41,23
sir kennington oval is a very fine player said my wife,sir kennington oval is a very fine player said my wife,0.0,0.0,4.12,11
i and my wife and son and the two craswellers and three or four others agreed to dine on board the ship on the next,i and my wife and son and the two cresswellers and three or four others agreed to dine on board the ship on the next,0.04,0.0174,8.615,25
this i felt was paid to me as being president of the republic and i endeavoured to behave myself with such mingled humility and dignity as might befit the occasion but i could not but feel that something was wanting to the simplicity of my ordinary life,this i felt was paid to me as being president of the republic and i endeavoured to behave myself with such mingled humility and dignity as might befit the occasion but i could not but feel that something was wanting to the simplicity of my ordinary life,0.0,0.0,16.24,47
my wife on the spur of the moment managed to give the gentlemen a very good dinner,my wife on the spur of the moment managed to give the gentleman a very good dinner,0.0588,0.0122,5.33,17
this she said was true hospitality and i am not sure that i did not agree with her,this she said was true hospitality and i am not sure that i did not agree with that,0.0556,0.0366,5.925,18
then there were three or four leading men of the community with their wives who were for the most part the fathers and mothers of the young ladies,then there were three or four leading men of the community with their wives who were for the most part the fathers and mothers of the young ladies,0.0,0.0,8.105,28
oh yes said jack and im nowhere,oh yes said jack and im nowhere,0.0,0.0,3.155,7
but i mean to have my innings before long,but i mean to have my innings before long,0.0,0.0,2.715,9
of what missus neverbend had gone through in providing birds beasts and fishes not to talk of tarts and jellies for the dinner of that day no one but myself can have any idea but it must be admitted that she accomplished her task with thorough success,of what misses neverben had gone through in providing birds beasts and fishes not to talk of tarts and jellies for the dinner of that day no one but myself can have any idea but it must be admitted that she accomplished her task with thorough success,0.0426,0.008,16.36,47
we sat with the officers some little time after dinner and then went ashore,we sat with the officers some little time after dinner and then went ashore,0.0,0.0,4.73,14
how much of evil of real accomplished evil had there not occurred to me during the last few days,how much of evil of real accomplished evil had there not occurred to me during the last few days,0.0,0.0,7.56,19
what could i do now but just lay myself down and die,what could i do now but just lay myself down and die,0.0,0.0,3.63,12
and the death of which i dreamt could not alas,and the death of which i dreamt could not alas,0.0,0.0,3.0,10
when this captain should have taken himself and his vessel back to england i would retire to a small farm which i possessed at the farthest side of the island and there in seclusion would i end my days,when this captain should have taken himself and his vessel back to england i would retire to a small farm which i possessed at the further side of the island and there in seclusion would i end my days,0.0256,0.0149,12.625,39
jack would become evas happy husband and would remain amidst the hurried duties of the eager world,jack would become evas happy husband and would remain amidst the hurried duties of the eager world,0.0,0.0,7.735,17
thinking of all this i went to sleep,thinking of all this i went to sleep,0.0,0.0,3.085,8
mister neverbend began the captain and i observed that up to that moment he had generally addressed me as president it cannot be denied that we have come here on an unpleasant mission,mister neverbend began the captain and i observed that up to that moment he had generally addressed me as president it cannot be denied that we have come here on an unpleasant mission,0.0,0.0,12.845,33
you have received us with all that courtesy and hospitality for which your character in england stands so high,you have received us with all that courtesy and hospitality for which your character in england stands so high,0.0,0.0,7.67,19
it is a duty said i,it is a duty said i,0.0,0.0,2.14,6
but your power is so superior to any that i can advance as to make us here feel that there is no disgrace in yielding to it,but your power is so superior to any that i can advance as to make us here feel that there is no disgrace in yielding to it,0.0,0.0,7.51,27
not a doubt but had your force been only double or treble our own i should have found it my duty to struggle with you,not a doubt but had your force been only double or treble our own i should have found it my duty to struggle with you,0.0,0.0,7.7,25
that is all quite true mister neverbend said sir ferdinando brown,that is all quite true mister neverben said sir ferdinando brown,0.0909,0.0154,4.99,11
i can afford to smile because i am absolutely powerless before you but i do not the less feel that in a matter in which the progress of the world is concerned i or rather we have been put down by brute force,i can afford to smile because i am absolutely powerless before you but i do not the less feel that in a matter of which the progress of the world is concerned i or rather we have been put down by brute force,0.0233,0.0097,15.065,43
you have come to us threatening us with absolute destruction,you have come to us threatening us with absolute destruction,0.0,0.0,4.735,10
therefore i feel myself quite able as president of this republic to receive you with a courtesy due to the servants of a friendly ally,therefore i feel myself quite able as president of this republic to receive you with a courtesy due to the servants of a friendly ally,0.0,0.0,10.03,25
i can assure you he has not even allowed me to see the trigger since i have been on board,i can assure you he has not even allowed me to see the trigger since i have been on board,0.0,0.0,5.59,20
then said sir ferdinando there is nothing for it but that he must take you with him,then said sir ferdinando there is nothing for it but that we must take you with him,0.0588,0.012,6.195,17
there came upon me a sudden shock when i heard these words which exceeded anything which i had yet felt,there came upon me a sudden shock when i heard these words which exceeded anything which i had yet felt,0.0,0.0,6.37,20
you hear what sir ferdinando brown has said replied captain battleax,you hear what sir ferdinando brown has said replied captain battleaxe,0.0909,0.0147,4.78,11
but what is the delicate mission i asked,but what is the delicate mission i asked,0.0,0.0,3.145,8
i was to be taken away and carried to england or elsewhere or drowned upon the voyage it mattered not which,i was to be taken away and carried to england or elsewhere or drowned upon the voyage it mattered not which,0.0,0.0,7.17,21
then the republic of britannula was to be declared as non existent and the british flag was to be exalted and a british governor installed in the executive chambers,then the republic of britannula was to be declared as non existent and the british flag was to be exalted and a british governor installed in the executive chambers,0.0,0.0,11.285,29
you may be quite sure its there said captain battleax and that i can so use it as to half obliterate your town within two minutes of my return on board,you may be quite sure its there said captain battleaxe and that i can so use it as to half obliterate your town within two minutes of my return on board,0.0323,0.0066,9.33,31
you propose to kidnap me i said,you propose to kidnap me i said,0.0,0.0,2.54,7
what would become of your gun were i to kidnap you,what would become of your gun were i to kidnap you,0.0,0.0,3.43,11
lieutenant crosstrees is a very gallant officer,lieutenant crosstrees is a very gallant officer,0.0,0.0,4.11,7
one of us always remains on board while the other is on shore,one of us always remains on board while the other is on shore,0.0,0.0,3.945,13
what world wide iniquity such a speech as that discloses said i still turning myself to the captain for though i would have crushed them both by my words had it been possible my dislike centred itself on sir ferdinando,what worldwide iniquity such a speech as that discloses said i still turning myself to the captain for though i would have crushed them both by my words had it been possible my dislike centred itself on sir ferdinando,0.05,0.0046,13.96,40
you will allow me to suggest said he that that is a matter of opinion,you will allow me to suggest said he that that is a matter of opinion,0.0,0.0,4.94,15
were i to comply with your orders without expressing my own opinion i should seem to have done so willingly hereafter,were i to comply with your orders without expressing my own opinion i should seem to have done so willingly hereafter,0.0,0.0,6.955,21
the letter ran as follows,the letter ran as follows,0.0,0.0,2.52,5
sir i have it in command to inform your excellency that you have been appointed governor of the crown colony which is called britannula,sir i have it in command to inform your excellency that you have been appointed governor of the crown colony which is called britannulah,0.0417,0.0074,9.555,24
the peculiar circumstances of the colony are within your excellencys knowledge,the peculiar circumstances of the colony are within your excellencys knowledge,0.0,0.0,5.545,11
but in their selection of a constitution the britannulists have unfortunately allowed themselves but one deliberative assembly and hence have sprung their present difficulties,but in their selection of a constitution the briton eulists have unfortunately allowed themselves but one deliberate assembly and hence has sprung their present difficulties,0.1667,0.04,10.81,24
it is founded on the acknowledged weakness of those who survive that period of life at which men cease to work,it is founded on the acknowledged weakness of those who survived that period of life at which men cease to work,0.0476,0.0091,7.16,21
but it is surmised that you will find difficulties in the way of your entering at once upon your government,but it is surmised that you will find difficulties in the way of your entering at once upon your governor,0.05,0.0374,5.535,20
the john bright is armed with a weapon of great power against which it is impossible that the people of britannula should prevail,the john bright is armed with a weapon of great power against which it is impossible that the people of briton eula should prevail,0.087,0.0233,7.075,23
you will carry out with you one hundred men of the north north west birmingham regiment which will probably suffice for your own security as it is thought that if mister neverbend be withdrawn the people will revert easily to their old habits of obedience,you will carry out with you one hundred men of the north north west birmingham regiment which will probably suffice for your own security as it is thought that if mister neverben be withdrawn the people will revert easily to their old habits of obedience,0.0222,0.0039,15.645,45
when do you intend that the john bright shall start,when do you intend that the john bright shall start,0.0,0.0,3.05,10
to day i shouted,today i shouted,0.5,0.0625,2.26,4
and i have no one ready to whom i can give up the archives of the government,and i have no one ready to whom i can give up the archives of the government,0.0,0.0,3.835,17
i shall be happy to take charge of them said sir ferdinando,i shall be happy to take charge of them said sir ferdinando,0.0,0.0,3.915,12
they of course must all be altered,they of course must all be altered,0.0,0.0,2.76,7
or of the habits of our people it is quite impossible,or of the habits of our people it is quite impossible,0.0,0.0,3.755,11
your power is sufficient i said,your power is sufficient i said,0.0,0.0,2.59,6
if you will give us your promise to meet captain battleax here at this time to morrow we will stretch a point and delay the departure of the john bright for twenty four hours,if you will give us your promise to meet captain adelax here at this time to morrow we will stretch a point and delay the departure of the john bright for twenty four hours,0.0294,0.023,8.915,34
and this plan was adopted too in order to extract from me a promise that i would depart in peace,and this plan was adopted too in order to extract from me a promise that i would depart in peace,0.0,0.0,5.945,20
in every way they sought to undermine the authority of saint paul,in every way they sought to undermine the authority of saint paul,0.0,0.0,3.73,12
they said to the galatians you have no right to think highly of paul,they said to the galatians you have no right to think highly of paul,0.0,0.0,3.945,14
he was the last to turn to christ,he was the last to turn to christ,0.0,0.0,2.025,8
paul came later and is beneath us,paul came later and is beneath us,0.0,0.0,2.48,7
indeed he persecuted the church of christ for a long time,indeed he persecuted the church of christ for a long time,0.0,0.0,3.81,11
do you suppose that god for the sake of a few lutheran heretics would disown his entire church,do you suppose that god for the sake of a few lutheran heretics would disown his entire church,0.0,0.0,6.45,18
against these boasting false apostles paul boldly defends his apostolic authority and ministry,against these boasting false apostles paul boldly defends his apostolic authority in ministry,0.0769,0.0213,6.41,13
as the ambassador of a government is honored for his office and not for his private person so the minister of christ should exalt his office in order to gain authority among men,as the ambassador of a government is honored for his office and not for his private person so the minister of christ should exalt his office in order to gain authority among men,0.0,0.0,10.19,33
paul takes pride in his ministry not to his own praise but to the praise of god,paul takes pride in his ministry not to his own praise but to the praise of god,0.0,0.0,4.84,17
paul an apostle not of men et cetera,paul and apostle not of men etcetera,0.375,0.0556,3.885,8
either he calls ministers through the agency of men or he calls them directly as he called the prophets and apostles,either he calls ministers through the agency of men or he calls them directly as he called the prophets and apostles,0.0,0.0,6.525,21
paul declares that the false apostles were called or sent neither by men nor by man,paul declares that the false apostles were called or sent neither by men nor by man,0.0,0.0,5.525,16
the most they could claim is that they were sent by others,the most they could claim is that they were sent by others,0.0,0.0,3.42,12
he mentions the apostles first because they were appointed directly by god,he mentions the apostles first because they were appointed directly by god,0.0,0.0,4.145,12
the call is not to be taken lightly,the call is not to be taken lightly,0.0,0.0,2.525,8
for a person to possess knowledge is not enough,for a person to possess knowledge is not enough,0.0,0.0,2.685,9
it spoils ones best work,it spoils ones best work,0.0,0.0,2.37,5
when i was a young man i thought paul was making too much of his call,when i was a young man i thought paul was making too much of his call,0.0,0.0,3.665,16
i did not then realize the importance of the ministry,i did not then realize the importance of the ministry,0.0,0.0,3.42,10
i knew nothing of the doctrine of faith because we were taught sophistry instead of certainty and nobody understood spiritual boasting,i knew nothing of the doctrine of faith because we were taught sophistry instead of certainty and nobody understood spiritual boasting,0.0,0.0,7.015,21
this is no sinful pride it is holy pride,this is no sinful pride it is holy pride,0.0,0.0,3.46,9
and god the father who raised him from the dead,and god the father who raised him from the dead,0.0,0.0,2.91,10
the clause seems superfluous on first sight,the claw seemed superfluous on first sight,0.2857,0.1163,3.27,7
these perverters of the righteousness of christ resist the father and the son and the works of them both,these perverters of the righteousness of christ resist the father and the son and the works of them both,0.0,0.0,6.16,19
in this whole epistle paul treats of the resurrection of christ,in this whole epistle paul treats of the resurrection of christ,0.0,0.0,3.935,11
by his resurrection christ won the victory over law sin flesh world devil death hell and every evil,by his resurrection christ won the victory over law sin flesh world devil death hell and every evil,0.0,0.0,8.795,18
verse two,verse two,0.0,0.0,1.485,2
and all the brethren which are with me,and all the brethren which are with me,0.0,0.0,2.27,8
this should go far in shutting the mouths of the false apostles,this should go far in shutting the mouths of the false apostles,0.0,0.0,3.54,12
although the brethren with me are not apostles like myself yet they are all of one mind with me think write and teach as i do,although the brethren with me are not apostles like myself yet they are all of one mind with me think write and teach as i do,0.0,0.0,9.075,26
they do not go where the enemies of the gospel predominate they go where the christians are,they do not go where the enemies of the gospel predominate they go where the christians are,0.0,0.0,5.25,17
why do they not invade the catholic provinces and preach their doctrine to godless princes bishops and doctors as we have done by the help of god,why do they not invade the catholic provinces and preach their doctrine to godless princes bishops and doctors as we have done by the help of god,0.0,0.0,8.485,27
we look for that reward which eye hath not seen nor ear heard neither hath entered into the heart of man,we look for that reward which eye hath not seen nor ear heard neither hath entered into the heart of man,0.0,0.0,7.22,21
not all the galatians had become perverted,not all the galatians had become perverted,0.0,0.0,2.71,7
these means cannot be contaminated,these means cannot be contaminated,0.0,0.0,2.97,5
they remain divine regardless of mens opinion,they remained divine regardless of mens opinion,0.1429,0.0444,3.335,7
wherever the means of grace are found there is the holy church even though antichrist reigns there,wherever the means of grace are found there is the holy church even though antichrist reigns there,0.0,0.0,5.765,17
so much for the title of the epistle now follows the greeting of the apostle verse three,so much for the title of the epistle now follows the greeting of the apostle verse three,0.0,0.0,6.42,17
grace be to you and peace from god the father and from our lord jesus christ,grace be to you and peace from god the father and from our lord jesus christ,0.0,0.0,5.54,16
the terms of grace and peace are common terms with paul and are now pretty well understood,the terms of grace and peace are common terms with paul and are now pretty well understood,0.0,0.0,5.195,17
the greeting of the apostle is refreshing,the greeting of the apostle is refreshing,0.0,0.0,2.62,7
grace involves the remission of sins peace and a happy conscience,grace involves the remission of sins peace and a happy conscience,0.0,0.0,4.89,11
the world brands this a pernicious doctrine,the world brands this a pernicious doctrine,0.0,0.0,3.02,7
experience proves this,experience proves this,0.0,0.0,1.975,3
however the grace and peace of god will,however the grace and peace of god will,0.0,0.0,3.49,8
men should not speculate about the nature of god,men should not speculate about the nature of god,0.0,0.0,3.51,9
was it not enough to say from god the father,was it not enough to save from god the father,0.1,0.0455,2.84,10
to do so is to lose god altogether because god becomes intolerable when we seek to measure and to comprehend his infinite majesty,to do so is to lose god altogether because god becomes intolerable when we seek to measure and to comprehend his infinite majesty,0.0,0.0,7.865,23
he came down to earth lived among men suffered was crucified and then he died standing clearly before us so that our hearts and eyes may fasten upon him,he came down to earth lived among men suffered was crucified and then he died standing clearly before us so that our hearts and eyes may fasten upon him,0.0,0.0,10.44,29
embrace him and forget about the nature of god,embrace him and forget about the nature of god,0.0,0.0,3.42,9
did not christ himself say i am the way and the truth and the life no man cometh unto the father but by me,did not christ himself say i am the way and the truth and the life no man cometh unto the father but by me,0.0,0.0,7.475,24
when you argue about the nature of god apart from the question of justification you may be as profound as you like,when you argue about the nature of god apart from the question of justification you may be as profound as you like,0.0,0.0,6.44,22
we are to hear christ who has been appointed by the father as our divine teacher,we are to hear christ who has been appointed by the father as our divine teacher,0.0,0.0,4.88,16
at the same time paul confirms our creed that christ is very god,at the same time paul confirms our creed that christ is very god,0.0,0.0,5.015,13
that christ is very god is apparent in that paul ascribes to him divine powers equally with the father as for instance the power to dispense grace and peace,that christ is very god is apparent in that paul ascribes to him divine powers equally with the father as for instance the power to dispense grace and peace,0.0,0.0,10.085,29
to bestow peace and grace lies in the province of god who alone can create these blessings the angels cannot,to bestow peace and grace lies in the province of god who alone can create these blessings the angels cannot,0.0,0.0,7.335,20
otherwise paul should have written grace from god the father and peace from our lord jesus christ,otherwise paul should have written grace from god the father and peace from our lord jesus christ,0.0,0.0,5.35,17
the arians took christ for a noble and perfect creature superior even to the angels because by him god created heaven and earth,the arians took christ for a noble and perfect creature superior even to the angels because by him god created heaven and earth,0.0,0.0,8.07,23
mohammed also speaks highly of christ,muhammad also speaks highly of christ,0.1667,0.0541,2.69,6
paul sticks to his theme,paul sticks to his theme,0.0,0.0,1.825,5
he never loses sight of the purpose of his epistle,he never loses sight of the purpose of his epistle,0.0,0.0,2.675,10
not gold or silver or paschal lambs or an angel but himself what for,not gold or silver or pastal lambs or an angel but himself what for,0.0714,0.0294,7.12,14
not for a crown or a kingdom or our goodness but for our sins,not for a crown or a kingdom or our goodness but for our sins,0.0,0.0,5.44,14
underscore these words for they are full of comfort for sore consciences,underscore these words for they are full of comfort for sore consciences,0.0,0.0,5.415,12
how may we obtain remission of our sins,how may we obtain remission of our sins,0.0,0.0,2.88,8
paul answers the man who is named jesus christ and the son of god gave himself for our sins,paul answers the man who is named jesus christ and the son of god gave himself for our sins,0.0,0.0,6.515,19
since christ was given for our sins it stands to reason that they cannot be put away by our own efforts,since christ was given for our sins it stands to reason that they cannot be put away by our own efforts,0.0,0.0,6.085,21
this sentence also defines our sins as great so great in fact that the whole world could not make amends for a single sin,this sentence also defines our sins as great so great in fact that the whole world could not make amends for a single sin,0.0,0.0,8.13,24
the greatness of the ransom christ the son of god indicates this,the greatness of the ransom christ the son of god indicates this,0.0,0.0,5.0,12
the vicious character of sin is brought out by the words who gave himself for our sins,the vicious character of sin is brought out by the words who gave himself for our sins,0.0,0.0,5.555,17
but we are careless we make light of sin,but we are careless we make light of sin,0.0,0.0,3.73,9
we think that by some little work or merit we can dismiss sin,we think that by some little work or merit we can dismiss sin,0.0,0.0,3.96,13
this passage then bears out the fact that all men are sold under sin,this passage then bears out the fact that all men are sold under sin,0.0,0.0,4.855,14
this attitude springs from a false conception of sin the conception that sin is a small matter easily taken care of by good works that we must present ourselves unto god with a good conscience that we must feel no sin before we may feel that christ was given for our sins,this attitude springs from a false conception of sin the conception that sin is a small matter easily taken care of by good works that we must present ourselves unto god with a good conscience that we must feel no sin before we may feel that christ was given for our sins,0.0,0.0,16.56,52
this attitude is universal and particularly developed in those who consider themselves better than others,this attitude is universal and particularly developed in those who consider themselves better than others,0.0,0.0,5.7,15
but the real significance and comfort of the words for our sins is lost upon them,but the real significance and comfort of the words for our sins is lost upon them,0.0,0.0,5.79,16
on the other hand we are not to regard them as so terrible that we must despair,on the other hand we are not to regard them as so terrible that we must despair,0.0,0.0,4.81,17
we want you to help us publish some leading work of luthers for the general american market will you do it,we want you to help us publish some leading work of luthers for the general american market will you do it,0.0,0.0,6.12,21
the condition is that i will be permitted to make luther talk american streamline him so to speak because you will never get people whether in or outside the lutheran church actually to read luther unless we make him talk as he would talk today to americans,the condition is that i will be permitted to make luther talk american streamline him so to speak because you will never get people whether in or outside the lutheran church actually to read luther unless we make him talk as he would talk today to americans,0.0,0.0,16.125,47
let us begin with that his commentary on galatians,let us begin with that his commentary on galatians,0.0,0.0,4.315,9
the undertaking which seemed so attractive when viewed as a literary task proved a most difficult one and at times became oppressive,the undertaking which seemed so attractive when viewed as a literary task proved a most difficult one and at times became oppressive,0.0,0.0,8.085,22
it was written in latin,it was written in latin,0.0,0.0,1.945,5
the work had to be condensed,the work had to be condensed,0.0,0.0,2.105,6
a word should now be said about the origin of luthers commentary on galatians,a word should now be said about the origin of luthers commentary on galatians,0.0,0.0,4.55,14
much later when a friend of his was preparing an edition of all his latin works he remarked to his home circle if i had my way about it they would republish only those of my books which have doctrine my galatians for instance,much later when a friend of his was preparing an edition of all his latin works he remarked to his home circle if i had my way about it they would republish only those of my books which have doctrine my galatians for instance,0.0,0.0,14.675,44
in other words these three men took down the lectures which luther addressed to his students in the course of galatians and roerer prepared the manuscript for the printer,in other words these three men took down the lectures which luther addressed to his students in the course of galatians and rohrer prepared the manuscript for the printer,0.0345,0.0059,9.44,29
it presents like no other of luthers writings the central thought of christianity the justification of the sinner for the sake of christs merits alone,it presents like no other of luthers writings the central thought of christianity the justification of the sinner for the sake of christs merits alone,0.0,0.0,8.35,25
but the essence of luthers lectures is there,but the essence of luthers lectures is there,0.0,0.0,3.36,8
the lord who has given us power to teach and to hear let him also give us the power to serve and to do luke two,the lord who has given us power to teach and to hear let him also give us the power to serve and to do luce two,0.0385,0.009,9.45,26
the word of our god shall stand forever,the word of our god shall stand for ever,0.25,0.0256,3.625,8
mainhall liked alexander because he was an engineer,mainhall liked alexander because he was an engineer,0.0,0.0,3.495,8
he had preconceived ideas about everything and his idea about americans was that they should be engineers or mechanics,he had preconceived ideas about everything and his idea about americans was that they should be engineers or mechanics,0.0,0.0,6.35,19
its tremendously well put on too,its tremendously well put on too,0.0,0.0,2.385,6
its been on only two weeks and ive been half a dozen times already,its been on only two weeks and ive been half a dozen times already,0.0,0.0,3.7,14
do you know alexander mainhall looked with perplexity up into the top of the hansom and rubbed his pink cheek with his gloved finger do you know i sometimes think of taking to criticism seriously myself,dye know alexander mainhall looked with perplexity up into the top of the hansom and rubbed his pink cheek with his gloved finger do you know i sometimes think of taking to criticism seriously myself,0.0556,0.0198,12.01,36
she saves her hand too shes at her best in the second act,she saves her hand too shes at her best in the second act,0.0,0.0,3.395,13
hes been wanting to marry hilda these three years and more,hes been wanting to marry hilda these three years and more,0.0,0.0,2.905,11
she doesnt take up with anybody you know,she doesnt take up with anybody you know,0.0,0.0,2.1,8
irene burgoyne one of her family told me in confidence that there was a romance somewhere back in the beginning,irene burgoyne one of her family told me in confidence that there was a romance somewhere back in the beginning,0.0,0.0,5.495,20
mainhall vouched for her constancy with a loftiness that made alexander smile even while a kind of rapid excitement was tingling through him,mainhall vouched for her constancy with a loftiness that made alexander smile even while a kind of rapid excitement was tingling through him,0.0,0.0,7.82,23
hes another whos awfully keen about her let me introduce you,hes another whos awfully keen about her let me introduce you,0.0,0.0,3.135,11
sir harry towne mister bartley alexander the american engineer,sir harry town mister bartley alexander the american engineer,0.1111,0.0161,3.945,9
i say sir harry the little girls going famously to night isnt she,i say sir harry the little girls going famously to night isnt she,0.0,0.0,3.78,13
do you know i thought the dance a bit conscious to night for the first time,you know i thought the dance a bit conscious tonight for the first time,0.1875,0.0533,4.4,16
westmere and i were back after the first act and we thought she seemed quite uncertain of herself,westmere and i were back after the first act and we thought she seemed quite uncertain of herself,0.0,0.0,5.34,18
a little attack of nerves possibly,a little attack of nerves possibly,0.0,0.0,2.595,6
he was beginning to feel a keen interest in the slender barefoot donkey girl who slipped in and out of the play singing like some one winding through a hilly field,he was beginning to feel a keen interest in the slender barefoot donkey girl who slipped in and out of the play singing like someone winding through a hilly field,0.0645,0.0061,10.205,31
one night when he and winifred were sitting together on the bridge he told her that things had happened while he was studying abroad that he was sorry for one thing in particular and he asked her whether she thought she ought to know about them,one night when he and winifred were sitting together on the bridge he told her that things had happened while he was studying abroad that he was sorry for one thing in particular and he asked her whether she thought she ought to know about them,0.0,0.0,12.26,46
she considered a moment and then said no i think not though i am glad you ask me,she considered for a moment and then said no i think not though i am glad you asked me,0.1111,0.075,5.715,18
after that it was easy to forget actually to forget,after that it was easy to forget actually to forget,0.0,0.0,3.825,10
of course he reflected she always had that combination of something homely and sensible and something utterly wild and daft,of course he reflected she always had that combination of something homely and sensible and something utterly wild and daft,0.0,0.0,7.55,20
she must care about the theatre a great deal more than she used to,she must care about the theatre a great deal more than she used to,0.0,0.0,3.56,14
im glad shes held her own since,im glad shes held her own since,0.0,0.0,2.325,7
after all we were awfully young,after all we were awfully young,0.0,0.0,2.265,6
i shouldnt wonder if she could laugh about it with me now,i shouldnt wonder if she could laugh about it with me now,0.0,0.0,3.16,12
hilda was very nice to him and he sat on the edge of his chair flushed with his conversational efforts and moving his chin about nervously over his high collar,hilda was very nice to him and he sat on the edge of his chair flushed with his conversational efforts and moving his chin about nervously over his high collar,0.0,0.0,8.995,30
they asked him to come to see them in chelsea and they spoke very tenderly of hilda,they asked him to come to see them in chelsea and they spoke very tenderly of hilda,0.0,0.0,4.66,17
lamb wouldnt care a great deal about many of them i fancy,lamb wouldnt care a great deal about many of them i fancy,0.0,0.0,3.295,12
when bartley arrived at bedford square on sunday evening marie the pretty little french girl met him at the door and conducted him upstairs,when bartley arrived at bedford square on sunday evening marie the pretty little french girl met him at the door and conducted him upstairs,0.0,0.0,7.835,24
i should never have asked you if molly had been here for i remember you dont like english cookery,i should never have asked you if molly had been here for i remember you dont like english cookery,0.0,0.0,5.435,19
i havent had a chance yet to tell you what a jolly little place i think this is,i havent had a chance yet to tell you what a jolly little place i think this is,0.0,0.0,4.125,18
they are all sketches made about the villa deste you see,they are all sketches made about the villa deste you see and,0.0909,0.0714,2.94,11
those fellows are all very loyal even mainhall,those fellows are all very loyal even mainhall,0.0,0.0,3.095,8
ive managed to save something every year and that with helping my three sisters now and then and tiding poor cousin mike over bad seasons,ive managed to save something every year and that with helping my three sisters now and then and tiding poor cousin mike over bad seasons,0.0,0.0,7.715,25
its not particularly rare she said but some of it was my mothers,its not particularly rare she said but some of it was my mothers,0.0,0.0,4.015,13
there was watercress soup and sole and a delightful omelette stuffed with mushrooms and truffles and two small rare ducklings and artichokes and a dry yellow rhone wine of which bartley had always been very fond,there was watercress soup and sole and a delightful omelette stuffed with mushrooms and truffles and two small rare ducklings and artichokes and a dry yellow roan wine of which bartley had always been very fond,0.0278,0.0142,12.44,36
there is nothing else that looks so jolly,theres nothing else that looks so jolly,0.25,0.0488,2.79,8
thank you but i dont like it so well as this,thank you but i dont like it so well as this,0.0,0.0,2.98,11
have you been in paris much these late years,have you been in paris much these late years,0.0,0.0,2.625,9
there are few changes in the old quarter,there are a few changes in the old quarter,0.125,0.05,2.39,8
dont i though im so sorry to hear it how did her son turn out,dont i though im so sorry to hear it how did her son turn out,0.0,0.0,4.505,15
her hair is still like flax and her blue eyes are just like a babys and she has the same three freckles on her little nose and talks about going back to her bains de mer,her hair is still like flax and her blue eyes are just like a babys and she has the same three freckles on her little nose and talks about going back to her band de mer,0.0278,0.0118,9.645,36
how jolly it was being young hilda,how jolly it was being young hilda,0.0,0.0,2.74,7
do you remember that first walk we took together in paris,do you remember that first walk we took together in paris,0.0,0.0,3.4,11
come well have our coffee in the other room and you can smoke,come well have our coffee in the other room and you can smoke,0.0,0.0,3.115,13
i think we did she answered demurely,i think we did she answered demurely,0.0,0.0,2.74,7
what she wanted from us was neither our flowers nor our francs but just our youth,what she wanted from us was neither our flowers nor our francs but just our youth,0.0,0.0,5.255,16
they were both remembering what the woman had said when she took the money god give you a happy love,they were both remembering what the woman had said when she took the money god give you a happy love,0.0,0.0,5.865,20
the strange woman and her passionate sentence that rang out so sharply had frightened them both,the strange woman and her passionate sentence that rang out so sharply had frightened them both,0.0,0.0,6.1,16
bartley started when hilda rang the little bell beside her dear me why did you do that,bartley started when hilda rang the little bell beside her dear me why did you do that,0.0,0.0,4.825,17
it was very jolly he murmured lazily as marie came in to take away the coffee,it was very jolly he murmured lazily as marie came in to take away the coffee,0.0,0.0,4.83,16
have i told you about my new play,have i told you about my new play,0.0,0.0,1.95,8
when she finished alexander shook himself out of a reverie,when she finished alexander shook himself out of a reverie,0.0,0.0,3.76,10
nonsense of course i cant really sing except the way my mother and grandmother did before me,nonsense of course i cant really sing except the way my mother and grandmother did before me,0.0,0.0,5.405,17
its really too warm in this room to sing dont you feel it,its really too warm in this room to sing dont you feel it,0.0,0.0,3.3,13
alexander went over and opened the window for her,alexander went over and opened the window for her,0.0,0.0,2.885,9
there just in front,there just in front,0.0,0.0,1.795,4
he stood a little behind her and tried to steady himself as he said its soft and misty see how white the stars are,he stood a little behind her and tried to steady himself as he said its soft and misty see how white the stars are,0.0,0.0,7.835,24
for a long time neither hilda nor bartley spoke,for a long time neither hilda nor bartley spoke,0.0,0.0,3.3,9
he felt a tremor run through the slender yellow figure in front of him,he felt a tremor run through the slender yellow figure in front of him,0.0,0.0,3.59,14
bartley leaned over her shoulder without touching her and whispered in her ear you are giving me a chance yes,bartley leaned over her shoulder without touching her and whispered in her ear you are giving me a chance yes,0.0,0.0,6.15,20
alexander unclenched the two hands at his sides,alexander clenched the two hands at his sides,0.125,0.0426,3.12,8
the stop at queenstown the tedious passage up the mersey were things that he noted dimly through his growing impatience,the stop at queenstown the tedious passage up the mercy were things that he noted dimly through his growing impatience,0.05,0.0168,6.34,20
she blushed and smiled and fumbled his card in her confusion before she ran upstairs,she blushed and smiled and fumbled his card in her confusion before she ran upstairs,0.0,0.0,4.66,15
alexander paced up and down the hallway buttoning and unbuttoning his overcoat until she returned and took him up to hildas living room,alexander paced up and down the hallway buttoning and unbuttoning his overcoat until she returned and took him up to hildas living room,0.0,0.0,7.675,23
the room was empty when he entered,the room was empty when he entered,0.0,0.0,2.06,7
alexander did not sit down,alexander did not sit down,0.0,0.0,2.11,5
i felt it in my bones when i woke this morning that something splendid was going to turn up,i felt it in my bones when i woke this morning that something splendid was going to turn up,0.0,0.0,4.445,19
i thought it might be sister kate or cousin mike would be happening along,i thought it might be sister kate or cousin mike would be happening along,0.0,0.0,3.54,14
she pushed him toward the big chair by the fire and sat down on a stool at the opposite side of the hearth her knees drawn up to her chin laughing like a happy little girl,she pushed him toward the big chair by the fire and sat down on a stool at the opposite side of the hearth her knees drawn up to her chin laughing like a happy little girl,0.0,0.0,8.975,36
when did you come bartley and how did it happen you havent spoken a word,when did you come bartley and how did it happen you havent spoken a word,0.0,0.0,4.13,15
i got in about ten minutes ago,i got in about ten minutes ago,0.0,0.0,2.09,7
alexander leaned forward and warmed his hands before the blaze,alexander leaned forward and warmed his hands before the blaze,0.0,0.0,3.735,10
bartley bent lower over the fire,bartley bent lower over the fire,0.0,0.0,2.435,6
she looked at his heavy shoulders and big determined head thrust forward like a catapult in leash,she looked at his heavy shoulders and big determined head thrust forward like a catapult in leash,0.0,0.0,6.025,17
ill do anything you wish me to bartley she said tremulously,ill do anything you wish me to bartley she said tremulously,0.0,0.0,3.65,11
i cant stand seeing you miserable,i cant stand seeing you miserable,0.0,0.0,2.51,6
he pulled up a window as if the air were heavy,he pulled up a window as if the air were heavy,0.0,0.0,2.98,11
hilda watched him from her corner trembling and scarcely breathing dark shadows growing about her eyes it,hilda watched him from the corner trembling and scarcely breathing dark shadows growing about her eyes it,0.0588,0.019,7.3,17
but its worse now its unbearable,but its worse now its unbearable,0.0,0.0,2.475,6
i get nothing but misery out of either,i get nothing but misery out of either,0.0,0.0,2.315,8
the world is all there just as it used to be but i cant get at it any more,the world is all there just as it used to be but i cant get at it any more,0.0,0.0,4.93,19
it was myself i was defying hilda,it was myself i was defying hilda,0.0,0.0,2.72,7
hildas face quivered but she whispered yes i think it must have been,hildas face quivered but she whispered yes i think it must have been,0.0,0.0,5.05,13
but why didnt you tell me when you were here in the summer,but why didnt you tell me when you were here in the summer,0.0,0.0,3.28,13
alexander groaned i meant to but somehow i couldnt,alexander groaned i meant to but somehow i couldnt,0.0,0.0,3.805,9
she pressed his hand gently in gratitude,she pressed his hand gently in gratitude,0.0,0.0,2.395,7
werent you happy then at all,werent you happy then at all,0.0,0.0,2.16,6
she closed her eyes and took a deep breath as if to draw in again the fragrance of those days,she closed her eyes and took a deep breath as if to draw in again the fragrance of those days,0.0,0.0,5.495,20
he moved uneasily and his chair creaked,he moved uneasily and his chair creaked,0.0,0.0,2.995,7
yes yes she hurried pulling her hand gently away from him,yes yes she hurried pulling her hand gently away from him,0.0,0.0,3.575,11
please tell me one thing bartley at least tell me that you believe i thought i was making you happy,please tell me one thing bartley at least tell me that you believe i thought i was making you happy,0.0,0.0,6.28,20
yes hilda i know that he said simply,yes hilda i know that he said simply,0.0,0.0,2.665,8
i understand bartley i was wrong,i understand bartley i was wrong,0.0,0.0,3.055,6
but i didnt know youve only to tell me now,but i didnt know youve only to tell me now,0.0,0.0,3.245,10
what i mean is that i want you to promise never to see me again no matter how often i come no matter how hard i beg,what i mean is that i want you to promise never to see me again no matter how often i come no matter how hard i beg,0.0,0.0,7.06,27
keep away if you wish when have i ever followed you,keep away if you wish when have i ever followed you,0.0,0.0,3.08,11
alexander rose and shook himself angrily yes i know im cowardly,alexander rose and shook himself angrily yes i know im cowardly,0.0,0.0,4.075,11
he took her roughly in his arms do you know what i mean,he took her roughly in his arms do you know what i mean,0.0,0.0,2.905,13
oh bartley what am i to do,oh bartley what am i to do,0.0,0.0,2.09,7
i will ask the least imaginable but i must have something,i will ask the least imaginable but i must have something,0.0,0.0,4.53,11
i must know about you,i must know about you,0.0,0.0,1.9,5
the sight of you bartley to see you living and happy and successful can i never make you understand what that means to me,the sight of you bartley to see you living and happy and successful can i never make you understand what that means to me,0.0,0.0,6.965,24
you see loving some one as i love you makes the whole world different,you see loving someone as i love you makes the whole world different,0.1429,0.0145,4.755,14
and then you came back not caring very much but it made no difference,and then you came back not caring very much but it made no difference,0.0,0.0,5.4,14
bartley bent over and took her in his arms kissing her mouth and her wet tired eyes,bartley bent over and took her in his arms kissing her mouth and her wet tired eyes,0.0,0.0,5.88,17
dont cry dont cry he whispered,oh dont cry dont cry he whispered,0.1667,0.1,2.615,6
weve tortured each other enough for tonight,weve tortured each other enough for tonight,0.0,0.0,2.635,7
the army found the people in poverty and left them in comparative wealth,the army found the people in poverty and left them in comparative wealth,0.0,0.0,4.78,13
but a word further concerning the expedition in general,but a word further concerning the expedition in general,0.0,0.0,3.77,9
it was through floyds advice that buchanan ordered the military expedition to utah ostensibly to install certain federal officials and to repress an alleged infantile rebellion which in fact had never come into existence but in reality to further the interests of the secessionists,it was through floyds advice that buchanan ordered the military expedition to utah ostensibly to install certain federal officials and to repress an alleged infantile rebellion which in fact had never come into existence but in reality to further the interests of the secessionists,0.0,0.0,17.78,44
moreover had the people been inclined to rebellion what greater opportunity could they have wished,moreover had the people been inclined to rebellion what greater opportunity could they have wished,0.0,0.0,5.68,15
already a north and a south were talked of why not set up also a west,already a north and a south were talked of why not set up also a west,0.0,0.0,4.985,16
they knew no north no south no east no west they stood positively by the constitution and would have nothing to do in the bloody strife between brothers unless indeed they were summoned by the authority to which they had already once loyally responded to furnish men and arms for their countrys need,they knew no north no south no east no west they stood positively by the constitution and would have nothing to do in the bloody strife between brothers unless indeed they were summoned by the authority to which they had already once loyally responded to furnish men in arms for the countrys need,0.0377,0.0134,17.84,53
what the latter day saints call celestial marriage is characteristic of the church and is in very general practise but of celestial marriage plurality of wives was an incident never an essential,what the latter day saints call celestial marriage is characteristic of the church and is in very general practice but of celestial marriage plurality of wives was an incident never an essential,0.0312,0.0052,12.75,32
we believe in a literal resurrection and an actual hereafter in which future state shall be recognized every sanctified and authorized relationship existing here on earth of parent and child brother and sister husband and wife,we believe in a literal resurrection and an actual hereafter in which future states shall be recognized every sanctified and authorized relationship existing here on earth of parent and child brother and sister husband and wife,0.0278,0.0044,13.95,36
it has been my privilege to tread the soil of many lands to observe the customs and study the habits of more nations than one and i have yet to find the place and meet the people where and with whom the purity of man and woman is held more precious than among the maligned mormons in the mountain valleys of the west,it has been my privilege to tread the soil of many lands to observe the customs and study the habits of more nations than one and i have yet to find the place and meet the people where and with whom the purity of man and woman is held more precious than among the maligned mormons in the mountain valleys of the west,0.0,0.0,19.91,63
at the inception of plural marriage among the latter day saints there was no law national or state against its practise,at the inception of plural marriage among the latter day saints there was no law national or state against its practice,0.0476,0.0084,7.65,21
in eighteen sixty two a law was enacted with the purpose of suppressing plural marriage and as had been predicted in the national senate prior to its passage it lay for many years a dead letter,in eighteen sixty two a law was enacted with the purpose of suppressing plural marriage and as had been predicted in the national senate prior to its passage it lay for many years a dead letter,0.0,0.0,11.955,36
federal judges and united states attorneys in utah who were not mormons nor lovers of mormonism refused to entertain complaints or prosecute cases under the law because of its manifest injustice and inadequacy,federal judges and united states attorneys in utah who were not mormons nor lovers of mormonism refused to entertain complaints or prosecute cases under the law because of its manifest injustice and inadequacy,0.0,0.0,14.13,33
this meant that for an alleged misdemeanor for which congress prescribed a maximum penalty of six months imprisonment and a fine of three hundred dollars a man might be imprisoned for life aye for many terms of a mans natural life did the courts power to enforce its sentences extend so far and might be fined millions of dollars,this meant that for an alleged misdemeanor for which congress prescribed a maximum penalty of six months imprisonment and a fine of three hundred dollars a man might be imprisoned for life aye for many terms of a mans natural life did the courts power to enforce its sentences extend so far and might be fined millions of dollars,0.0,0.0,22.095,59
before this travesty on the administration of law could be brought before the court of last resort and there meet with the reversal and rebuke it deserved men were imprisoned under sentences of many years duration,before this travesty on the administration of law could be brought before the court of last resort and there met with the reversal and rebuke it deserved men were imprisoned under sentence of many years duration,0.0556,0.0094,12.87,36
the people contested these measures one by one in the courts presenting in case after case the different phases of the subject and urging the unconstitutionality of the measure,the people contested these measures one by one in the courts presenting in case after case the different phases of the subject and urging the unconstitutionality of the measure,0.0,0.0,10.97,29
then the church was disincorporated and its property both real and personal confiscated and escheated to the government of the united states and although the personal property was soon restored real estate of great value long lay in the hands of the courts receiver and the mormon church had to pay the national government high rental on its own property,then the church was disincorporated and its property both real and personal confiscated and eschiated to the government of the united states and although the personal property was soon restored real estate of great value long lay in the hands of the courts receiver and the mormon church had to pay the national government high rental on its own property,0.0167,0.0028,22.205,60
and so the story of mormonism runs on its finale has not yet been written the current press presents continuously new stages of its progress new developments of its plan,and so the story of mormonism runs on its finale has not yet been written the current press presents continuously new stages of its progress new developments of its plan,0.0,0.0,11.895,30
on the sixth of april eighteen thirty the church of jesus christ of latter day saints was formally organized and thus took on a legal existence,on the sixth of april eighteen thirty the church of jesus christ of latter day saints was formally organized and thus took on a legal existence,0.0,0.0,9.56,26
its origin was small a germ an insignificant seed hardly to be thought of as likely to arouse opposition,its origin was small a germ an insignificant seed hardly to be thought of as likely to arouse opposition,0.0,0.0,8.745,19
instead of but six regularly affiliated members and at most two score of adherents the organization numbers today many hundred thousand souls,instead of but six regularly affiliated members and at most two score of adherents the organization numbers today many hundred thousand souls,0.0,0.0,9.75,22
in place of a single hamlet in the smallest corner of which the members could have congregated there now are about seventy stakes of zion and about seven hundred organized wards each ward and stake with its full complement of officers and priesthood organizations,in place of a single hamlet in the smallest corner of which the members could have congregated there now are about seventy stakes of zion and about seven hundred organized wards each ward and stake with its full complement of officers and priesthood organizations,0.0,0.0,16.72,44
the practise of gathering its proselytes into one place prevents the building up and strengthening of foreign branches and inasmuch as extensive and strong organizations are seldom met with abroad very erroneous ideas exist concerning the strength of the church,the practice of gathering its proselytes into one place prevents the building up and strengthening of foreign branches and inasmuch as extensive and strong organizations are seldom met with abroad very erroneous ideas exist concerning the strength of the church,0.025,0.0038,16.68,40
nevertheless the mustard seed among the smallest of all seeds has attained the proportions of a tree and the birds of the air are nesting in its branches the acorn is now an oak offering protection and the sweets of satisfaction to every earnest pilgrim journeying its way for truth,nevertheless the mustard seed among the smallest of all seeds has attained the proportions of a tree and the birds of the air are nesting in its branches the acorn is now an oak offering protection and the sweets of satisfaction to every earnest pilgrim journeying its way for truth,0.0,0.0,19.61,50
their eyes were from the first turned in anticipation toward the evening sun not merely that the work of proselyting should be carried on in the west but that the headquarters of the church should be there established,their eyes were from the first turned in anticipation toward the evening sun not merely that the work of proselyteing should be carried on in the west but that the headquarters of the church should be there established,0.0263,0.0046,13.065,38
the book of mormon had taught the people the true origin and destiny of the american indians and toward this dark skinned remnant of a once mighty people the missionaries of mormonism early turned their eyes and with their eyes went their hearts and their hopes,the book of mormon had taught the people the true origin and destiny of the american indians and toward this dark skinned remnant of a once mighty people the missionaries of mormonism early turned their eyes and with their eyes went their hearts and their hopes,0.0,0.0,17.22,46
it is notable that the indian tribes have generally regarded the religion of the latter day saints with favor seeing in the book of mormon striking agreement with their own traditions,it is notable that the indian tribes have generally regarded the religion of the latter day saints with favour seeing in the book of mormon striking agreement with their own traditions,0.0323,0.0055,10.555,31
the first well established seat of the church was in the pretty little town of kirtland ohio almost within sight of lake erie and here soon rose the first temple of modern times,the first well established seat of the church was in the pretty little town of kirtland ohio almost within sight of lake erie and here soon rose the first temple of modern times,0.0,0.0,12.15,33
to the fervent latter day saint a temple is not simply a church building a house for religious assembly,to the fervent latter day saint a temple is not simply a church building a house for religious assembly,0.0,0.0,6.72,19
soon thousands of converts had rented or purchased homes in missouri independence jackson county being their center but from the first they were unpopular among the missourians,soon thousands of converts had rented or purchased homes in missouri independence jackson county being their center but from the first they were unpopular among the missourians,0.0,0.0,11.425,27
the lieutenant governor lilburn w boggs afterward governor was a pronounced mormon hater and throughout the period of the troubles he manifested sympathy with the persecutors,the lieutenant governor littleburn w boggs afterward governor was a pronounced mormon hater and throughout the period of the troubles he manifested sympathy with the persecutors,0.0385,0.0172,12.015,26
their sufferings have never yet been fitly chronicled by human scribe,their sufferings have never yet been fitly chronicled by human scribe,0.0,0.0,4.315,11
making their way across the river most of the refugees found shelter among the more hospitable people of clay county and afterward established themselves in caldwell county therein founding the city of far west,making their way across the river most of the refugees found shelter among the more hospitable people of clay county and afterward established themselves in caldwell county therein founding the city of far west,0.0,0.0,12.61,34
a small settlement had been founded by mormon families on shoal creek and here on the thirtieth of october eighteen thirty eight a company of two hundred and forty fell upon the hapless settlers and butchered a score,a small settlement had been founded by mormon families on shoal creek and here on the thirtieth of october eighteen thirty eight a company of two hundred and forty fell upon the hapless settlers and butchered a score,0.0,0.0,13.475,38
be it said to the honor of some of the officers entrusted with the terrible commission that when they learned its true significance they resigned their authority rather than have anything to do with what they designated a cold blooded butchery,be it said to the honour of some of the officers entrusted with a terrible commission that when they learnt its true significance they resigned their authority rather than have anything to do with what they designated a cold blooded butchery,0.0732,0.0247,14.515,41
oh what a record to read what a picture to gaze upon how awful the fact,oh what a record to read what a picture to gaze upon how awful the fact,0.0,0.0,5.095,16
american school boys read with emotions of horror of the albigenses driven beaten and killed with a papal legate directing the butchery and of the vaudois hunted and hounded like beasts as the effect of a royal decree and they yet shall read in the history of their own country of scenes as terrible as these in the exhibition of injustice and inhuman hate,american schoolboys read with emotions of horror of the albigenses driven beaten and killed with the papal legate directing the butchery and of the vaudois hunted and hounded like beasts as the effect of a royal decree and they yet shall read in the history of their own country of scenes as terrible as these in the exhibition of injustice and inhuman hate,0.0469,0.0112,26.115,64
who began the quarrel was it the mormons,who began the quarrel was it the mormons,0.0,0.0,2.92,8
as a sample of the press comments against the brutality of the missourians i quote a paragraph from the quincy argus march sixteenth eighteen thirty nine,as a sample of the press comments against the brutality of the missourians i quote a paragraph from the quincy argus march sixteenth eighteen thirty nine,0.0,0.0,10.295,26
it will be observed that an organized mob aided by many of the civil and military officers of missouri with governor boggs at their head have been the prominent actors in this business incited too it appears against the mormons by political hatred and by the additional motives of plunder and revenge,it will be observed that an organized mob aided by many of the civil and military officers of missouri with governor boggs at their head have been the prominent actors in this business incited too it appears against the mormons by political hatred and by the additional motives of plunder and revenge,0.0,0.0,19.705,52
hester prynne went one day to the mansion of governor bellingham with a pair of gloves which she had fringed and embroidered to his order and which were to be worn on some great occasion of state for though the chances of a popular election had caused this former ruler to descend a step or two from the highest rank he still held an honourable and influential place among the colonial magistracy,hester prynne went one day to the mansion of governor bellingham with a pair of gloves which she had fringed and embroidered to his order and which were to be worn on some great occasion of state for though the chances of a popular election had caused this former ruler to descend a step or two from the highest rank he still held an honorable and influential place among the colonial magistracy,0.0139,0.0025,24.85,72
another and far more important reason than the delivery of a pair of embroidered gloves impelled hester at this time to seek an interview with a personage of so much power and activity in the affairs of the settlement,another and far more important reason than the delivery of a pair of embroidered gloves impelled hester at this time to seek an interview with a personage of so much power and activity in the affairs of the settlement,0.0,0.0,13.43,39
at that epoch of pristine simplicity however matters of even slighter public interest and of far less intrinsic weight than the welfare of hester and her child were strangely mixed up with the deliberations of legislators and acts of state,at that epoch of pristine simplicity however matters of even slighter public interest and of far less intrinsic weight than the welfare of hester and her child were strangely mixed up with the deliberations of legislators and acts of state,0.0,0.0,16.12,40
the period was hardly if at all earlier than that of our story when a dispute concerning the right of property in a pig not only caused a fierce and bitter contest in the legislative body of the colony but resulted in an important modification of the framework itself of the legislature,the period was hardly if at all earlier than that of our story when a dispute concerning the right of property in a pig not only caused a fierce and bitter contest in the legislative body of the colony but resulted in an important modification of the framework itself of the legislature,0.0,0.0,18.63,52
we have spoken of pearls rich and luxuriant beauty a beauty that shone with deep and vivid tints a bright complexion eyes possessing intensity both of depth and glow and hair already of a deep glossy brown and which in after years would be nearly akin to black,we have spoken of pearls rich and luxuriant beauty a beauty that shone with deep and vivid tints a bright complexion eyes possessing intensity both of depth and glow and hair already of a deep glossy brown and which in after years would be nearly akin to black,0.0,0.0,19.09,48
it was the scarlet letter in another form the scarlet letter endowed with life,it was the scarlet letter in another form the scarlet letter endowed with life,0.0,0.0,5.865,14
the mother herself as if the red ignominy were so deeply scorched into her brain that all her conceptions assumed its form had carefully wrought out the similitude lavishing many hours of morbid ingenuity to create an analogy between the object of her affection and the emblem of her guilt and torture,the mother herself as if the red ignominy were so deeply scorched into her brain that all her conceptions assumed its form had carefully wrought out the similitude lavishing many hours of morbid ingenuity to create an analogy between the object of her affection and the emblem of her guilt and torture,0.0,0.0,20.56,52
but in truth pearl was the one as well as the other and only in consequence of that identity had hester contrived so perfectly to represent the scarlet letter in her appearance,but in truth pearl was the one as well as the other and only in consequence of that identity had hester contrived so perfectly to represent the scarlet letter in her appearance,0.0,0.0,12.77,32
come therefore and let us fling mud at them,come therefore and let us fling mud at them,0.0,0.0,3.095,9
but pearl who was a dauntless child after frowning stamping her foot and shaking her little hand with a variety of threatening gestures suddenly made a rush at the knot of her enemies and put them all to flight,but pearl who was a dauntless child after frowning stamping her foot and shaking her little hand with a variety of threatening gestures suddenly made a rush at the knot of her enemies and put them all to flight,0.0,0.0,13.34,39
she screamed and shouted too with a terrific volume of sound which doubtless caused the hearts of the fugitives to quake within them,she screamed and shouted too with a terrific volume of sound which doubtless caused the hearts of the fugitives to quake within them,0.0,0.0,8.2,23
it was further decorated with strange and seemingly cabalistic figures and diagrams suitable to the quaint taste of the age which had been drawn in the stucco when newly laid on and had now grown hard and durable for the admiration of after times,it was further decorated with strange and seemingly cabalistic figures and diagrams suitable to the quaint taste of the age which had been drawn in the stucco when newly laid on and had now grown hard and durable for the admiration of after times,0.0,0.0,16.51,44
they approached the door which was of an arched form and flanked on each side by a narrow tower or projection of the edifice in both of which were lattice windows the wooden shutters to close over them at need,they approached the door which was of an arched form and flanked on each side by a narrow tower or projection of the edifice in both of which were lattice windows the wooden shutters to close over them at need,0.0,0.0,13.885,40
lifting the iron hammer that hung at the portal hester prynne gave a summons which was answered by one of the governors bond servant a free born englishman but now a seven years slave,lifting the iron hammer that hung at the portal hester prynne gave a summons which was answered by one of the governors bond servants a free born englishman but now a seven years slave,0.0294,0.0055,11.985,34
yea his honourable worship is within but he hath a godly minister or two with him and likewise a leech,yea his honorable worship is within but he hath a godly minister or two with him and likewise a leech,0.05,0.0098,7.07,20
ye may not see his worship now,ye may not see his worship now,0.0,0.0,2.85,7
with many variations suggested by the nature of his building materials diversity of climate and a different mode of social life governor bellingham had planned his new habitation after the residences of gentlemen of fair estate in his native land,with many variations suggested by the nature of his building materials diversity of climate and a different mode of social life governor bellingham had planned his new habitation after the residences of gentlemen of fair estate in his native land,0.0,0.0,15.255,40
on the table in token that the sentiment of old english hospitality had not been left behind stood a large pewter tankard at the bottom of which had hester or pearl peeped into it they might have seen the frothy remnant of a recent draught of ale,on the table in token that the sentiment of old english hospitality had not been left behind stood a large pewter tankard at the bottom of which had hester or pearl peeped into it they might have seen the frothy remnant of a recent draught of ale,0.0,0.0,16.72,47
little pearl who was as greatly pleased with the gleaming armour as she had been with the glittering frontispiece of the house spent some time looking into the polished mirror of the breastplate,little pearl who was as greatly pleased with the gleaming armour as she had been with the glittering frontispiece of the house spent some time looking into the polished mirror of the breastplate,0.0,0.0,11.16,33
mother cried she i see you here look look,mother cried she i see you here look look,0.0,0.0,3.78,9
in truth she seemed absolutely hidden behind it,in truth she seemed absolutely hidden behind it,0.0,0.0,3.345,8
pearl accordingly ran to the bow window at the further end of the hall and looked along the vista of a garden walk carpeted with closely shaven grass and bordered with some rude and immature attempt at shrubbery,pearl accordingly ran to the bow window at the further end of the hall and looked along the vista of a garden walk carpeted with closely shaven grass and bordered with some rude and immature attempt at shrubbery,0.0,0.0,12.72,38
but the proprietor appeared already to have relinquished as hopeless the effort to perpetuate on this side of the atlantic in a hard soil and amid the close struggle for subsistence the native english taste for ornamental gardening,but the proprietor appeared already to have relinquished as hopeless the effort to perpetuate on this side of the atlantic in a hard soil and amid the close struggle for subsistence the native english taste for ornamental gardening,0.0,0.0,14.395,38
there were a few rose bushes however and a number of apple trees probably the descendants of those planted by the reverend mister blackstone the first settler of the peninsula that half mythological personage who rides through our early annals seated on the back of a bull,there were a few rose bushes however and a number of apple trees probably the descendants of those planted by the reverend mister blackstone the first settler of the peninsula that half mythological personage who rides through our early annals seated on the back of a bull,0.0,0.0,16.27,47
pearl seeing the rose bushes began to cry for a red rose and would not be pacified,pearl seeing the rose bushes began to cry for a red rose and would not be pacified,0.0,0.0,5.85,17
how strange it seemed to the sad woman as she watched the growth and the beauty that became every day more brilliant and the intelligence that threw its quivering sunshine over the tiny features of this child,how strange it seemed to the sad woman as she watched the growth and the beauty that became every day more brilliant and the intelligence that threw its quivering sunshine over the tiny features of this child,0.0,0.0,12.435,37
god as a direct consequence of the sin which man thus punished had given her a lovely child whose place was on that same dishonoured bosom to connect her parent for ever with the race and descent of mortals and to be finally a blessed soul in heaven,god as a direct consequence of the sin which man thus punished had given her a lovely child whose place was on that same dishonored bosom to connect her parent for ever with the race and descent of mortals and to be finally a blessed soul in heaven,0.0208,0.004,16.715,48
yet these thoughts affected hester prynne less with hope than apprehension,yet these thoughts affected hester prynne less with hope than apprehension,0.0,0.0,4.825,11
the child had a native grace which does not invariably co exist with faultless beauty its attire however simple always impressed the beholder as if it were the very garb that precisely became it best,the child had a native grace which does not invariably coexist with faultless beauty its attire however simple always impressed the beholder as if it were the very garb that precisely became it best,0.0571,0.005,13.72,35
this outward mutability indicated and did not more than fairly express the various properties of her inner life,this outward mutability indicated and did not more than fairly express the various properties of her inner life,0.0,0.0,7.44,18
hester could only account for the childs character and even then most vaguely and imperfectly by recalling what she herself had been during that momentous period while pearl was imbibing her soul from the spiritual world and her bodily frame from its material of earth,hester could only account for the childs character and even then most vaguely and imperfectly by recalling what she herself had been during that momentous period while pearl was imbibing her soul from the spiritual world and her bodily frame from its material of earth,0.0,0.0,16.645,45
they were now illuminated by the morning radiance of a young childs disposition but later in the day of earthly existence might be prolific of the storm and whirlwind,they were now illuminated by the morning radiance of a young childs disposition but later in the day of earthly existence might be prolific of the storm and whirlwind,0.0,0.0,11.415,29
hester prynne nevertheless the loving mother of this one child ran little risk of erring on the side of undue severity,hester prynne nevertheless the loving mother of this one child ran little risk of erring on the side of undue severity,0.0,0.0,8.795,21
mindful however of her own errors and misfortunes she early sought to impose a tender but strict control over the infant immortality that was committed to her charge,mindful however of her own errors and misfortunes she early sought to impose a tender but strict control over the infant immortality that was committed to her charge,0.0,0.0,10.78,28
as to any other kind of discipline whether addressed to her mind or heart little pearl might or might not be within its reach in accordance with the caprice that ruled the moment,as to any other kind of discipline whether addressed to her mind or heart little pearl might or might not be within its reach in accordance with the caprice that ruled the moment,0.0,0.0,10.19,33
it was a look so intelligent yet inexplicable perverse sometimes so malicious but generally accompanied by a wild flow of spirits that hester could not help questioning at such moments whether pearl was a human child,it was a look so intelligent yet inexplicable perverse sometimes so malicious but generally accompanied by a wild flow of spirits that hester could not help questioning at such moments whether pearl was a human child,0.0,0.0,15.05,36
beholding it hester was constrained to rush towards the child to pursue the little elf in the flight which she invariably began to snatch her to her bosom with a close pressure and earnest kisses not so much from overflowing love as to assure herself that pearl was flesh and blood and not utterly delusive,beholding it hester was constrained to rush towards the child to pursue the little elf in the flight which she invariably began to snatch her to her bosom with a close pressure and earnest kisses not so much from overflowing love as to assure herself that pearl was flesh and blood and not utterly delusive,0.0,0.0,21.345,55
brooding over all these matters the mother felt like one who has evoked a spirit but by some irregularity in the process of conjuration has failed to win the master word that should control this new and incomprehensible intelligence,brooding over all these matters the mother felt like one who has evoked a spirit but by some irregularity in the process of conjuration has failed to win the master word that should control this new and incomprehensible intelligence,0.0,0.0,16.22,39
pearl was a born outcast of the infantile world,pearl was a born outcast of the infantile world,0.0,0.0,3.645,9
pearl saw and gazed intently but never sought to make acquaintance,pearl saw and gazed intently but never sought to make acquaintance,0.0,0.0,4.75,11
if spoken to she would not speak again,if spoken to she would not speak again,0.0,0.0,2.63,8
to fade away like morning beauty from her mortal day down by the river of adona her soft voice is heard and thus her gentle lamentation falls like morning dew,to fade away like morning beauty from her mortal day down by the river of adonna her soft voice is heard and thus her gentle lamentation falls like morning dew,0.0333,0.0063,12.62,30
o life of this our spring,o life of this our spring,0.0,0.0,2.885,6
why fades the lotus of the water,why fades the lotus of the water,0.0,0.0,2.755,7
why fade these children of the spring,why fade these children of the spring,0.0,0.0,3.08,7
thel is like a watry bow and like a parting cloud like a reflection in a glass like shadows in the water like dreams of infants like a smile upon an infants face,thel is like a watery bow and like a parting cloud like a reflection in a glass like shadows in the water like dreams of infants like a smile upon an infants face,0.0303,0.0062,13.99,33
like the doves voice like transient day like music in the air ah,like the doves voice like transient day like music in the air ah,0.0,0.0,7.035,13
and gentle sleep the sleep of death and gently hear the voice of him that walketh in the garden in the evening time,and gentle sleep the sleep of death and gently hear the voice of him that walketh in the garden in the evening time,0.0,0.0,8.11,23
the lilly of the valley breathing in the humble grass answerd the lovely maid and said i am a watry weed and i am very small and love to dwell in lowly vales so weak the gilded butterfly scarce perches on my head yet i am visited from heaven and he that smiles on all walks in the valley and each morn over me spreads his hand saying rejoice thou humble grass thou new born lily flower,the lily of the valley breathing in the humble grass answered the lovely maid and said i am a watery weed and i am very small and love to dwell in lowly vales so weak the gilded butterfly scarce perches on my head yet i am visited from heaven and he that smiles on all walks in the valley and each morn over me spreads his hand saying rejoice thou humble grass thou new born lily flower,0.039,0.0078,32.77,77
thou gentle maid of silent valleys and of modest brooks for thou shall be clothed in light and fed with morning manna till summers heat melts thee beside the fountains and the springs to flourish in eternal vales they why should thel complain,thou gentle maid of silent valleys and of modest brooks for thou shalt be clothed in light and fed with morning manna till summers heat melts thee beside the fountains and the springs to flourish in eternal veils they why should thou complain,0.0698,0.0248,19.95,43
why should the mistress of the vales of har utter a sigh,why should the mistress of the vales of har utter a sigh,0.0,0.0,4.06,12
she ceasd and smild in tears then sat down in her silver shrine,she ceased and smiled in tears then sat down in her silver shrine,0.1538,0.0317,6.28,13
which thou dost scatter on every little blade of grass that springs revives the milked cow and tames the fire breathing steed,which thou dost scatter on every little blade of grass that springs revives the milked cow and tames the fire breathing steed,0.0,0.0,10.395,22
but thel is like a faint cloud kindled at the rising sun i vanish from my pearly throne and who shall find my place,but thel is like a faint cloud kindled at the rising sun i vanish from my pearly throne and who shall find my place,0.0,0.0,10.09,24
and why it scatters its bright beauty thro the humid air,and why it scatters its bright beauty through the humid air,0.0909,0.0536,4.315,11
descend o little cloud and hover before the eyes of thel,descend o little cloud and hover before the eyes of thel,0.0,0.0,4.52,11
o little cloud the virgin said i charge thee to tell me why thou complainest now when in one hour thou fade away then we shall seek thee but not find ah thel is like to thee,o little cloud the virgin said i charge thee to tell me why thou complainest now when in one hour thou fade away then we shall seek thee but not find ah thel is like to thee,0.0,0.0,14.465,37
i pass away yet i complain and no one hears my voice,i pass away yet i complain and no one hears my voice,0.0,0.0,5.105,12
the cloud then shewd his golden head and his bright form emergd,the cloud then showed his golden head and his bright form emerged,0.1667,0.0476,4.95,12
and fearest thou because i vanish and am seen no more,and fearest thou because i vanish and am seen no more,0.0,0.0,4.255,11
it is to tenfold life to love to peace and raptures holy unseen descending weigh my light wings upon balmy flowers and court the fair eyed dew to take me to her shining tent the weeping virgin trembling kneels before the risen sun,it is to tenfold life to love to peace and raptures holy unseen descending weigh my light wings upon balmy flowers and court the fair eyed dew to take me to her shining tent the weeping virgin trembling kneels before the risen sun,0.0,0.0,21.44,43
till we arise linkd in a golden band and never part but walk united bearing food to all our tender flowers,till we arise linked in a golden band and never part but walk united bearing food to all our tender flowers,0.0476,0.0094,9.8,21
lives not alone nor or itself fear not and i will call the weak worm from its lowly bed and thou shalt hear its voice,lives not alone nor of itself fear not and i will call the weak worm from its lowly bed and thou shalt hear its voice,0.04,0.0085,10.24,25
come forth worm and the silent valley to thy pensive queen,come forth worm and the silent valley to thy pensive queen,0.0,0.0,4.61,11
the helpless worm arose and sat upon the lillys leaf and the bright cloud saild on to find his partner in the vale,the helpless worm arose and sat upon the lilys leaf and the bright cloud sailed on to find his partner in the vale,0.087,0.0175,9.625,23
image of weakness art thou but a worm,image of weakness art thou but a worm,0.0,0.0,3.44,8
i see they lay helpless and naked weeping and none to answer none to cherish thee with mothers smiles,i see they lay helpless and naked weeping and none to answer none to cherish thee with mothers smiles,0.0,0.0,9.265,19
and says thou mother of my children i have loved thee and i have given thee a crown that none can take away,and says thou mother of my children i have loved thee and i have given thee a crown that none can take away,0.0,0.0,8.1,23
and lay me down in thy cold bed and leave my shining lot,and lay me down in thy cold bed and leave my shining lot,0.0,0.0,5.225,13
or an eye of gifts and graces showring fruits and coined gold,or an eye of gifts and graces showering fruits in coined gold,0.1667,0.0492,4.955,12
why a tongue impressd with honey from every wind,why a tongue impressed with honey from every wind,0.1111,0.0208,3.63,9
why an ear a whirlpool fierce to draw creations in,why an ear a whirlpool fierce to draw creations in,0.0,0.0,4.52,10
all is said without a word,all is said without a word,0.0,0.0,2.125,6
i sit beneath thy looks as children do in the noon sun with souls that tremble through their happy eyelids from an unaverred yet prodigal inward joy,i sit beneath thy looks as children do in the noonsun with souls that tremble through their happy eyelids from an unaverred yet prodigal inward joy,0.0741,0.0068,11.315,27
i did not wrong myself so but i placed a wrong on thee,i did not wrong myself so but i placed a wrong on thee,0.0,0.0,4.79,13
when called before i told how hastily i dropped my flowers or brake off from a game,when called before i told how hastily i dropped my flowers or break off from a game,0.0588,0.0241,6.565,17
shall i never miss home talk and blessing and the common kiss that comes to each in turn nor count it strange when i look up to drop on a new range of walls and floors another home than this,shall i never miss home talk and blessing and the common kiss that comes to each in turn nor count it strange when i look up to drop on a new range of walls and floors another home than this,0.0,0.0,14.755,40
alas i have grieved so i am hard to love,alas i have grieved so i am hard to love,0.0,0.0,4.49,10
open thy heart wide and fold within the wet wings of thy dove,open thy heart wide and fold within the wet wings of thy dove,0.0,0.0,5.89,13
could it mean to last a love set pendulous between sorrow and sorrow,could it mean to last a love set pendulous between sorrow and sorrow,0.0,0.0,5.8,13
nay i rather thrilled distrusting every light that seemed to gild the onward path and feared to overlean a finger even,nay i rather thrilld distrusting every light that seemed to gild the onward path and feared to overlean a finger even,0.0476,0.0085,10.005,21
and though i have grown serene and strong since then i think that god has willed a still renewable fear,and though i have grown serene and strong since then i think that god has willed a still renewable fear,0.0,0.0,7.705,20
o love o troth,o love o troth,0.0,0.0,2.51,4
and love be false,and love be false,0.0,0.0,2.335,4
if he to keep one oath must lose one joy by his lifes star foretold,if he to keep one oath must lose one joy by his lifes star foretold,0.0,0.0,7.615,15
slow to world greetings quick with its o list when the angels speak,slow to world greetings quick with its o list when the angels speak,0.0,0.0,6.18,13
a ring of amethyst i could not wear here plainer to my sight than that first kiss,a ring of amethyst i could not wear here plainer to my sight than that first kiss,0.0,0.0,7.56,17
that was the chrism of love which loves own crown with sanctifying sweetness did precede the third upon my lips was folded down in perfect purple state since when indeed i have been proud and said my love my own,that was the chrism of love which loves own crown with sanctifying sweetness did proceed the third upon my lips was folded down in perfect purple state since when indeed i have been proud and said my love my own,0.025,0.0142,21.465,40
dearest teach me so to pour out gratitude as thou dost good,dearest teach me so to pour out gratitude as thou dost good,0.0,0.0,6.48,12
mussulmans and giaours throw kerchiefs at a smile and have no ruth for any weeping,musselmans and gyors throw kerchiefs at a smile and have no ruth for any weeping,0.1333,0.0488,7.795,15
but thou art not such a lover my beloved,but thou art not such a lover my beloved,0.0,0.0,3.915,9
thou canst wait through sorrow and sickness to bring souls to touch and think it soon when others cry too late,thou canst wait through sorrow and sickness to bring souls to touch and think it soon when others cry too late,0.0,0.0,9.54,21
i thank all who have loved me in their hearts with thanks and love from mine,i thank all who have loved me in their hearts with thanks and love from mine,0.0,0.0,5.895,16
oh to shoot my souls full meaning into future years that they should lend it utterance and salute love that endures from life that disappears,oh to shoot my souls full meaning into future years that they should lend it utterance and salute love that endures from life that disappears,0.0,0.0,10.905,25
then i long tried by natural ills received the comfort fast while budding at thy sight my pilgrims staff gave out green leaves with morning dews impearled,then i long tried by natural ills received the comfort fast while budding at thy sight my pilgrims staff gave out green leaves with morning dews imperled,0.037,0.0065,14.1,27
i love thee freely as men strive for right i love thee purely as they turn from praise,i love thee freely as men strive for right i love thee purely as they turn from praise,0.0,0.0,8.515,18
i love thee with the passion put to use in my old griefs and with my childhoods faith,i love thee with the passion put to use and my old greeds and with my childhoods faith,0.1111,0.0471,7.54,18
i love thee with a love i seemed to lose with my lost saints i love thee with the breath smiles tears of all my life and if god choose i shall but love thee better after death,i love thee with a love i seemed to lose with my lost saints i love thee with the breath smiles tears of all my life and if god choose i shall but love thee better after death,0.0,0.0,20.56,38
nature of the effect produced by early impressions,nature of the effect produced by early impressions,0.0,0.0,4.775,8
that is comparatively nothing,that is comparatively nothing,0.0,0.0,2.48,4
they are chiefly formed from combinations of the impressions made in childhood,they are chiefly formed from combinations of the impressions made in childhood,0.0,0.0,5.25,12
vast importance and influence of this mental furnishing,vast importance and influence of this mental furnishing,0.0,0.0,4.62,8
without going to any such extreme as this we can easily see on reflection how vast an influence on the ideas and conceptions as well as on the principles of action in mature years must be exerted by the nature and character of the images which the period of infancy and childhood impresses upon the mind,without going to any such extreme as this we can easily see on reflection how vast an influence on the ideas and conceptions as well as on the principles of action in mature years must be exerted by the nature and character of the images which the period of infancy and childhood impress upon the mind,0.0179,0.0066,24.47,56
the pain produced by an act of hasty and angry violence to which a father subjects his son may soon pass away but the memory of it does not pass away with the pain,the pain produced by an act of hasty and angry violence to which a father subjects his son may soon pass away but the memory of it does not pass away with the pain,0.0,0.0,13.02,34
to such persons these indirect modes of training children in habits of subordination to their will or rather of yielding to their influence are specially useful,to such persons these indirect modes of training children in habits of subordination to their will or rather of yielding to their influence are specially useful,0.0,0.0,11.125,26
della had a young sister named maria and a cousin whose name was jane,della had a young sister named maria and a cousin whose name was jane,0.0,0.0,5.995,14
now delia contrived to obtain a great influence and ascendency over the minds of the children by means of these dolls,now delia contrived to obtain a great influence and ascendancy over the minds of the children by means of these dolls,0.0476,0.0085,9.225,21
to give an idea of these conversations i will report one of them in full,to give an idea of these conversations i will report one of them in full,0.0,0.0,4.985,15
you have come andella andella was the name of janes doll to make rosalie a visit,you have come andella andela was the name of janes doll to make rosalie a visit,0.0625,0.0125,6.465,16
i am very glad,i am very glad,0.0,0.0,2.11,4
i expect you have been a very good girl andella since you were here last,i expect you have been a very good girl andella since you were here last,0.0,0.0,5.965,15
then turning to jane she asked in a somewhat altered tone has she been a good girl jane,then turning to jane she asked in a somewhat altered tone has she been a good girl jane,0.0,0.0,6.99,18
for instance one day the children had been playing upon the piazza with blocks and other playthings and finally had gone into the house leaving all the things on the floor of the piazza instead of putting them away in their places as they ought to have done,for instance one day the children had been playing upon the piazza with blocks and other playthings and finally had gone into the house leaving all the things on the floor of the piazza instead of putting them away in their places as they ought to have done,0.0,0.0,18.415,48
they were now playing with their dolls in the parlor,they were now playing with their dolls in the parlor,0.0,0.0,3.635,10
delia came to the parlor and with an air of great mystery beckoned the children aside and said to them in a whisper leave andella and rosalie here and dont say a word to them,delia came to the parlor and with an air of great mystery beckoned the children aside and said to them in a whisper leave andela and rosalie here and dont say a word to them,0.0286,0.0057,12.025,35
so saying she led the way on tiptoe followed by the children out of the room and round by a circuitous route to the piazza there,so saying she led the way on tiptoe followed by the children out of the room and round by a circuitous route to the piazza there,0.0,0.0,10.315,26
said she pointing to the playthings see,said she pointing to the playthings see,0.0,0.0,3.26,7
put these playthings all away quick and carefully and we will not let them know any thing about your leaving them out,put these playthings all away quick and carefully and we will not let them know anything about your leaving them out,0.0909,0.0085,7.365,22
and this method of treating the case was much more effectual in making them disposed to avoid committing a similar fault another time than any direct rebukes or expressions of displeasure addressed personally to them would have been,and this method of treating the case was much more effectual in making them disposed to avoid committing a similar fault another time than any direct rebukes or expressions of displeasure addressed personally to them would have been,0.0,0.0,14.175,38
the three modes of management,the three modes of management,0.0,0.0,2.44,5
to suppose that the object of this work is to aid in effecting such a substitution as that is entirely to mistake its nature and design,to suppose that the object of this work is to aid in effecting such a substitution as that is entirely to mistake its nature and design,0.0,0.0,11.49,26
by reason and affection,by reason and affection,0.0,0.0,2.69,4
as the chaise drives away mary stands bewildered and perplexed on the door step her mind in a tumult of excitement in which hatred of the doctor distrust and suspicion of her mother disappointment vexation and ill humor surge and swell among those delicate organizations on which the structure and development of the soul so closely depend doing perhaps an irreparable injury,as the chase drives away mary stands bewildered and perplexed on the doorstep her mind in a tumult of excitement in which hatred of the doctor distrust and suspicion of her mother disappointment vexation and ill humor surge and swell among those delegate organizations on which the structure and development of the soul so closely depend doing perhaps an irreparable injury,0.0645,0.0107,32.88,62
the mother as soon as the chaise is so far turned that mary can no longer watch the expression of her countenance goes away from the door with a smile of complacency and satisfaction upon her face at the ingenuity and success of her little artifice,the mother as soon as the chase is so far turned that mary can no longer watch the expression of her counce goes away from the door with a smile of complacency and satisfaction on her face at the ingenuity and success of her little artifice,0.0652,0.0323,17.945,46
so you will be a good girl i know and not make any trouble but will stay at home contentedly wont you,so you will be a good girl i know and not make any trouble but will stay at home contentedly wont you,0.0,0.0,8.01,22
the mother in managing the case in this way relies partly on convincing the reason of the child and partly on an appeal to her affection,the mother in managing the case in this way relies partly on convincing the reason of the child and partly on an appeal to her affection,0.0,0.0,11.34,26
if you should not be a good girl but should show signs of making us any trouble i shall have to send you out somewhere to the back part of the house until we are gone,if you should not be a good girl but should show signs of making us any trouble i shall have to send you out somewhere to the back part of the house until we are gone,0.0,0.0,12.455,36
but this last supposition is almost always unnecessary for if mary has been habitually managed on this principle she will not make any trouble,but this last supposition is almost always unnecessary for if mary has been habitually managed on this principle she will not make any trouble,0.0,0.0,11.765,24
it is indeed true that the importance of tact and skill in the training of the young and of cultivating their reason and securing their affection can not be overrated,it is indeed true that the importance of tact and skill in the training of the young and of cultivating their reason and securing their affection cannot be overrated,0.0667,0.006,12.585,30
but anders cared nothing about that,but anders cared nothing about that,0.0,0.0,3.02,6
he made a bow so deep that his back came near breaking and he was dumbfounded i can tell you when he saw it was nobody but anders,he made a bow so deep that his back came near breaking and he was dumbfounded i can tell you when he saw it was nobody but anders,0.0,0.0,11.33,28
he was such a big boy that he wore high boots and carried a jack knife,he was such a big boy that he wore high boots and carried a jackknife,0.125,0.0143,6.455,16
now this knife was a splendid one though half the blade was gone and the handle was a little cracked and anders knew that one is almost a man as soon as one has a jack knife,now this knife was a splendid one though half the blade was gone and the handle was a little cracked and anders knew that one is almost a man as soon as one has a jack knife,0.0,0.0,15.29,37
yes why not thought anders,yes why not thought anders,0.0,0.0,2.805,5
seeing that i am so fine i may as well go and visit the king,seeing that i am so fine i may as well go and visit the king,0.0,0.0,5.015,15
i am going to the court ball answered anders,i am going to the court ball answered anders,0.0,0.0,3.58,9
and she took anders hand and walked with him up the broad marble stairs where soldiers were posted at every third step and through the magnificent halls where courtiers in silk and velvet stood bowing wherever he went,and she took anders hand and walked with him up the broad marble stairs where soldiers were posted at every third step and through the magnificent halls where courtiers in silk and velvet stood bowing wherever he went,0.0,0.0,16.675,38
for like as not they must have thought him a prince when they saw his fine cap,for like as not they must have thought him a prince when they saw his fine cap,0.0,0.0,7.125,17
at the farther end of the largest hall a table was set with golden cups and golden plates in long rows,at the farther end of the largest hall a table was set with golden cups and golden plates in long rows,0.0,0.0,8.54,21
on huge silver platters were pyramids of tarts and cakes and red wine sparkled in glittering decanters,on huge silver platters were pyramids of tarts and cakes and red wine sparkled in glittering decanters,0.0,0.0,8.015,17
the princess sat down under a blue canopy with bouquets of roses and she let anders sit in a golden chair by her side,the princess sat down under a blue canopy with bouquets of roses and she let ander sit in a golden chair by her side,0.0417,0.0085,8.995,24
but you must not eat with your cap on your head she said and was going to take it off,but you must not eat with your cap on your head she said and was going to take it off,0.0,0.0,5.33,20
the princess certainly was beautiful and he would have dearly liked to be kissed by her but the cap which his mother had made he would not give up on any condition,the princess certainly was beautiful and he would have dearly liked to be kissed by her but the cap which his mother had made he would not give up on any condition,0.0,0.0,12.13,32
he only shook his head,he only shook his head,0.0,0.0,2.295,5
well but now said the princess and she filled his pockets with cakes and put her own heavy gold chain around his neck and bent down and kissed him,well but now said the princess and she filled his pockets with cakes and put her own heavy gold chain around his neck and bent down and kissed him,0.0,0.0,11.545,29
that is a very fine cap you have he said,that is a very fine cap you have he said,0.0,0.0,4.28,10
so it is said anders,so it is said anders,0.0,0.0,2.155,5
and it is made of mothers best yarn and she knitted it herself and everybody wants to get it away from me,and it is made of mothers best yarn and she knitted it herself and everybody wants to get it away from me,0.0,0.0,8.22,22
with one jump anders got out of his chair,with one jump anders got out of his chair,0.0,0.0,3.255,9
he darted like an arrow through all the halls down all the stairs and across the yard,he darted like an arrow through all the halls down all the stairs and across the yard,0.0,0.0,6.45,17
he still held on to it with both hands as he rushed into his mothers cottage,he still held on to it with both hands as he rushed into his mothers cottage,0.0,0.0,5.365,16
and all his brothers and sisters stood round and listened with their mouths open,and all his brothers and sisters stood round and listened with their mouths open,0.0,0.0,5.145,14
but when his big brother heard that he had refused to give his cap for a kings golden crown he said that anders was a stupid,but when his big brother heard that he had refused to give his cap for a kings golden crown he said that anders was a stupid,0.0,0.0,9.03,26
anders face grew red,anders face grew red,0.0,0.0,2.165,4
but his mother hugged him close,but his mother hugged him close,0.0,0.0,2.775,6
no my little son she said,no my little son she said,0.0,0.0,2.74,6
if you dressed in silk and gold from top to toe you could not look any nicer than in your little red cap,if you dressed in silk and gold from top to toe you could not look any nicer than in your little red cap,0.0,0.0,8.5,23
he passed through henley saint albans and came so near to london as harrow on the hill,he passed through henley st albans and came so near to london as harrow on the hill,0.0588,0.0349,7.605,17
the scottish generals and commissioners affected great surprise on the appearance of the king and though they paid him all the exterior respect due to his dignity they instantly set a guard upon him under color of protection and made him in reality a prisoner,the scottish generals and commissioners effected great surprise on the appearance of the king and though they paid him all the exterior respect due to his dignity they instantly set a guard upon him under colour of protection and made him in reality a prisoner,0.0444,0.0077,20.33,45
they informed the english parliament of this unexpected incident and assured them that they had entered into no private treaty with the king,they informed the english parliament of this unexpected incident and assured them that they had entered into no private treaty with the king,0.0,0.0,9.815,23
or hath he given us any gift,or hath he given us any gift,0.0,0.0,3.87,7
and the men of israel answered the men of judah and said we have ten parts in the king and we have also more right in david than ye why then did ye despise us that our advice should not be first had in bringing back our king,and the men of israel answered the men of judah and said we have ten parts in the king and we have also more right in david than ye why then did ye despise us that our advice should not be first had in bringing back our king,0.0,0.0,20.64,48
another preacher after reproaching him to his face with his misgovernment ordered this psalm to be sung,another preacher after reproaching him to his face with his misgovernment ordered this psalm to be sung,0.0,0.0,8.745,17
the king stood up and called for that psalm which begins with these words,the king stood up and called for that psalm which begins with these words,0.0,0.0,6.81,14
have mercy lord on me i pray for men would me devour,have mercy lord on me i pray for men would me devour,0.0,0.0,6.23,12
the good natured audience in pity to fallen majesty showed for once greater deference to the king than to the minister and sung the psalm which the former had called for,the good natured audience in pity to fallen majesty showed for once greater deference to the king than to the minister and sung the psalm which the former had called for,0.0,0.0,13.42,31
the parliament and the scots laid their proposals before the king,the parliament and the scots laid their proposals before the king,0.0,0.0,4.805,11
before the settlement of terms the administration must be possessed entirely by the parliaments of both kingdoms and how incompatible that scheme with the liberty of the king is easily imagined,before the settlement of terms the administration must be possessed entirely by the parliaments of both kingdoms and how incompatible that scheme with the liberty of the king is easily imagined,0.0,0.0,14.6,31
the english it is evident had they not been previously assured of receiving the king would never have parted with so considerable a sum and while they weakened themselves by the same measure have strengthened a people with whom they must afterwards have so material an interest to discuss,the english it is evident had they not been previously assured of receiving the king would never have parted with so considerable a sum and while they weakened themselves by the same measure have strengthened a people with whom they must afterwards have so material an interest to discuss,0.0,0.0,22.36,49
if any still retained rancor against him in his present condition they passed in silence while his well wishers more generous than prudent accompanied his march with tears with acclamations and with prayers for his safety,if any still retained rancor against him in his present condition they passed in silence while his well wishers more generous than prudent accompanied his march with tears with acclamations and with prayers for his safety,0.0,0.0,18.73,36
his death in this conjuncture was a public misfortune,his death in this conjuncture was a public misfortune,0.0,0.0,5.44,9
though thrown into prison for this enterprise and detained some time he was not discouraged but still continued by his countenance and protection to infuse spirit into the distressed royalists,though thrown into prison for this enterprise and detained some time he was not discouraged but still continued by his countenance and protection to infuse spirit into the distressed royalists,0.0,0.0,17.74,30
among other persons of distinction who united themselves to him was lord napier of merchiston son of the famous inventor of the logarithms the person to whom the title of a great man is more justly due than to any other whom his country ever produced,among other persons of distinction who united themselves to him was lord napier of murchiston son of the famous inventor of the logarithms the person to whom the title of a great man is more justly due than to any other whom his country ever produced,0.0217,0.004,22.45,46
while the former foretold that the scottish covenanters were secretly forming a union with the english parliament and inculcated the necessity of preventing them by some vigorous undertaking the latter still insisted that every such attempt would precipitate them into measures to which otherwise they were not perhaps inclined,while the former foretold that the scottish covenanters were secretly forming a union with the english parliament and inculcated the necessity of preventing them by some vigorous undertaking the latter still insisted that every such attempt would precipitate them into measures to which otherwise they were not perhaps inclined,0.0,0.0,24.54,49
the kings ears were now open to montroses counsels who proposed none but the boldest and most daring agreeably to the desperate state of the royal cause in scotland,the kings ears were now open to montroses counsels who proposed none but the boldest and most daring agreeably to the desperate state of the royal cause in scotland,0.0,0.0,13.085,29
five hundred men more who had been levied by the covenanters were persuaded to embrace the royal cause and with this combined force he hastened to attack lord elcho who lay at perth with an army of six thousand men assembled upon the first news of the irish invasion,five hundred men more who had been levied by the covenanters were persuaded to embrace the royal cause and with this combined force he hastened to attack lord elko who lay at perth with an army of six thousand men assembled upon the first news of the irish invasion,0.0204,0.0075,21.255,49
dreading the superior power of argyle who having joined his vassals to a force levied by the public was approaching with a considerable army montrose hastened northwards in order to rouse again the marquis of huntley and the gordons who having before hastily taken arms had been instantly suppressed by the covenanters,dreading the superior power of argyle who having joined his vassals to a force levied by the public was approaching with a considerable army montrose hastened northward in order to rouse again the marquis of huntley and the gordons who having before hastily taken arms had been instantly suppressed by the covenanters,0.0192,0.0031,26.16,52
this noblemans character though celebrated for political courage and conduct was very low for military prowess and after some skirmishes in which he was worsted he here allowed montrose to escape him,this noblemans character though celebrated for political courage and conduct was very low for military prowess and after some skirmishes in which he was worsted he here allowed montrose to escape him,0.0,0.0,16.98,32
by quick marches through these inaccessible mountains that general freed himself from the superior forces of the covenanters,by quick marches through these inaccessible mountains that general freed himself from the superior forces of the covenanters,0.0,0.0,10.085,18
with these and some reenforcements of the atholemen and macdonalds whom he had recalled montrose fell suddenly upon argyles country and let loose upon it all the rage of war carrying off the cattle burning the houses and putting the inhabitants to the sword,with these and some reinforcements of the athol men and macdonalds whom he had recalled montrose fell suddenly upon argylls country and let loose upon it all the rage of war carrying off the cattle burning the houses and putting the inhabitants to the sword,0.0909,0.0117,20.98,44
this severity by which montrose sullied his victories was the result of private animosity against the chieftain as much as of zeal for the public cause argyle collecting three thousand men marched in quest of the enemy who had retired with their plunder and he lay at innerlochy supposing himself still at a considerable distance from them,this severity by which montrose sullied his victories was the result of private animosity against the chieftain as much as of zeal for the public cause argyle collecting three thousand men marched in quest of the enemy who had retired with their plunder and he lay at innerlochy supposing himself still at a considerable distance from them,0.0,0.0,28.41,57
by a quick and unexpected march montrose hastened to innerlochy and presented himself in order of battle before the surprised but not affrightened covenanters,by a quick and unexpected march montrose hastened to innerlochy and presented himself in order of battle before the surprised but not affrightened covenanters,0.0,0.0,13.62,24
his conduct and presence of mind in this emergence appeared conspicuous,his conduct and presence of mind in this emergence appeared conspicuous,0.0,0.0,6.48,11
montrose weak in cavalry here lined his troops of horse with infantry and after putting the enemys horse to rout fell with united force upon their foot who were entirely cut in pieces though with the loss of the gallant lord gordon on the part of the royalists,montrose weak in cavalry here lined his troops of horse with infantry and after putting the enemys horse to rout fell with united force upon their foot who were entirely cut in pieces though with the loss of the gallant lord gordon on the part of the royalists,0.0,0.0,19.885,48
from the same men new regiments and new companies were formed different officers appointed and the whole military force put into such hands as the independents could rely on,from the same men new regiments and new companies were formed different officers appointed and the whole military force put into such hands as the independents could rely on,0.0,0.0,13.61,29
besides members of parliament who were excluded many officers unwilling to serve under the new generals threw up their commissions and unwarily facilitated the project of putting the army entirely into the hands of that faction,besides members of parliament who were excluded many officers unwilling to serve under the new generals threw up their commissions and unwarily facilitated the project of putting the army entirely into the hands of that faction,0.0,0.0,17.88,36
though the discipline of the former parliamentary army was not contemptible a more exact plan was introduced and rigorously executed by these new commanders,though the discipline of the former parliamentary army was not contemptible a more exact plan was introduced and rigorously executed by these new commanders,0.0,0.0,12.655,24
valor indeed was very generally diffused over the one party as well as the other during this period discipline also was attained by the forces of the parliament but the perfection of the military art in concerting the general plans of action and the operations of the field seems still on both sides to have been in a great measure wanting,valor indeed was very generally diffused over the one party as well as the other during this period discipline also was attained by the forces of the parliament but the perfection of the military art in concerting the general plans of action and the operations of the field seems still on both sides to have been in a great measure wanting,0.0,0.0,27.525,61
historians at least perhaps from their own ignorance and inexperience have not remarked any thing but a headlong impetuous conduct each party hurrying to a battle where valor and fortune chiefly determined the success,historians at least perhaps from their own ignorance and inexperience have not remarked anything but a headlong impetuous conduct each party hurrying to a battle where valour and fortune chiefly determined the success,0.0882,0.0092,17.825,34
chapter one origin,chapter one origin,0.0,0.0,2.59,3
it engenders a whole world la pegre for which read theft and a hell la pegrenne for which read hunger,it engenders a whole world la pègre for which read theft and a hell la pène for which read hunger,0.1,0.0594,11.32,20
thus idleness is the mother,thus idleness is the mother,0.0,0.0,3.185,5
she has a son theft and a daughter hunger,she has a son theft and a daughter hunger,0.0,0.0,4.895,9
what is slang,what is slang,0.0,0.0,2.135,3
we have never understood this sort of objections,we have never understood this sort of objections,0.0,0.0,4.21,8
slang is odious,slang is odious,0.0,0.0,2.11,3
slang makes one shudder,slang makes one shudder,0.0,0.0,2.63,4
who denies that of course it does,who denies that of course it does,0.0,0.0,3.59,7
when it is a question of probing a wound a gulf a society since when has it been considered wrong to go too far to go to the bottom,when it is a question of probing a wound a gulf a society since when has it been considered wrong to go too far to go to the bottom,0.0,0.0,11.305,29
we have always thought that it was sometimes a courageous act and at least a simple and useful deed worthy of the sympathetic attention which duty accepted and fulfilled merits,we have always thought that it was sometimes a courageous act and at least a simple and useful deed worthy of the sympathetic attention which duty accepted and fulfilled merits,0.0,0.0,15.165,30
why should one not explore everything and study everything,why should one not explore everything and study everything,0.0,0.0,5.615,9
why should one halt on the way,why should one halt on the way,0.0,0.0,2.735,7
nothing is more lugubrious than the contemplation thus in its nudity in the broad light of thought of the horrible swarming of slang,nothing is more lugubrious than the contemplation thus in its nudity in the broad light of thought of the horrible swarming of slang,0.0,0.0,10.44,23
now when has horror ever excluded study,now when has horror ever excluded study,0.0,0.0,6.115,7
since when has malady banished medicine,since when has malady banished medicine,0.0,0.0,3.86,6
can one imagine a naturalist refusing to study the viper the bat the scorpion the centipede the tarantula and one who would cast them back into their darkness saying oh how ugly that is,can one imagine a naturalist refusing to study the viper the bat the scorpion the centipede the tarantula and one who would cast them back into their darkness saying oh how ugly that is,0.0,0.0,17.265,34
he would be like a philologist refusing to examine a fact in language a philosopher hesitating to scrutinize a fact in humanity,he would be like a philologist refusing to examine a fact in language a philosopher hesitating to scrutinize a fact in humanity,0.0,0.0,10.585,22
what is slang properly speaking,what is slang properly speaking,0.0,0.0,3.375,5
it is the language of wretchedness,it is the language of wretchedness,0.0,0.0,2.93,6
we may be stopped the fact may be put to us in general terms which is one way of attenuating it we may be told that all trades professions it may be added all the accidents of the social hierarchy and all forms of intelligence have their own slang,we may be stopped the fact may be put to us in general terms which is one way of attenuating it we may be told that all trades professions it may be added all the accidents of the social hierarchy and all forms of intelligence have their own slang,0.0,0.0,22.5,49
the painter who says my grinder the notary who says my skip the gutter the hairdresser who says my mealyback the cobbler who says my cub talks slang,the painter who says my grinder the notary who says my skip o the gutter the hairdresser who says my mealy back the cobbler who says my cub talks slang,0.1071,0.0203,14.48,28
there is the slang of the affected lady as well as of the precieuses,there is the slang of the affected lady as well as of the presseuses,0.0714,0.0294,6.2,14
the sugar manufacturer who says loaf clarified lumps bastard common burnt this honest manufacturer talks slang,the sugar manufacturer who says loaf clarified lumps bastard common burnt this honest manufacturer talks slang,0.0,0.0,12.07,16
algebra medicine botany have each their slang,algebra medicine botany have each their slang,0.0,0.0,5.14,7
to meet the needs of this conflict wretchedness has invented a language of combat which is slang,to meet the needs of this conflict wretchedness has invented a language of combat which is slang,0.0,0.0,9.215,17
to keep afloat and to rescue from oblivion to hold above the gulf were it but a fragment of some language which man has spoken and which would otherwise be lost that is to say one of the elements good or bad of which civilization is composed or by which it is complicated to extend the records of social observation is to serve civilization itself,to keep afloat and to rescue from oblivion to hold above the gulf were it but a fragment of some language which man has spoken and which would otherwise be lost that is to say one of the elements good or bad of which civilization is composed or by which it is complicated to extend the records of social observation is to serve civilization itself,0.0,0.0,31.615,65
phoenician very good,phoenician very good,0.0,0.0,1.995,3
even dialect let that pass,even dialect let that pass,0.0,0.0,3.265,5
to this we reply in one word only,to this we reply in one word only,0.0,0.0,3.87,8
assuredly if the tongue which a nation or a province has spoken is worthy of interest the language which has been spoken by a misery is still more worthy of attention and study,assuredly if the tongue which a nation or a province has spoken is worthy of interest the language which has been spoken by a misery is still more worthy of attention and study,0.0,0.0,14.79,33
and then we insist upon it the study of social deformities and infirmities and the task of pointing them out with a view to remedy is not a business in which choice is permitted,and then we insist upon it the study of social deformities and infirmities and the task of pointing them out with a view to remedy is not a business in which choice is permitted,0.0,0.0,14.31,34
he must descend with his heart full of charity and severity at the same time as a brother and as a judge to those impenetrable casemates where crawl pell mell those who bleed and those who deal the blow those who weep and those who curse those who fast and those who devour those who endure evil and those who inflict it,he must descend with his heart full of charity and severity at the same time as a brother and as a judge to those impenetrable casemates where crawl pell mell those who bleed and those who deal the blow those who weep and those who curse those who fast and those who devour those who endure evil and those who inflict it,0.0,0.0,28.09,62
do we really know the mountain well when we are not acquainted with the cavern,do we really know the mountain well when we are not acquainted with the cavern,0.0,0.0,5.545,15
they constitute two different orders of facts which correspond to each other which are always interlaced and which often bring forth results,they constitute two different orders of facts which correspond to each other which are always interlaced and which often bring forth results,0.0,0.0,11.27,22
true history being a mixture of all things the true historian mingles in everything,true history being a mixture of all things the true historian mingles in everything,0.0,0.0,7.535,14
facts form one of these and ideas the other,facts form one of these and ideas the other,0.0,0.0,5.435,9
there it clothes itself in word masks in metaphor rags,there it clothes itself in word masks in metaphor rags,0.0,0.0,5.35,10
in this guise it becomes horrible,in this guise it becomes horrible,0.0,0.0,3.885,6
one perceives without understanding it a hideous murmur sounding almost like human accents but more nearly resembling a howl than an articulate word,one perceives without understanding it a hideous murmur sounding almost like human accents but more nearly resembling a howl than an articulate word,0.0,0.0,15.42,23
one thinks one hears hydras talking,one thinks one hears hydras talking,0.0,0.0,3.925,6
it is unintelligible in the dark,it is unintelligible in the dark,0.0,0.0,2.975,6
it is black in misfortune it is blacker still in crime these two blacknesses amalgamated compose slang,it is black in misfortune it is blacker still in crime these two blacknesses amalgamated compose slang,0.0,0.0,10.375,17
the earth is not devoid of resemblance to a jail,the earth is not devoid of resemblance to a jail,0.0,0.0,3.99,10
look closely at life,look closely at life,0.0,0.0,2.19,4
it is so made that everywhere we feel the sense of punishment,it is so made that everywhere we feel the sense of punishment,0.0,0.0,4.89,12
each day has its own great grief or its little care,each day has its own great grief or its little care,0.0,0.0,4.59,11
yesterday you were trembling for a health that is dear to you to day you fear for your own to morrow it will be anxiety about money the day after to morrow the diatribe of a slanderer the day after that the misfortune of some friend then the prevailing weather then something that has been broken or lost then a pleasure with which your conscience and your vertebral column reproach you again the course of public affairs,yesterday you were trembling for a health that is dear to you to day you fear for your own to morrow it will be anxiety about money the day after to morrow the diatribe of a slanderer the day after that the misfortune of some friend then the prevailing weather then something that has been broken or lost then a pleasure with which your conscience and your vertebral column reproach you again the course of public affairs,0.0,0.0,34.955,77
this without reckoning in the pains of the heart and so it goes on,this without reckoning in the pains of the heart and so it goes on,0.0,0.0,5.215,14
there is hardly one day out of a hundred which is wholly joyous and sunny,there is hardly one day out of a hundred which is wholly joyous and sunny,0.0,0.0,5.91,15
and you belong to that small class who are happy,and you belong to that small class who are happy,0.0,0.0,3.895,10
in this world evidently the vestibule of another there are no fortunate,in this world evidently the vestibule of another there are no fortunate,0.0,0.0,6.17,12
the real human division is this the luminous and the shady,the real human division is this the luminous and the shady,0.0,0.0,6.275,11
to diminish the number of the shady to augment the number of the luminous that is the object,to diminish the number of the shady to augment the number of the luminous that is the object,0.0,0.0,8.095,18
that is why we cry education science,that is why we cry education science,0.0,0.0,4.315,7
to teach reading means to light the fire every syllable spelled out sparkles,to teach reading means to light the fire every syllable spelled out sparkles,0.0,0.0,7.225,13
however he who says light does not necessarily say joy,however he who says light does not necessarily say joy,0.0,0.0,6.345,10
people suffer in the light excess burns,people suffer in the light excess burns,0.0,0.0,4.61,7
the flame is the enemy of the wing,the flame is the enemy of the wing,0.0,0.0,3.11,8
to burn without ceasing to fly therein lies the marvel of genius,to burn without ceasing to fly therein lies the marvel of genius,0.0,0.0,6.205,12
out in the woods stood a nice little fir tree,out in the woods stood a nice little fir tree,0.0,0.0,4.07,10
the place he had was a very good one the sun shone on him as to fresh air there was enough of that and round him grew many large sized comrades pines as well as firs,the place he had was a very good one the sun shone on him as to fresh air there was enough of that and round him grew many large sized comrades pines as well as firs,0.0,0.0,15.13,36
he did not think of the warm sun and of the fresh air he did not care for the little cottage children that ran about and prattled when they were in the woods looking for wild strawberries,he did not think of the warm sun and of the fresh air he did not care for the little cottage children that ran about and prattled when they were in the woods looking for wild strawberries,0.0,0.0,13.62,37
but this was what the tree could not bear to hear,but this was what the tree could not bear to hear,0.0,0.0,4.76,11
in winter when the snow lay glittering on the ground a hare would often come leaping along and jump right over the little tree,in winter when the snow lay glittering on the ground a hare would often come leaping along and jump right over the little tree,0.0,0.0,10.25,24
oh that made him so angry,oh that made him so angry,0.0,0.0,3.26,6
to grow and grow to get older and be tall thought the tree that after all is the most delightful thing in the world,to grow and grow to get older and be tall thought the tree that after all is the most delightful thing in the world,0.0,0.0,13.95,24
in autumn the wood cutters always came and felled some of the largest trees,in autumn the woodcutters always came and felled some of the largest trees,0.1429,0.0133,6.42,14
this happened every year and the young fir tree that had now grown to a very comely size trembled at the sight for the magnificent great trees fell to the earth with noise and cracking the branches were lopped off and the trees looked long and bare they were hardly to be recognised and then they were laid in carts and the horses dragged them out of the wood,this happened every year and the young fir tree that had now grown to a very comely size trembled at the sight for the magnificent great trees fell to the earth with noise and cracking the branches were lopped off and the trees looked long and bare they were hardly to be recognized and then they were laid in carts and the horses dragged them out of the wood,0.0145,0.0028,30.81,69
have you not met them anywhere,have you not met them anywhere,0.0,0.0,2.765,6
rejoice in thy growth said the sunbeams,rejoice in thy growth said the sunbeams,0.0,0.0,3.815,7
and then what happens then,and then what happens then,0.0,0.0,2.54,5
i would fain know if i am destined for so glorious a career cried the tree rejoicing,i would fain know if i am destined for so glorious a career cried the tree rejoicing,0.0,0.0,7.765,17
i am now tall and my branches spread like the others that were carried off last year oh,i am now tall and my branches spread like the others that were carried off last year oh,0.0,0.0,8.705,18
were i but already on the cart,were i but already on the cart,0.0,0.0,2.555,7
were i in the warm room with all the splendor and magnificence,were i in the warm room with all the splendour and magnificence,0.0833,0.0161,4.455,12
yes then something better something still grander will surely follow or wherefore should they thus ornament me,yes then something better something still grander will surely follow or wherefore should they thus ornament me,0.0,0.0,9.215,17
something better something still grander must follow but what,something better something still grander must follow but what,0.0,0.0,4.82,9
rejoice in our presence said the air and the sunlight,rejoice in our presence said the air and the sunlight,0.0,0.0,4.93,10
rejoice in thy own fresh youth,rejoice in thy own fresh youth,0.0,0.0,4.11,6
but the tree did not rejoice at all he grew and grew and was green both winter and summer,but the tree did not rejoice at all he grew and grew and was green both winter and summer,0.0,0.0,8.825,19
and towards christmas he was one of the first that was cut down,and towards christmas he was one of the first that was cut down,0.0,0.0,4.15,13
the axe struck deep into the very pith the tree fell to the earth with a sigh he felt a pang it was like a swoon he could not think of happiness for he was sorrowful at being separated from his home from the place where he had sprung up,the axe struck deep into the very pith the tree fell to the earth with a sigh he felt a pang it was like a swoon he could not think of happiness for he was sorrowful at being separated from his home from the place where he had sprung up,0.0,0.0,19.005,50
he well knew that he should never see his dear old comrades the little bushes and flowers around him anymore perhaps not even the birds,he well knew that he should never see his dear old comrades the little bushes and flowers around him any more perhaps not even the birds,0.08,0.0074,9.695,25
the departure was not at all agreeable,the departure was not at all agreeable,0.0,0.0,4.13,7
the tree only came to himself when he was unloaded in a court yard with the other trees and heard a man say that one is splendid we dont want the others,the tree only came to himself when he was unloaded in a courtyard with the other trees and heard a man say that one is splendid we dont want the others,0.0625,0.0066,10.69,32
there too were large easy chairs silken sofas large tables full of picture books and full of toys worth hundreds and hundreds of crowns at least the children said so,there too were large easy chairs silken sofas large tables full of picture books and full of toys worth hundreds and hundreds of crowns at least the children said so,0.0,0.0,13.96,30
the servants as well as the young ladies decorated it,the servants as well as the young ladies decorated it,0.0,0.0,4.79,10
this evening they all said,this evening they all said,0.0,0.0,2.61,5
how it will shine this evening,how it will shine this evening,0.0,0.0,3.05,6
perhaps the other trees from the forest will come to look at me,perhaps the other trees from the forest will come to look at me,0.0,0.0,4.575,13
it blazed up famously help help,it blazed up famously help help,0.0,0.0,3.98,6
cried the young ladies and they quickly put out the fire,cried the young ladies and they quickly put out the fire,0.0,0.0,4.0,11
a story,a story,0.0,0.0,1.285,2
a story cried the children drawing a little fat man towards the tree,a story cried the children drawing a little fat man towards the tree,0.0,0.0,5.11,13
but i shall tell only one story,but i shall tell only one story,0.0,0.0,2.9,7
humpy dumpy fell downstairs and yet he married the princess,humpy dumpy fell downstairs and yet he married the princess,0.0,0.0,5.365,10
thats the way of the world,thats the way of the world,0.0,0.0,1.96,6
thought the fir tree and believed it all because the man who told the story was so good looking well well,thought the fir tree and believed it all because the man who told the story was so good looking well well,0.0,0.0,8.8,21
i wont tremble to morrow thought the fir tree,i wont tremble to morrow thought the fir tree,0.0,0.0,4.025,9
and the whole night the tree stood still and in deep thought,and the whole night the tree stood still and in deep thought,0.0,0.0,5.125,12
in the morning the servant and the housemaid came in,in the morning the servant and the housemaid came in,0.0,0.0,3.88,10
but they dragged him out of the room and up the stairs into the loft and here in a dark corner where no daylight could enter they left him,but they dragged him out of the room and up the stairs into the loft and here in a dark corner where no daylight could enter they left him,0.0,0.0,15.31,29
whats the meaning of this thought the tree,whats the meaning of this thought the tree,0.0,0.0,3.78,8
and he leaned against the wall lost in reverie,and he leaned against the wall lost in reverie,0.0,0.0,3.74,9
time enough had he too for his reflections for days and nights passed on and nobody came up and when at last somebody did come it was only to put some great trunks in a corner out of the way,time enough had he too for his reflections for days and nights passed on and nobody came up and when at last somebody did come it was only to put some great trunks in a corner out of the way,0.0,0.0,13.96,40
tis now winter out of doors thought the tree,tis now winter out of doors thought the tree,0.0,0.0,4.715,9
how kind man is after all,how kind man is after all,0.0,0.0,3.325,6
if it only were not so dark here and so terribly lonely,if it only were not so dark here and so terribly lonely,0.0,0.0,6.555,12
squeak squeak,squeak squeak,0.0,0.0,2.02,2
they snuffed about the fir tree and rustled among the branches,they snuffed about the fir tree and rustled among the branches,0.0,0.0,4.855,11
i am by no means old said the fir tree,i am by no means old said the fir tree,0.0,0.0,4.665,10
theres many a one considerably older than i am,theres many a one considerably older than i am,0.0,0.0,4.285,9
they were so extremely curious,they were so extremely curious,0.0,0.0,2.955,5
i know no such place said the tree,i know no such place said the tree,0.0,0.0,4.25,8
and then he told all about his youth and the little mice had never heard the like before and they listened and said,and then he told all about his youth and the little mice had never heard the like before and they listened and said,0.0,0.0,8.23,23
said the fir tree thinking over what he had himself related,said the fir tree thinking over what he had himself related,0.0,0.0,5.225,11
yes in reality those were happy times,yes in reality those were happy times,0.0,0.0,6.56,7
who is humpy dumpy asked the mice,who is humpy dumpy asked the mice,0.0,0.0,4.47,7
only that one answered the tree,only that one answered the tree,0.0,0.0,3.52,6
it is a very stupid story,it is a very stupid story,0.0,0.0,3.35,6
dont you know one about bacon and tallow candles cant you tell any larder stories,dont you know one about bacon and tallow candles cant you tell any larder stories,0.0,0.0,7.59,15
no said the tree,no said the tree,0.0,0.0,2.675,4
then good bye said the rats and they went home,then goodbye said the rats and they went home,0.2,0.0217,5.075,10
at last the little mice stayed away also and the tree sighed after all it was very pleasant when the sleek little mice sat round me and listened to what i told them,at last the little mice stayed away also and the tree sighed after all it was very pleasant when the sleek little mice sat round me and listened to what i told them,0.0,0.0,15.27,33
now that too is over,now that too is over,0.0,0.0,3.03,5
why one morning there came a quantity of people and set to work in the loft,why one morning there came a quantity of people and set to work in the loft,0.0,0.0,4.815,16
the trunks were moved the tree was pulled out and thrown rather hard it is true down on the floor but a man drew him towards the stairs where the daylight shone,the trunks were moved the tree was pulled out and thrown rather hard it is true down on the floor but a man drew him towards the stairs where the daylight shone,0.0,0.0,13.035,32
but it was not the fir tree that they meant,but it was not the fir tree that they meant,0.0,0.0,4.02,10
it was in a corner that he lay among weeds and nettles,it was in a corner that he lay among weeds and nettles,0.0,0.0,5.01,12
the golden star of tinsel was still on the top of the tree and glittered in the sunshine,the golden star of tinsel was still on the top of the tree and glittered in the sunshine,0.0,0.0,6.27,18
in the court yard some of the merry children were playing who had danced at christmas round the fir tree and were so glad at the sight of him,in the courtyard some of the merry children were playing who had danced at christmas round the fir tree and were so glad at the sight of him,0.069,0.0071,8.875,29
and the gardeners boy chopped the tree into small pieces there was a whole heap lying there,and the gardeners boy chopped the tree into small pieces there was a whole heap lying there,0.0,0.0,7.94,17
the wood flamed up splendidly under the large brewing copper and it sighed so deeply,the wood flamed up splendidly under the large brewing copper and it sighed so deeply,0.0,0.0,8.205,15
however that was over now the tree gone the story at an end,however that was over now the tree gone the story at an end,0.0,0.0,8.73,13
her sea going qualities were excellent and would have amply sufficed for a circumnavigation of the globe,her sea going qualities were excellent and would have amply sufficed for a circumnavigation of the globe,0.0,0.0,6.455,17
after an apprenticeship on a merchant ship he had entered the imperial navy and had already reached the rank of lieutenant when the count appointed him to the charge of his own private yacht in which he was accustomed to spend by far the greater part of his time throughout the winter generally cruising in the mediterranean whilst in the summer he visited more northern waters,after an apprenticeship on a merchant ship he had entered the imperial navy and had already reached the rank of lieutenant when the count appointed him to the charge of his own private yacht in which he was accustomed to spend by far the greater part of his time throughout the winter generally cruising in the mediterranean whilst in the summer he visited more northern waters,0.0,0.0,21.015,66
the late astounding events however had rendered procope manifestly uneasy and not the less so from his consciousness that the count secretly partook of his own anxiety,the late astounding events however had rendered procope manifestly uneasy and not the less so from his consciousness that the count secretly partook of his own anxiety,0.0,0.0,10.96,27
steam up and canvas spread the schooner started eastwards,steam up and canvas spread the schooner started eastwards,0.0,0.0,3.98,9
although only a moderate breeze was blowing the sea was rough a circumstance to be accounted for only by the diminution in the force of the earths attraction rendering the liquid particles so buoyant that by the mere effect of oscillation they were carried to a height that was quite unprecedented,although only a moderate breeze was blowing the sea was rough a circumstance to be accounted for only by the diminution in the force of the earths attraction rendering the liquid particles so buoyant that by the mere effect of oscillation they were carried to a height that was quite unprecedented,0.0,0.0,17.415,51
for a few miles she followed the line hitherto presumably occupied by the coast of algeria but no land appeared to the south,for a few miles she followed the line hitherto presumably occupied by the coast of algeria but no land appeared to the south,0.0,0.0,8.415,23
the log and the compass therefore were able to be called upon to do the work of the sextant which had become utterly useless,the log and the compass therefore were able to be called upon to do the work of the sextant which had become utterly useless,0.0,0.0,7.55,24
there is no fear of that sir,theres no fear of that sir,0.2857,0.0714,1.88,7
the earth has undoubtedly entered upon a new orbit but she is not incurring any probable risk of being precipitated onto the sun,the earth has undoubtedly entered upon a new orbit but she is not incurring any probable risk of being precipitated onto the sun,0.0,0.0,8.54,23
and what demonstration do you offer asked servadac eagerly that it will not happen,and what demonstration do you offer asked servadac eagerly that it will not happen,0.0,0.0,7.01,14
ocean reigned supreme,ocean reigned supreme,0.0,0.0,2.31,3
all the images of his past life floated upon his memory his thoughts sped away to his native france only to return again to wonder whether the depths of ocean would reveal any traces of the algerian metropolis,all the images of his past life floated upon his memory his thoughts sped away to his native france only to return again to wonder whether the depths of ocean would reveal any traces of the algerian metropolis,0.0,0.0,13.71,38
is it not impossible he murmured aloud that any city should disappear so completely,is it not impossible he murmured aloud that any city should disappear so completely,0.0,0.0,6.775,14
would not the loftiest eminences of the city at least be visible,would not the loftiest eminences of the city at least be visible,0.0,0.0,4.82,12
another circumstance was most remarkable,another circumstance was most remarkable,0.0,0.0,2.995,5
to the surprise of all and especially of lieutenant procope the line indicated a bottom at a nearly uniform depth of from four to five fathoms and although the sounding was persevered with continuously for more than two hours over a considerable area the differences of level were insignificant not corresponding in any degree to what would be expected over the site of a city that had been terraced like the seats of an amphitheater,to the surprise of all and especially of lieutenant procope the line indicated a bottom at a nearly uniform depth of from four to five fathoms and although the sounding was persevered with continuously for more than two hours over a considerable area the differences of level were insignificant not corresponding in any degree to what would be expected over the site of a city that had been terraced like the seats of an amphitheatre,0.0133,0.0046,29.14,75
you must see lieutenant i should think that we are not so near the coast of algeria as you imagined,you must see lieutenant i should think that we are not so near the coast of algeria as you imagined,0.0,0.0,6.285,20
after pondering awhile he said if we were farther away i should expect to find a depth of two or three hundred fathoms instead of five fathoms five fathoms,after pondering a while he said if we were farther away i should expect to find a depth of two or three hundred fathoms instead of five fathoms five fathoms,0.069,0.0065,12.755,29
its depth remained invariable still four or at most five fathoms and although its bottom was assiduously dredged it was only to prove it barren of marine production of any type,its depth remained invariable still four or at most five fathoms and although its bottom was assiduously dredged it was only to prove it barren of marine production of any type,0.0,0.0,12.83,31
nothing was to be done but to put about and return in disappointment towards the north,nothing was to be done but to put about and return in disappointment toward the north,0.0625,0.0116,5.29,16
fast as his legs could carry him servadac had made his way to the top of the cliff,fast as his legs could carry him servadac had made his way to the top of the cliff,0.0,0.0,5.455,18
it was quite true that a vessel was in sight hardly more than six miles from the shore but owing to the increase in the earths convexity and the consequent limitation of the range of vision the rigging of the topmasts alone was visible above the water,it was quite true that a vessel was in sight hardly more than six miles from the shore but owing to the increase in the earths convexity and the consequent limitation of the range of vision the rigging of the top masts alone was visible above the water,0.0426,0.004,16.065,47
exclaimed servadac keeping his eye unmoved at his telescope,exclaimed servadac keeping his eye unmoved at his telescope,0.0,0.0,4.01,9
she is under sail but she is count timascheffs yacht he was right,she is under sail but she is count timoshefs yacht he was right,0.0769,0.0462,5.515,13
if the count were on board a strange fatality was bringing him to the presence of his rival,if the count were on board a strange fatality was bringing him to the presence of his rival,0.0,0.0,6.015,18
he reckoned therefore not only upon ascertaining the extent of the late catastrophe but upon learning its cause,he reckoned therefore not only upon ascertaining the extent of the late catastrophe but upon learning its cause,0.0,0.0,7.4,18
the wind being adverse the dobryna did not make very rapid progress but as the weather in spite of a few clouds remained calm and the sea was quite smooth she was enabled to hold a steady course,the wind being adverse the dobrina did not make very rapid progress but as the weather in spite of a few clouds remained calm and the sea was quite smooth she was enabled to hold a steady course,0.0263,0.0052,13.88,38
servadac took it for granted that the dobryna was endeavoring to put in,servadac took it for granted that the dobrina was endeavouring to put in,0.1538,0.0282,4.625,13
a narrow channel formed a passage through the ridge of rocks that protected it from the open sea and which even in the roughest weather would ensure the calmness of its waters,a narrow channel formed a passage through the ridge of rocks that protected it from the open sea and which even in the roughest weather would ensure the calmness of its waters,0.0,0.0,11.48,32
slightly changing her course she first struck her mainsail and in order to facilitate the movements of her helmsman soon carried nothing but her two topsails brigantine and jib,slightly changing her course she first struck her mainsail and in order to facilitate the movements of her helmsmen soon carried nothing but her two topsails brigantine and jib,0.0345,0.0057,11.65,29
captain servadac hastened towards him,captain servadac hastened toward him,0.2,0.027,2.935,5
i left you on a continent and here i have the honor of finding you on an island,i left you on a continent and here i have the honour of finding you on an island,0.0556,0.0127,6.02,18
never mind now interposed the captain we will talk of that by and by,never mind now interposed the captain we will talk of that by and by,0.0,0.0,4.73,14
nothing more than you know yourself,nothing more than you know yourself,0.0,0.0,2.96,6
are you certain that this is the mediterranean,are you certain that this is the mediterranean,0.0,0.0,3.07,8
for some moments he seemed perfectly stupefied then recovering himself he began to overwhelm the count with a torrent of questions,for some moments he seemed perfectly stupefied and then recovering himself he began to overwhelm the count with a torrent of questions,0.0476,0.0308,8.525,21
to all these inquiries the count responded in the affirmative,to all these inquiries the count responded in the affirmative,0.0,0.0,4.17,10
some mysterious force seemed to have brought about a convulsion of the elements,some mysterious force seemed to have brought about a convulsion of the elements,0.0,0.0,5.665,13
you will take me on board count will you not,you will take me on board count will you not,0.0,0.0,2.885,10
my yacht is at your service sir even should you require to make a tour round the world,my yacht is at your service sir even should you require to make a tour around the world,0.0556,0.0116,6.24,18
the count shook his head,the count shook his head,0.0,0.0,2.3,5
before starting it was indispensable that the engine of the dobryna should be repaired to sail under canvas only would in contrary winds and rough seas be both tedious and difficult,before starting it was indispensable that the engine of the dobrina should be repaired to sail under canvas only would in contrary winds and rough seas be both tedious and difficult,0.0323,0.0055,12.455,31
it was on the last day of january that the repairs of the schooner were completed,it was on the last day of january that the repairs of the schooner were completed,0.0,0.0,4.725,16
a slight diminution in the excessively high temperature which had prevailed for the last few weeks was the only apparent change in the general order of things but whether this was to be attributed to any alteration in the earths orbit was a question which would still require several days to decide,a slight diminution in the excessively high temperature which had prevailed for the last few weeks was the only apparent change in the general order of things but whether this was to be attributed to any alteration in the earths orbit was a question which would still require several days to decide,0.0,0.0,17.57,52
doubts now arose and some discussion followed whether or not it was desirable for ben zoof to accompany his master,doubts now arose and some discussion followed whether or not it was desirable for ben zoof to accompany his master,0.0,0.0,8.2,20
length of service fourteen years three months and five days,length of service fourteen years three months and five days,0.0,0.0,4.51,10
he seemed born to please without being conscious of the power he possessed,he seemed born to please without being conscious of the power he possessed,0.0,0.0,4.49,13
it must be owned and no one was more ready to confess it than himself that his literary attainments were by no means of a high order,it must be owned and no one was more ready to confess it than himself that his literary attainments were by no means of a high order,0.0,0.0,8.285,27
we dont spin tops is a favorite saying amongst artillery officers indicating that they do not shirk their duty by frivolous pursuits but it must be confessed that servadac being naturally idle was very much given to spinning tops,we dont spin tops is a favourite saying amongst artillery officers indicating that they do not shirk their duty by frivolous pursuits but it must be confessed that servadac being naturally idle was very much given to spinning tops,0.0256,0.0044,14.81,39
once in action he was leading a detachment of infantry through an intrenchment,once in action he was leading a detachment of infantry through an entrenchment,0.0769,0.0128,4.735,13
sometimes he would wander on foot upon the sandy shore and sometimes he would enjoy a ride along the summit of the cliff altogether being in no hurry at all to bring his task to an end,sometimes he would wander on foot upon the sandy shore and sometimes he would enjoy a ride along the summit of the cliff altogether being in no hurry at all to bring his task to an end,0.0,0.0,11.39,37
no cathedral not even burgos itself could vie with the church at montmartre,no cathedral not even burgos itself could vie with the church at montmartre,0.0,0.0,5.505,13
ben zoofs most ambitious desire was to induce the captain to go with him and end his days in his much loved home and so incessantly were servadacs ears besieged with descriptions of the unparalleled beauties and advantages of this eighteenth arrondissement of paris that he could scarcely hear the name of montmartre without a conscious thrill of aversion,ben zoufs most ambitious desire was to induce the captain to go with him and end his days in his much loved home and so incessantly were servadacs ears besieged with descriptions of the unparalleled beauties and advantages of this eighteenth arrondissement of paris that he could scarcely hear the name of montmartre without a conscious thrill of aversion,0.0169,0.0028,26.14,59
when a private in the eighth cavalry he had been on the point of quitting the army at twenty eight years of age but unexpectedly he had been appointed orderly to captain servadac,when a private in the eighth cavalry he had been on the point of quitting the army at twenty eight years of age but unexpectedly he had been appointed orderly to captain servadac,0.0,0.0,10.73,33
the bond of union thus effected could never be severed and although ben zoofs achievements had fairly earned him the right of retirement he firmly declined all honors or any pension that might part him from his superior officer,the bond of union thus effected could never be severed and although ben zufs achievements had fairly earned him the right of retirement he firmly declined all honours or any pension that might part him from his superior officer,0.0513,0.0132,14.595,39
unlike his master he made no pretension to any gift of poetic power but his inexhaustible memory made him a living encyclopaedia and for his stock of anecdotes and troopers tales he was matchless,unlike his master he made no pretension to any gift of poetic power but his inexhaustible memory made him a living encyclopedia and for his stock of anecdotes and troopers tales he was matchless,0.0294,0.0051,13.595,34
to celebrate the arrival of her son silvia gave a splendid supper to which she had invited all her relatives and it was a good opportunity for me to make their acquaintance,to celebrate the arrival of her son sylvia gave a splendid supper to which she had invited all her relatives and it was a good opportunity for me to make their acquaintance,0.0312,0.0058,11.17,32
without saying it positively she made me understand that being herself an illustrious member of the republic of letters she was well aware that she was speaking to an insect,without saying it positively she made me understand that being herself an illustrious member of the republic of letters she was well aware that she was speaking to an insect,0.0,0.0,12.195,30
in order to please her i spoke to her of the abbe conti and i had occasion to quote two lines of that profound writer,in order to please her i spoke to her of the abbey conti and i had occasion to quote two lines of that profound writer,0.04,0.0085,8.78,25
madam corrected me with a patronizing air for my pronunciation of the word scevra which means divided saying that it ought to be pronounced sceura and she added that i ought to be very glad to have learned so much on the first day of my arrival in paris telling me that it would be an important day in my life,madame corrected me with a patronizing air for my pronunciation of the word skevres which means divided saying that it ought to be pronounced scura and she added that i ought to be very glad to have learned so much on the first day of my arrival in paris telling me that it would be an important day in my life,0.0492,0.0162,21.48,61
her face was an enigma for it inspired everyone with the warmest sympathy and yet if you examined it attentively there was not one beautiful feature she could not be called handsome but no one could have thought her ugly,her face was an enigma for it inspired every one with the warmest sympathy and yet if you examined it attentively there was not one beautiful feature she could not be called handsome but no one could have thought her ugly,0.05,0.0045,16.46,40
silvia was the adoration of france and her talent was the real support of all the comedies which the greatest authors wrote for her especially of the plays of marivaux for without her his comedies would never have gone to posterity,sylvia was the adoration of france and her talent was the real support of all the comedies which the greatest authors wrote for her especially of the plays of marivaux for without her his comedies would never have gone to posterity,0.0244,0.0043,18.54,41
silvia did not think that her good conduct was a merit for she knew that she was virtuous only because her self love compelled her to be so and she never exhibited any pride or assumed any superiority towards her theatrical sisters although satisfied to shine by their talent or their beauty they cared little about rendering themselves conspicuous by their virtue,sylvia did not think that her good conduct was a merit for she knew that she was virtuous only because her self love compelled her to be so and she never exhibited any pride or assumed any superiority towards her theatrical sisters although satisfied to shine by their talent or their beauty they cared little about rendering themselves conspicuous by their virtue,0.0161,0.0027,23.74,62
two years before her death i saw her perform the character of marianne in the comedy of marivaux and in spite of her age and declining health the illusion was complete,two years before her death i saw her perform the character of mary ann in the comedy of marevaux and in spite of her age and declining health the illusion was complete,0.0968,0.024,12.49,31
she was honourably buried in the church of saint sauveur without the slightest opposition from the venerable priest who far from sharing the anti christain intolerancy of the clergy in general said that her profession as an actress had not hindered her from being a good christian and that the earth was the common mother of all human beings as jesus christ had been the saviour of all mankind,she was honorably buried in the church of saint sauveur without the slightest opposition from the venerable priest who far from sharing the anti christian intolerancy of the clergy in general said that her profession as an actress had not hindered her from being a good christian and that the earth was a common mother of all human beings as jesus christ had been the saviour of all mankind,0.0435,0.0153,23.86,69
you will forgive me dear reader if i have made you attend the funeral of silvia ten years before her death believe me i have no intention of performing a miracle you may console yourself with the idea that i shall spare you that unpleasant task when poor silvia dies,you will forgive me dear reader if i have made you attend the funeral of sylvia ten years before her death believe me i have no intention of performing a miracle you may console yourself with the idea that i shall spare you that unpleasant task when poor sylvia dies,0.04,0.0075,18.31,50
i never had any family,i never had any family,0.0,0.0,2.755,5
i had a name i believe in my young days but i have forgotten it since i have been in service,i had a name i believe in my young days but i have forgotten it since i have been in service,0.0,0.0,7.37,21
i shall call you esprit,i shall call you a spree,0.4,0.1739,2.86,5
you do me a great honour,you do me a great honour,0.0,0.0,3.3,6
here go and get me change for a louis i have it sir,here go and get me change for a louis i have it sir,0.0,0.0,5.71,13
at your service sir,at your service sir,0.0,0.0,2.61,4
madame quinson besides can answer your enquiries,madame quincent besides can answer your inquiries,0.2857,0.0833,4.195,7
i see a quantity of chairs for hire at the rate of one sou men reading the newspaper under the shade of the trees girls and men breakfasting either alone or in company waiters who were rapidly going up and down a narrow staircase hidden under the foliage,i see a quantity of chairs for hire at the rate of one soux men reading the newspaper under the shade of the trees girls and men breakfasting either alone or in company waiters who were rapidly going up and down a narrow staircase hidden under the foliage,0.0208,0.0039,17.99,48
i sit down at a small table a waiter comes immediately to enquire my wishes,i sit down at a small table a waiter comes immediately to inquire my wishes,0.0667,0.0133,6.21,15
i tell him to give me some coffee if it is good,i tell him to give me some coffee if it is good,0.0,0.0,3.305,12
then turning towards me he says that i look like a foreigner and when i say that i am an italian he begins to speak to me of the court of the city of the theatres and at last he offers to accompany me everywhere,then turning towards me he says that i look like a foreigner and when i say that i am an italian he begins to speak to me of the court the city of the theatres and at last he offers to accompany me everywhere,0.0222,0.0142,13.215,45
i thank him and take my leave,i thank him and take my leave,0.0,0.0,2.96,7
i address him in italian and he answers very wittily but his way of speaking makes me smile and i tell him why,i address him in italian and he answers very wittily but his way of speaking makes me smile and i tell him why,0.0,0.0,8.315,23
my remark pleases him but i soon prove to him that it is not the right way to speak however perfect may have been the language of that ancient writer,my remark pleases him but i soon prove to him that it is not the right way to speak however perfect may have been the language of that ancient writer,0.0,0.0,8.185,30
i see a crowd in one corner of the garden everybody standing still and looking up,i see a crowd in one corner of the garden everybody standing still and looking up,0.0,0.0,5.515,16
is there not a meridian everywhere,is there not a meridian everywhere,0.0,0.0,3.0,6
yes but the meridian of the palais royal is the most exact,yes but the meridian of the palais royal is the most exact,0.0,0.0,4.69,12
that is true badauderie,that is true badger,0.25,0.2174,3.0,4
all these honest persons are waiting their turn to get their snuff boxes filled,all these honest persons are waiting their turn to get their snuff boxes filled,0.0,0.0,5.265,14
it is sold everywhere but for the last three weeks nobody will use any snuff but that sold at the civet cat,it is sold everywhere but for the last three weeks nobody will use any snuff but that sold at the savet cat,0.0455,0.0187,8.605,22
is it better than anywhere else,is it better than anywhere else,0.0,0.0,2.84,6
but how did she manage to render it so fashionable,but how did she manage to render it so fashionable,0.0,0.0,4.4,10
simply by stopping her carriage two or three times before the shop to have her snuff box filled and by saying aloud to the young girl who handed back the box that her snuff was the very best in paris,simply by stopping her carriage two or three times before the shop to have her snuff box filled and by saying aloud to the young girl who handed back the box that her snuff was the very best in paris,0.0,0.0,13.64,40
you are now in the only country in the world where wit can make a fortune by selling either a genuine or a false article in the first case it receives the welcome of intelligent and talented people and in the second fools are always ready to reward it for silliness is truly a characteristic of the people here and however wonderful it may appear silliness is the daughter of wit,you are now in the only country in the world where wit can make a fortune by selling either a genuine or a false article in the first case it receives the welcome of intelligent and talented people and in the second fools are always ready to reward it for silliness is truly a characteristic of the people here and however wonderful it may appear silliness is the daughter of wit,0.0,0.0,28.575,71
let a man run and everybody will run after him the crowd will not stop unless the man is proved to be mad but to prove it is indeed a difficult task because we have a crowd of men who mad from their birth are still considered wise,let a man run and everybody will run after him the crowd will not stop unless the man is proved to be mad but to prove it is indeed a difficult task because we have a crowd of men who mad from their birth are still considered wise,0.0,0.0,18.895,48
it seems to me i replied that such approval such ratification of the opinion expressed by the king the princes of the blood et cetera is rather a proof of the affection felt for them by the nation for the french carry that affection to such an extent that they believe them infallible,it seems to me i replied that such approval such ratification of the opinion expressed by the king the princes of the blood etcetera is rather a proof of the affection felt for them by the nation for the french carry that affection to such an extent that they believe them infallible,0.0377,0.0035,20.65,53
when the king comes to paris everybody calls out vive le roi,when the king comes to paris everybody calls out vive larroy,0.1667,0.05,5.24,12
she introduced me to all her guests and gave me some particulars respecting every one of them,she introduced me to all her guests and gave me some particulars respecting every one of them,0.0,0.0,5.89,17
what sir i said to him am i fortunate enough to see you,what sir i said to him am i fortunate enough to see you,0.0,0.0,5.77,13
he himself recited the same passage in french and politely pointed out the parts in which he thought that i had improved on the original,he himself recited the same passage in french and politely pointed out the parts in which he thought that i had improved on the original,0.0,0.0,8.825,25
for the first day sir i think that what you have done gives great hopes of you and without any doubt you will make rapid progress,for the first day sir i think that what you have done gives great hopes of you and without any doubt you will make rapid progress,0.0,0.0,10.66,26
i believe it sir and that is what i fear therefore the principal object of my visit here is to devote myself entirely to the study of the french language,i believe it sir and that is what i fear therefore the principal object of my visit here is to devote myself entirely to the study of the french language,0.0,0.0,10.895,30
i am a very unpleasant pupil always asking questions curious troublesome insatiable and even supposing that i could meet with the teacher i require i am afraid i am not rich enough to pay him,i am a very unpleasant pupil always asking questions curious troublesome insatiable and even supposing that i could meet with the teacher i require i am afraid i am not rich enough to pay him,0.0,0.0,15.165,35
i reside in the marais rue de douze portes,i reside in the marais rue de dousport,0.2222,0.119,4.205,9
i will make you translate them into french and you need not be afraid of my finding you insatiable,i will make you translate them into french and you need not be afraid of my finding you insatiable,0.0,0.0,6.98,19
he had a good appetite could tell a good story without laughing was celebrated for his witty repartees and his sociable manners but he spent his life at home seldom going out and seeing hardly anyone because he always had a pipe in his mouth and was surrounded by at least twenty cats with which he would amuse himself all day,he had a good appetite could tell a good story without laughing was celebrated for his witty repartees and his sociable manners but he spent his life at home seldom going out and seeing hardly any one because he always had a pipe in his mouth and was surrounded by at least twenty cats with which he would amuse himself all day,0.0328,0.0031,20.375,61
his housekeeper had the management of everything she never allowed him to be in need of anything and she gave no account of his money which she kept altogether because he never asked her to render any accounts,his housekeeper had the management of everything she never allowed him to be in need of anything and she gave no account of his money which she kept altogether because he never asked her to render any accounts,0.0,0.0,12.605,38
he could wait no longer,he could wait no longer,0.0,0.0,2.085,5
for a full hour he had paced up and down waiting but he could wait no longer,for a full hour he had paced up and down waiting but he could wait no longer,0.0,0.0,5.415,17
he set off abruptly for the bull walking rapidly lest his fathers shrill whistle might call him back and in a few moments he had rounded the curve at the police barrack and was safe,he set off abruptly for the bull walking rapidly lest his fathers shrill whistle might call him back and in a few moments he had rounded the curve at the police barrack and was safe,0.0,0.0,11.6,35
the university,the university,0.0,0.0,2.175,2
pride after satisfaction uplifted him like long slow waves,pride after satisfaction uplifted him like long slow waves,0.0,0.0,5.175,9
whose feet are as the feet of harts and underneath the everlasting arms,whose feet are as the feet of hearts and underneath the everlasting arms,0.0769,0.0141,5.36,13
the pride of that dim image brought back to his mind the dignity of the office he had refused,the pride of that dim image brought back to his mind the dignity of the office he had refused,0.0,0.0,5.895,19
soon the whole bridge was trembling and resounding,soon the whole bridge was trembling and resounding,0.0,0.0,3.44,8
the uncouth faces passed him two by two stained yellow or red or livid by the sea and as he strove to look at them with ease and indifference a faint stain of personal shame and commiseration rose to his own face,the uncouth faces passed him two by two stained yellow or red or livid by the sea and as he strove to look at them with ease and indifference a faint stain of personal shame and commiseration rose to his own face,0.0,0.0,14.985,42
angry with himself he tried to hide his face from their eyes by gazing down sideways into the shallow swirling water under the bridge but he still saw a reflection therein of their top heavy silk hats and humble tape like collars and loosely hanging clerical clothes brother hickey,angry with himself he tried to hide his face from their eyes by gazing down sideways into the shallow swirling water under the bridge but he still saw a reflection therein of their top heavy silk hats and humble tape like collars and loosely hanging clerical clothes brother hickey,0.0,0.0,20.055,49
brother mac ardle brother keogh,brother mcardle brother keoph,0.6,0.0968,3.195,5
their piety would be like their names like their faces like their clothes and it was idle for him to tell himself that their humble and contrite hearts it might be paid a far richer tribute of devotion than his had ever been a gift tenfold more acceptable than his elaborate adoration,their piety would be like their names like their faces like their clothes and it was idle for him to tell himself that their humble and contrite hearts it might be paid a far richer tribute of devotion than his had ever been a gift tenfold more acceptable than his elaborate adoration,0.0,0.0,20.01,52
it was idle for him to move himself to be generous towards them to tell himself that if he ever came to their gates stripped of his pride beaten and in beggars weeds that they would be generous towards him loving him as themselves,it was idle for him to move himself to be generous towards them to tell himself that if he ever came to their gates stripped of his pride beaten and in beggars weeds that they would be generous towards him loving him as themselves,0.0,0.0,15.03,44
idle and embittering finally to argue against his own dispassionate certitude that the commandment of love bade us not to love our neighbour as ourselves with the same amount and intensity of love but to love him as ourselves with the same kind of love,idle and embittering finally to argue against his own dispassionate certitude that the commandment of love bade us not to love our neighbour as ourselves with the same amount and intensity of love but to love him as ourselves with the same kind of love,0.0,0.0,16.33,45
the phrase and the day and the scene harmonized in a chord,the phrase and the day and the scene harmonized in accord,0.1667,0.0345,4.755,12
words was it their colours,words was it their colours,0.0,0.0,3.395,5
they were voyaging across the deserts of the sky a host of nomads on the march voyaging high over ireland westward bound,they were voyaging across the deserts of the sky a host of nomads on the march voyaging high over ireland westward bound,0.0,0.0,9.06,22
the europe they had come from lay out there beyond the irish sea europe of strange tongues and valleyed and woodbegirt and citadelled and of entrenched and marshalled races,the europe they had come from lay out there beyond the irish sea europe of strange tongues and valleyed and wood begirt and citadelled and of entrenched and marshalled races,0.069,0.0058,11.695,29
again again,again again,0.0,0.0,3.09,2
a voice from beyond the world was calling,a voice from beyond the world was calling,0.0,0.0,3.155,8
hello stephanos here comes the dedalus,hello stephanos here comes the daedalus,0.1667,0.0263,3.99,6
their diving stone poised on its rude supports and rocking under their plunges and the rough hewn stones of the sloping breakwater over which they scrambled in their horseplay gleamed with cold wet lustre,their diving stone poised on its rude supports and rocking under their plunges and the rough hewn stones of the sloping breakwater over which they scrambled in their horse play gleamed with cold wet lustre,0.0588,0.0049,13.37,34
he stood still in deference to their calls and parried their banter with easy words,he stood still in deference to their calls and parried their banter with easy words,0.0,0.0,5.635,15
it was a pain to see them and a sword like pain to see the signs of adolescence that made repellent their pitiable nakedness,it was a pain to see them and a swordlike pain to see the signs of adolescence that made repellent their pitiable nakedness,0.0833,0.0081,7.735,24
stephanos dedalos,stephanos dedlos,0.5,0.0588,2.215,2
a moment before the ghost of the ancient kingdom of the danes had looked forth through the vesture of the hazewrapped city,a moment before the ghost of the ancient kingdom of the danes had looked forth through the vesture of the haze wrapped city,0.0909,0.0082,8.005,22
he hoped there would be stew for dinner turnips and carrots and bruised potatoes and fat mutton pieces to be ladled out in thick peppered flour fattened sauce,he hoped there would be stew for dinner turnips and carrots and bruised potatoes and fat mutton pieces to be ladled out in thick peppered flour fattened sauce,0.0,0.0,10.435,28
stuff it into you his belly counselled him,stuff it into you his belly counseled him,0.125,0.0238,3.275,8
after early nightfall the yellow lamps would light up here and there the squalid quarter of the brothels,after early nightfall the yellow lamps would light up here and there the squalid quarter of the brothels,0.0,0.0,6.625,18
hello bertie any good in your mind,hello bertie any good in your mind,0.0,0.0,2.68,7
number ten fresh nelly is waiting on you good night husband,number ten fresh nelly is waiting on you good night husband,0.0,0.0,5.215,11
the music came nearer and he recalled the words the words of shelleys fragment upon the moon wandering companionless pale for weariness,the music came nearer and he recalled the words the words of shelleys fragment upon the moon wandering companionless pale for weariness,0.0,0.0,9.635,22
the dull light fell more faintly upon the page whereon another equation began to unfold itself slowly and to spread abroad its widening tail,the dull light fell more faintly upon the page whereon another equation began to unfold itself slowly and to spread abroad its widening tale,0.0417,0.0143,10.555,24
a cold lucid indifference reigned in his soul,a cold lucid indifference reigned in his soul,0.0,0.0,4.275,8
the chaos in which his ardour extinguished itself was a cold indifferent knowledge of himself,the chaos in which his ardour extinguished itself was a cold indifferent knowledge of himself,0.0,0.0,6.73,15
at most by an alms given to a beggar whose blessing he fled from he might hope wearily to win for himself some measure of actual grace,at most by an alms given to a beggar whose blessing he fled from he might hope wearily to win for himself some measure of actual grace,0.0,0.0,10.575,27
well now ennis i declare you have a head and so has my stick,well now ennis i declare you have a head and so has my stick,0.0,0.0,4.405,14
on saturday mornings when the sodality met in the chapel to recite the little office his place was a cushioned kneeling desk at the right of the altar from which he led his wing of boys through the responses,on saturday mornings when the sodality met in the chapel to recite the little office his place was a cushioned kneeling desk at the right of the altar from which he led his wing of boys through the responses,0.0,0.0,12.445,39
her eyes seemed to regard him with mild pity her holiness a strange light glowing faintly upon her frail flesh did not humiliate the sinner who approached her,her eyes seemed to regard him with mild pity her holiness a strange light glowing faintly upon her frail flesh did not humiliate the sinner who approached her,0.0,0.0,11.64,28
if ever he was impelled to cast sin from him and to repent the impulse that moved him was the wish to be her knight,if ever he was impelled to cast sin from him and to repent the impulse that moved him was the wish to be her knight,0.0,0.0,7.915,25
he tried to think how it could be,he tried to think how it could be,0.0,0.0,2.225,8
but the dusk deepening in the schoolroom covered over his thoughts the bell rang,but the dusk deepening in the schoolroom covered over his thoughts the bell rang,0.0,0.0,5.815,14
then you can ask him questions on the catechism dedalus,then you can ask him questions on the catechism daedalus,0.1,0.0182,3.54,10
stephen leaning back and drawing idly on his scribbler listened to the talk about him which heron checked from time to time by saying,stephen leaning back and drawing idly on his scribbler listened to the talk about him which heron checked from time to time by saying,0.0,0.0,8.87,24
it was strange too that he found an arid pleasure in following up to the end the rigid lines of the doctrines of the church and penetrating into obscure silences only to hear and feel the more deeply his own condemnation,it was strange too that he found an arid pleasure in following up to the end the rigid lines of the doctrines of the church and penetrating into obscure silences only to hear and feel the more deeply his own condemnation,0.0,0.0,15.72,41
the sentence of saint james which says that he who offends against one commandment becomes guilty of all had seemed to him first a swollen phrase until he had begun to grope in the darkness of his own state,the sentence of saint james which says that he who offends against one commandment becomes guilty of all had seemed to him first a swollen phrase until he had begun to grope in the darkness of his own state,0.0,0.0,13.895,39
if a man had stolen a pound in his youth and had used that pound to amass a huge fortune how much was he obliged to give back the pound he had stolen only or the pound together with the compound interest accruing upon it or all his huge fortune,if a man had stolen a pound in his youth and had used that pound to amass a huge fortune how much was he obliged to give back the pound he had stolen only or the pound together with the compound interest accruing upon it or all his huge fortune,0.0,0.0,16.79,50
if a layman in giving baptism pour the water before saying the words is the child baptized,if a layman in giving baptism pour the water before saying the words is the child baptized,0.0,0.0,6.55,17
how comes it that while the first beatitude promises the kingdom of heaven to the poor of heart the second beatitude promises also to the meek that they shall possess the land,how comes it that while the first beatitude promises the kingdom of heaven to the poor of heart the second beatitude promises also to the meek that they shall possess the land,0.0,0.0,11.175,32
why was the sacrament of the eucharist instituted under the two species of bread and wine if jesus christ be present body and blood soul and divinity in the bread alone and in the wine alone,why was the sacrament of the eucharist instituted under the two species of bread and wine if jesus christ be present body and blood soul and divinity in the bread alone and in the wine alone,0.0,0.0,13.275,36
if the wine change into vinegar and the host crumble into corruption after they have been consecrated is jesus christ still present under their species as god and as man,if the wine change into vinegar and the host crumble into corruption after they have been consecrated is jesus christ still present under their species as god and as man,0.0,0.0,11.655,30
a gentle kick from the tall boy in the bench behind urged stephen to ask a difficult question,a gentle kick from the tall boy in the bench behind urged stephen to ask a difficult question,0.0,0.0,6.61,18
the rector did not ask for a catechism to hear the lesson from,the rector did not ask for a catechism to hear the lesson from,0.0,0.0,4.01,13
he clasped his hands on the desk and said,he clasped his hands on the desk and said,0.0,0.0,2.71,9
the retreat will begin on wednesday afternoon in honour of saint francis xavier whose feast day is saturday,the retreat will begin on wednesday afternoon in honor of saint francis xavier whose feast day is saturday,0.0556,0.0093,7.83,18
on friday confession will be heard all the afternoon after beads,on friday confession will be heard all the afternoon after bades,0.0909,0.0312,4.67,11
beware of making that mistake,beware of making that mistake,0.0,0.0,2.715,5
stephens heart began slowly to fold and fade with fear like a withering flower,stephens heart began slowly to fold and fade with fear like a withering flower,0.0,0.0,6.615,14
he is called as you know the apostle of the indies,he is called as you know the apostle of the indies,0.0,0.0,4.09,11
a great saint saint francis xavier,a great saint saint francis xavier,0.0,0.0,3.33,6
the rector paused and then shaking his clasped hands before him went on,the rector paused and then shaking his clasped hands before him went on,0.0,0.0,5.81,13
he had the faith in him that moves mountains,he had the faith in him that moves mountains,0.0,0.0,3.445,9
a great saint saint francis xavier,a great saint saint francis xavier,0.0,0.0,3.25,6
in the silence their dark fire kindled the dusk into a tawny glow,in the silence their dark fire kindled the dusk into a tawny glow,0.0,0.0,5.21,13
you will find me continually speaking of four men titian holbein turner and tintoret in almost the same terms,you will find me continually speaking of four men titian holbein turner and tinteret in almost the same terms,0.0526,0.0092,10.725,19
they unite every quality and sometimes you will find me referring to them as colorists sometimes as chiaroscurists,they unite every quality and sometimes you will find me referring to them as colourists sometimes as chiaroscurists,0.0556,0.0088,9.04,18
by being studious of color they are studious of division and while the chiaroscurist devotes himself to the representation of degrees of force in one thing unseparated light the colorists have for their function the attainment of beauty by arrangement of the divisions of light,by being studious of colour they are studious of division and while the curoscurist devotes himself to the representation of degrees of force in one thing unseparated light the colourists have for their function the attainment of beauty by arrangement of the divisions of light,0.0667,0.0181,17.96,45
my first and principal reason was that they enforced beyond all resistance on any student who might attempt to copy them this method of laying portions of distinct hue side by side,my first and principal reason was that they enforced beyond all resistance on any student who might attempt to copy them this method of laying portions of distinct hue side by side,0.0,0.0,12.61,32
some of the touches indeed when the tint has been mixed with much water have been laid in little drops or ponds so that the pigment might crystallize hard at the edge,some of the touches indeed when the tint has been mixed with much water have been laid in little drops or ponds so that the pigment might crystallize hard at the edge,0.0,0.0,10.65,32
it is the head of a parrot with a little flower in his beak from a picture of carpaccios one of his series of the life of saint george,it is the head of a parrot with a little flower in his beak from a picture of carpathios one of his series of the life of saint george,0.0345,0.0149,8.56,29
then he comes to the beak of it,then he comes to the beak of it,0.0,0.0,2.4,8
the brown ground beneath is left for the most part one touch of black is put for the hollow two delicate lines of dark gray define the outer curve and one little quivering touch of white draws the inner edge of the mandible,the brown ground beneath is left for the most part one touch of black is put for the hollow two delicate lines of dark grey define the outer curve and one little quivering touch of white draws the inner edge of the mandible,0.0233,0.0045,14.24,43
for believe me the final philosophy of art can only ratify their opinion that the beauty of a cock robin is to be red and of a grass plot to be green and the best skill of art is in instantly seizing on the manifold deliciousness of light which you can only seize by precision of instantaneous touch,for believe me the final philosophy of art can only ratify their opinion that the beauty of a cockrobin is to be red and of a grass plot to be green and the best skill of art is in instantly seizing on the manifold deliciousness of light which you can only seize by precision of instantaneous touch,0.0345,0.0033,20.755,58
now you will see in these studies that the moment the white is inclosed properly and harmonized with the other hues it becomes somehow more precious and pearly than the white paper and that i am not afraid to leave a whole field of untreated white paper all round it being sure that even the little diamonds in the round window will tell as jewels if they are gradated justly,now you will see in these studies that the moment the white is enclosed properly and harmonized with the other hues it becomes somehow more precious and pearly than the white paper and that i am not afraid to leave a whole field of untreated white paper all round it being sure that even the little diamonds in the round window will tell as jewels if they are graded justly,0.0286,0.008,23.06,70
but in this vignette copied from turner you have the two principles brought out perfectly,but in this vignette copied from turner you have the two principles brought out perfectly,0.0,0.0,6.095,15
they are beyond all other works that i know existing dependent for their effect on low subdued tones their favorite choice in time of day being either dawn or twilight and even their brightest sunsets produced chiefly out of gray paper,they are beyond all other works that i know existing dependent for their effect on low subdued tones their favourite choice in time of day being either dawn or twilight and even their brightest sunsets produced chiefly out of grey paper,0.0488,0.0085,15.19,41
it may be that a great colorist will use his utmost force of color as a singer his full power of voice but loud or low the virtue is in both cases always in refinement never in loudness,it may be that a great colourist will use his utmost force of colour as a singer his full power of voice but loud or low the virtue is in both cases always in refinement never in loudness,0.0526,0.0108,14.65,38
it must remember be one or the other,it must remember be one or the other,0.0,0.0,3.02,8
do not therefore think that the gothic school is an easy one,do not therefore think that the gothic school is an easy one,0.0,0.0,4.39,12
the law of that school is that everything shall be seen clearly or at least only in such mist or faintness as shall be delightful and i have no doubt that the best introduction to it would be the elementary practice of painting every study on a golden ground,the law of that school is that everything shall be seen clearly or at least only in such mist or faintness as shall be delightful and i have no doubt that the best introduction to it would be the elementary practice of painting every study on a golden ground,0.0,0.0,16.085,49
this at once compels you to understand that the work is to be imaginative and decorative that it represents beautiful things in the clearest way but not under existing conditions and that in fact you are producing jewelers work rather than pictures,this at once compels you to understand that the work is to be imaginative and decorative that it represents beautiful things in the clearest way but not under existing conditions and that in fact you are producing jewellers work rather than pictures,0.0238,0.004,16.595,42
that a style is restrained or severe does not mean that it is also erroneous,that a style is restrained or severe does not mean that it is also erroneous,0.0,0.0,4.615,15
in all early gothic art indeed you will find failure of this kind especially distortion and rigidity which are in many respects painfully to be compared with the splendid repose of classic art,in all early gothic art indeed you will find failure of this kind especially distortion and rigidity which are in many respects painfully to be compared with the splendid repose of classic art,0.0,0.0,11.55,33
the large letter contains indeed entirely feeble and ill drawn figures that is merely childish and failing work of an inferior hand it is not characteristic of gothic or any other school,the large letter contains indeed entirely feeble and ill drawn figures that is merely childish and failing work of an inferior hand it is not characteristic of gothic or any other school,0.0,0.0,13.93,32
but observe you can only do this on one condition that of striving also to create in reality the beauty which you seek in imagination,but observe you can only do this on one condition that of striving also to create in reality the beauty which you seek in imagination,0.0,0.0,10.26,25
it will be wholly impossible for you to retain the tranquillity of temper and felicity of faith necessary for noble purist painting unless you are actively engaged in promoting the felicity and peace of practical life,it will be wholly impossible for you to retain the tranquility of temper and felicity of faith necessary for noble purist painting unless you are actively engaged in promoting the felicity and peace of practical life,0.0278,0.0046,14.02,36
you must look at him in the face fight him conquer him with what scathe you may you need not think to keep out of the way of him,you must look at him in the face fight him conquer him with what scath you may you need not think to keep out of the way of him,0.0345,0.0078,9.63,29
the colorist says first of all as my delicious paroquet was ruby so this nasty viper shall be black and then is the question can i round him off even though he is black and make him slimy and yet springy and close down clotted like a pool of black blood on the earth all the same,the colorist says first of all as my delicious parroquet was ruby so this nasty viper shall be black and then is the question can i round him off even though he is black and make him slimy and yet springy and close down clotted like a pool of black blood on the earth all the same,0.0175,0.0036,23.67,57
nothing will be more precious to you i think in the practical study of art than the conviction which will force itself on you more and more every hour of the way all things are bound together little and great in spirit and in matter,nothing will be more precious to you i think in the practical study of art than the conviction which will force itself on you more and more every hour of the way all things are bound together little and great in spirit and in matter,0.0,0.0,15.24,45
you know i have just been telling you how this school of materialism and clay involved itself at last in cloud and fire,you know i have just been telling you how this school of materialism and clay involved itself at last in cloud and fire,0.0,0.0,7.45,23
here is an equally typical greek school landscape by wilson lost wholly in golden mist the trees so slightly drawn that you dont know if they are trees or towers and no care for color whatever perfectly deceptive and marvelous effect of sunshine through the mist apollo and the python,here is an equally typical greek school landscape by wilson lost wholly in golden mist the trees so slightly drawn that you dont know if they are trees or towers and no care for colour whatsoever perfectly deceptive and marvelous effect of sunshine through the mist apollo and the python,0.04,0.0106,20.125,50
now here is raphael exactly between the two trees still drawn leaf by leaf wholly formal but beautiful mist coming gradually into the distance,now here is raphael exactly between the two trees still drawn leaf by leaf wholly formal but beautiful mist coming gradually into the distance,0.0,0.0,11.245,24
well then last here is turners greek school of the highest class and you define his art absolutely as first the displaying intensely and with the sternest intellect of natural form as it is and then the envelopment of it with cloud and fire,well then last here is turners greek school of the highest class and you define his art absolutely as first the displaying intensely and with the sternest intellect of natural form as it is and then the envelopment of it with cloud and fire,0.0,0.0,19.005,44
only there are two sorts of cloud and fire,only there are two sorts of cloud and fire,0.0,0.0,3.705,9
he knows them both,he knows them both,0.0,0.0,1.915,4
theres one and theres another the dudley and the flint,theres one and theres another the dudley and the flint,0.0,0.0,4.25,10
it is only a pencil outline by edward burne jones in illustration of the story of psyche it is the introduction of psyche after all her troubles into heaven,it is only a pencil outline by edward byrne jones in illustration of the story of psyche it is the introduction of psyche after all her troubles into heaven,0.0345,0.0064,10.985,29
every plant in the grass is set formally grows perfectly and may be realized completely,every plant in the grass is set formally grows perfectly and may be realized completely,0.0,0.0,6.625,15
exquisite order and universal with eternal life and light this is the faith and effort of the schools of crystal and you may describe and complete their work quite literally by taking any verses of chaucer in his tender mood and observing how he insists on the clearness and brightness first and then on the order,exquisite order and universal with eternal life and light this is the faith and effort of the schools of crystal and you may describe and complete their work quite literally by taking any verses of chaucer in his tender mood and observing how he insists on the clearness and brightness first and then on the order,0.0,0.0,20.905,56
thus in chaucers dream,thus in chaucers dream,0.0,0.0,2.925,4
in both these high mythical subjects the surrounding nature though suffering is still dignified and beautiful,in both these high mythical subjects the surrounding nature though suffering is still dignified and beautiful,0.0,0.0,7.97,16
every line in which the master traces it even where seemingly negligent is lovely and set down with a meditative calmness which makes these two etchings capable of being placed beside the most tranquil work of holbein or duerer,every line in which the master traces it even where seemingly negligent is lovely and set down with a meditative calmness which makes these two etchings capable of being placed beside the most tranquil work of holbein or dur,0.0256,0.0132,14.51,39
but now here is a subject of which you will wonder at first why turner drew it at all,but now here is a subject of which you will wonder at first why turner drew it at all,0.0,0.0,5.365,19
it has no beauty whatsoever no specialty of picturesqueness and all its lines are cramped and poor,it has no beauty whatsoever no specialty of picturesqueness and all its lines are cramped and poor,0.0,0.0,6.625,17
the crampness and the poverty are all intended,the crampness and the poverty are all intended,0.0,0.0,3.23,8
it is a gleaner bringing down her one sheaf of corn to an old watermill itself mossy and rent scarcely able to get its stones to turn,it is a gleaner bringing down her one sheaf of corn to an old water mill itself mossy and rent scarcely able to get its stones to turn,0.0741,0.0075,10.07,27
the scene is absolutely arcadian,the scene is absolutely arcadian,0.0,0.0,2.66,5
see that your lives be in nothing worse than a boys climbing for his entangled kite,see that your lives be in nothing worse than a boys climbing for his entangled kite,0.0,0.0,4.885,16
it will be well for you if you join not with those who instead of kites fly falcons who instead of obeying the last words of the great cloud shepherd to feed his sheep live the lives how much less than vanity of the war wolf and the gier eagle,it will be well for you if you join not with those who instead of kites fly falcons who instead of obeying the last words of the great cloud shepherd to feed his sheep live the lives how much less than vanity of the warwolf and the gear eagle,0.06,0.0123,18.545,50
the paris plant like that at the crystal palace was a temporary exhibit,the paris plant like that at the crystal palace was a temporary exhibit,0.0,0.0,5.08,13
the london plant was less temporary but not permanent supplying before it was torn out no fewer than three thousand lamps in hotels churches stores and dwellings in the vicinity of holborn viaduct,the london plant was less temporary but not permanent supplying before it was torn out no fewer than three thousand lamps in hotels churches stores and dwellings in the vicinity of holburn viaduct,0.0303,0.0051,14.63,33
there messrs johnson and hammer put into practice many of the ideas now standard in the art and secured much useful data for the work in new york of which the story has just been told,there messiers johnson and hammer put into practice many of the ideas now standard in the art and secured much useful data for the work in new york of which the story has just been told,0.0278,0.0109,13.115,36
the dynamo electric machine though small was robust for under all the varying speeds of water power and the vicissitudes of the plant to which it belonged it continued in active use until eighteen ninety nine seventeen years,the dynamo electric machine though small was robust for under all the varying speeds of water power and the vicissitudes of the plant to which it belonged it continued in active use until eighteen ninety nine seventeen years,0.0,0.0,16.76,38
owing to his insistence on low pressure direct current for use in densely populated districts as the only safe and truly universal profitable way of delivering electrical energy to the consumers edison has been frequently spoken of as an opponent of the alternating current,owing to his insistence on low pressure direct current for use in densely populated districts as the only safe and truly universal profitable way of delivering electrical energy to the consumers edison has been frequently spoken of as an opponent of the alternating current,0.0,0.0,19.91,44
why if we erect a station at the falls it is a great economy to get it up to the city,why if we erect a station at the falls it is a great economy to get it up to the city,0.0,0.0,6.9,21
there seems no good reason for believing that it will change,there seems no good reason for believing that it will change,0.0,0.0,4.12,11
broad as the prairies and free in thought as the winds that sweep them he is idiosyncratically opposed to loose and wasteful methods to plans of empire that neglect the poor at the gate,broad as the prairies and free in thought as the winds that swept them he is idiosyncratically opposed to loose and wasteful methods to plans of empire that neglect the poor at the gate,0.0294,0.0108,13.445,34
everything he has done has been aimed at the conservation of energy the contraction of space the intensification of culture,everything he has done has been aimed at the conservation of energy the contraction of space the intensification of culture,0.0,0.0,9.125,20
for some years it was not found feasible to operate motors on alternating current circuits and that reason was often urged against it seriously,for some years it was not found feasible to operate motors on alternating current circuits and that reason was often urged against it seriously,0.0,0.0,9.605,24
it could not be used for electroplating or deposition nor could it charge storage batteries all of which are easily within the ability of the direct current,it could not be used for electroplating or deposition nor could it charge storage batteries all of which are easily within the ability of the direct current,0.0,0.0,10.82,27
but when it came to be a question of lighting a scattered suburb a group of dwellings on the outskirts a remote country residence or a farm house the alternating current in all elements save its danger was and is ideal,but when it came to be a question of lighting a scattered suburb a group of dwellings on the outskirts a remote country residence or a farmhouse the alternating current in all elements save its danger was and is ideal,0.0488,0.0046,15.875,41
edison was intolerant of sham and shoddy and nothing would satisfy him that could not stand cross examination by microscope test tube and galvanometer,edison was intolerant of sham and shoddy and nothing would satisfy him that could not stand cross examination by microscope test tube and galvanometer,0.0,0.0,11.145,24
unless he could secure an engine of smoother running and more exactly governed and regulated than those available for his dynamo and lamp edison realized that he would find it almost impossible to give a steady light,unless he could secure an engine of smoother running and more exactly governed and regulated than those available for his dynamo and lamp edison realized that he would find it almost impossible to give a steady light,0.0,0.0,13.89,37
mister edison was a leader far ahead of the time,mister edison was a leader far ahead of the time,0.0,0.0,3.75,10
he obtained the desired speed and load with a friction brake also regulator of speed but waited for an indicator to verify it,he obtained the desired speed and load with a friction brake also regulator of speed but waited for an indicator to verify it,0.0,0.0,8.875,23
then again there was no known way to lubricate an engine for continuous running and mister edison informed me that as a marine engine started before the ship left new york and continued running until it reached its home port so an engine for his purposes must produce light at all times,then again there was no known way to lubricate an engine for continuous running and mister edison informed me that as a marine engine started before the ship left new york and continued running until it reached its home port so an engine for his purposes must produce light at all times,0.0,0.0,20.015,52
edison had installed his historic first great central station system in new york on the multiple arc system covered by his feeder and main invention which resulted in a notable saving in the cost of conductors as against a straight two wire system throughout of the tree kind,edison had installed his historic first great central station system in new york on the multiple arc system covered by his feeder and main invention which resulted in a notable saving in the cost of conductors as against a straight two wire system throughout of the tree kind,0.0,0.0,19.915,48
he soon foresaw that still greater economy would be necessary for commercial success not alone for the larger territory opening but for the compact districts of large cities,he soon foresaw that still greater economy would be necessary for commercial success not alone for the larger territory opening but for the compact district of large cities,0.0357,0.0058,12.54,28
the strong position held by the edison system under the strenuous competition that was already springing up was enormously improved by the introduction of the three wire system and it gave an immediate impetus to incandescent lighting,the strong position held by the edison system under the strenuous competition that was already springing up was enormously improved by the introduction of the three wire system and it gave an immediate impetus to incandescent lighting,0.0,0.0,14.82,37
it was specially suited for a trial plant also in the early days when a yield of six or eight lamps to the horse power was considered subject for congratulation,it was specially suited for a trial plant also in the early days when a yield of six or eight lamps to the horsepower was considered subject for congratulation,0.0667,0.0063,10.35,30
the street conductors were of the overhead pole line construction and were installed by the construction company that had been organized by edison to build and equip central stations,the street conductors were of the overhead pole line construction and were installed by the construction company that had been organized by edison to build and equip central stations,0.0,0.0,10.95,29
meanwhile he had called upon me to make a report of the three wire system known in england as the hopkinson both doctor john hopkinson and mister edison being independent inventors at practically the same time,meanwhile he had called upon me to make a report of the three wire system known in england as the hopkinson both doctor john hopkinson and mister edison being independent inventors at practically the same time,0.0,0.0,13.665,36
i think he was perhaps more appreciative than i was of the discipline of the edison construction department and thought it would be well for us to wait until the morning of the fourth before we started up,i think he was perhaps more appreciative that i was of the discipline of the edison construction department and thought it would be well for us to wait until the morning of the fourth before we started up,0.0263,0.0049,11.06,38
but the plant ran and it was the first three wire station in this country,but the plant ran and it was the first three wire station in this country,0.0,0.0,4.77,15
they were later used as reserve machines and finally with the engine retired from service as part of the collection of edisonia but they remain in practically as good condition as when installed in eighteen eighty three,they were later used as reserve machines and finally with the engine retired from service as part of the collection of edisonia but they remain in practically as good condition as when installed in eighteen eighty three,0.0,0.0,15.28,37
the arc lamp installed outside a customers premises or in a circuit for public street lighting burned so many hours nightly so many nights in the month and was paid for at that rate subject to rebate for hours when the lamp might be out through accident,the arc lamp installed outside a customers premises or in a circuit for public street lighting burned so many hours nightly so many nights in the month and was paid for at that rate subject to rebate for hours when the lamp might be out through accident,0.0,0.0,17.595,47
edison held that the electricity sold must be measured just like gas or water and he proceeded to develop a meter,edison held that the electricity sold must be measured just like gas or water and he proceeded to develop a meter,0.0,0.0,8.62,21
there was infinite scepticism around him on the subject and while other inventors were also giving the subject their thought the public took it for granted that anything so utterly intangible as electricity that could not be seen or weighed and only gave secondary evidence of itself at the exact point of use could not be brought to accurate registration,there was infinite scepticism around him on the subject and while other inventors were also giving the subject their thought the public took it for granted that anything so utterly intangible as electricity that could not be seen or weighed and only gave secondary evidence of itself at the exact point of use could not be brought to accurate registration,0.0,0.0,25.94,60
hence the edison electrolytic meter is no longer used despite its excellent qualities,hence the edison electrolytic meter is no longer used despite its excellent qualities,0.0,0.0,6.425,13
the principle employed in the edison electrolytic meter is that which exemplifies the power of electricity to decompose a chemical substance,the principle employed in the edison electrolytic meter is that which exemplifies the power of electricity to decompose a chemical substance,0.0,0.0,9.98,21
associated with this simple form of apparatus were various ingenious details and refinements to secure regularity of operation freedom from inaccuracy and immunity from such tampering as would permit theft of current or damage,associated with this simple form of apparatus were various ingenious details and refinements to secure regularity of operation freedom from inaccuracy and immunity from such tampering as would permit theft of current or damage,0.0,0.0,16.585,34
the standard edison meter practice was to remove the cells once a month to the meter room of the central station company for examination another set being substituted,the standard edison meter practice was to remove the cells once a month to the meter room of the central station company for examination another set being substituted,0.0,0.0,11.69,28
in december eighteen eighty eight mister w j jenks read an interesting paper before the american institute of electrical engineers on the six years of practical experience had up to that time with the meter then more generally in use than any other,in december eighteen eighty eight mister w j jenks read an interesting paper before the american institute of electrical engineers on the six years of practical experience had up to that time with the meter then more generally in use than any other,0.0,0.0,17.605,43
the others having been in operation too short a time to show definite results although they also went quickly to a dividend basis,the others having been in operation too short a time to show definite results although they also went quickly to a dividend basis,0.0,0.0,8.605,23
in this connection it should be mentioned that the association of edison illuminating companies in the same year adopted resolutions unanimously to the effect that the edison meter was accurate and that its use was not expensive for stations above one thousand lights and that the best financial results were invariably secured in a station selling current by meter,in this connection it should be mentioned that the association of edison illuminating companies in the same year adopted resolutions unanimously to the effect that the edison meter was accurate and that its use was not expensive for stations above one thousand lights and that the best financial results were invariably secured in a station selling current by meter,0.0,0.0,25.49,59
the meter continued in general service during eighteen ninety nine and probably up to the close of the century,the meter continued in general service during eighteen ninety nine and probably up to the close of the century,0.0,0.0,7.085,19
he weighed and reweighed the meter plates and pursued every line of investigation imaginable but all in vain,he weighed and re weighed the meter plates and pursued every line of investigation imaginable but all in vain,0.1111,0.0093,7.965,18
he felt he was up against it and that perhaps another kind of a job would suit him better,he felt he was up against it and that perhaps another kind of a job would suit him better,0.0,0.0,5.61,19
the problem was solved,the problem was solved,0.0,0.0,2.385,4
we were more interested in the technical condition of the station than in the commercial part,we were more interested in the technical condition of the station than in the commercial part,0.0,0.0,5.455,16
we had meters in which there were two bottles of liquid,we had meters in which there were two bottles of liquid,0.0,0.0,3.75,11
kenneth and beth refrained from telling the other girls or uncle john of old will rogerss visit but they got mister watson in the library and questioned him closely about the penalty for forging a check,kenneth and beth refrained from telling the other girls or uncle john of old will rogers visit but they got mister watson in the library and questioned him closely about the penalty for forging a cheque,0.0556,0.0198,11.695,36
it was a serious crime indeed mister watson told them and tom gates bade fair to serve a lengthy term in states prison as a consequence of his rash act,it was a serious crime indeed mister watson told them and tom gates bade fair to serve a lengthy term in the states prison as a consequence of his rash act,0.0333,0.0265,9.315,30
i cant see it in that light said the old lawyer,i cant see it in that light said the old lawyer,0.0,0.0,3.075,11
it was a deliberate theft from his employers to protect a girl he loved,it was a deliberate theft from his employers to protect a girl he loved,0.0,0.0,4.215,14
but they could not have proven a case against lucy if she was innocent and all their threats of arresting her were probably mere bluff,but they could not have proven a case against lucy if she was innocent and all their threats of arresting her were probably a mere bluff,0.04,0.0149,7.145,25
he was soft hearted and impetuous said beth and being in love he didnt stop to count the cost,he was soft hearted and impetuous said beth and being in love he didnt stop to count the cost,0.0,0.0,6.72,19
if the prosecution were withdrawn and the case settled with the victim of the forged check then the young man would be allowed his freedom,if the prosecution were withdrawn and the case settled with the victim of the forged check then the young man would be allowed his freedom,0.0,0.0,7.195,25
but under the circumstances i doubt if such an arrangement could be made,but under the circumstances i doubt if such an arrangement could be made,0.0,0.0,3.865,13
fairview was twelve miles away but by ten oclock they drew up at the county jail,fairview was twelve miles away but by ten oclock they drew up at the county drail,0.0625,0.025,4.74,16
they were received in the little office by a man named markham who was the jailer,they were received in the little office by a man named markham who was the jailer,0.0,0.0,4.22,16
we wish to talk with him answered kenneth talk,we wish to talk with him answered kenneth talk,0.0,0.0,3.14,9
im running for representative on the republican ticket said kenneth quietly,im running for representative on the republican ticket said kenneth quietly,0.0,0.0,4.685,11
oh say thats different observed markham altering his demeanor,oh say thats different observed markham altering his demeanour,0.1111,0.0164,4.295,9
may we see gates at once asked kenneth,may we see gates at once asked kenneth,0.0,0.0,2.725,8
they followed the jailer along a succession of passages,they followed the jailer along a succession of passages,0.0,0.0,3.655,9
sometimes im that yearning for a smoke im nearly crazy an i dunno which is worst dyin one way or another,sometimes im that yearnin for a smoke im nearly crazy and i dunno which is worse dying one way or the other,0.2857,0.0769,6.525,21
he unlocked the door and called heres visitors tom,he unlocked the door and called heres visitors tom,0.0,0.0,4.12,9
worse tom worse n ever replied the jailer gloomily,worse tom worse than error replied the jailer gloomily,0.2222,0.12,3.545,9
miss de graf said kenneth noticing the boys face critically as he stood where the light from the passage fell upon it,mister graff said kenneth noticing the boys face critically as he stood where the light from the passage fell upon it,0.1364,0.0427,7.11,22
sorry we havent any reception room in the jail,sorry we havent any reception room in the jail,0.0,0.0,2.665,9
sit down please said gates in a cheerful and pleasant voice theres a bench here,sit down please said gates in a cheerful and pleasant voice theres a bench here,0.0,0.0,5.125,15
a fresh wholesome looking boy was tom gates with steady gray eyes an intelligent forehead but a sensitive rather weak mouth,a fresh wholesome looking boy was tom gates with steady grey eyes an intelligent forehead but a sensitive rather weak mouth,0.0476,0.0081,7.895,21
we have heard something of your story said kenneth and are interested in it,we have heard something of your story said kenneth and are interested in it,0.0,0.0,4.115,14
i didnt stop to think whether it was foolish or not i did it and im glad i did,i didnt stop to think whether it was foolish or not i did it and im glad i did it,0.0526,0.0385,4.89,19
old will is a fine fellow but poor and helpless since missus rogers had her accident,old will is a fine fellow but poor and helpless since misses rogers had her accident,0.0625,0.0119,4.945,16
then rogers wouldnt do anything but lead her around and wait upon her and the place went to rack and ruin,then rogers wouldnt do anything but lead her around and wait upon her and the place went to rack and ruin,0.0,0.0,5.735,21
he spoke simply but paced up and down the narrow cell in front of them,he spoke simply but paced up and down the narrow cell in front of them,0.0,0.0,4.64,15
whose name did you sign to the check asked kenneth,whose name did you sign to the cheque asked kenneth,0.1,0.06,3.065,10
he is supposed to sign all the checks of the concern,he is supposed to sign all the checks of the concern,0.0,0.0,3.29,11
its a stock company and rich,its a stock company enrich,0.3333,0.1071,2.04,6
i was bookkeeper so it was easy to get a blank check and forge the signature,i was bit keeper so it was easy to get a blank cheque and forge the signature,0.1875,0.0789,4.91,16
as regards my robbing the company ill say that i saved them a heavy loss one day,as regards my robbing the company ill say that i saved him a heavy loss one day,0.0588,0.025,5.555,17
i discovered and put out a fire that would have destroyed the whole plant but marshall never even thanked me,i discovered and put out a fire that would have destroyed the whole plant but marshall never even thanked me,0.0,0.0,5.72,20
it was better for him to think the girl unfeeling than to know the truth,it was better for him to think the girl unfeeling than to know the truth,0.0,0.0,4.02,15
im going to see mister marshall said kenneth and discover what i can do to assist you thank you sir,im going to see mister marshall said kenneth and discover what i can do to assist you thank you sir,0.0,0.0,6.055,20
it wont be much but im grateful to find a friend,it wont be much but im grateful to find a friend,0.0,0.0,2.755,11
they left him then for the jailer arrived to unlock the door and escort them to the office,they left him then for the jailer arrived to unlock the door and escort them to the office,0.0,0.0,5.555,18
ive seen lots of that kind in my day,ive seen lots of that kind in my day,0.0,0.0,2.53,9
and it ruins a mans disposition,and it ruins a mans disposition,0.0,0.0,2.505,6
he looked up rather ungraciously but motioned them to be seated,he looked up rather ungraciously but motioned them to be seated,0.0,0.0,4.045,11
some girl has been here twice to interview my men and i have refused to admit her,some girl has been in here twice to interview my men and i have refused to admit her,0.0588,0.037,4.77,17
im not electioneering just now,im not electioneering just now,0.0,0.0,2.66,5
oh well sir what about him,oh well sir what about em,0.1667,0.0769,2.175,6
and he deserves a term in states prison,and he deserves a term in states prison,0.0,0.0,2.59,8
it has cost me twice sixty dollars in annoyance,it has cost me twice sixty dollars an annoyance,0.1111,0.0213,3.225,9
ill pay all the costs besides,ill pay all the cost besides,0.1667,0.0345,2.135,6
youre foolish why should you do all this,youre foolish why should you do all this,0.0,0.0,2.57,8
i have my own reasons mister marshall,i have my own reasons mister marshall,0.0,0.0,2.325,7
give me a check for a hundred and fifty and ill turn over to you the forged check and quash further proceedings,give me a cheque for a hundred and fifty and ill turn over to you the forged cheque and quash further proceedings,0.0909,0.0541,6.495,22
he detested the grasping disposition that would endeavor to take advantage of his evident desire to help young gates,he detested the grasping disposition that would endeavour to take advantage of his evident desire to help young gates,0.0526,0.0086,7.4,19
beth uneasy at his silence nudged him,beth uneasy at his silence nudged him,0.0,0.0,2.915,7
there was a grim smile of amusement on his shrewd face,there was a grim smile of amusement on his shrewd face,0.0,0.0,3.545,11
he might have had that forged check for the face of it if hed been sharp,he might have had that forged check for the face of it if hed been sharp,0.0,0.0,4.6,16
and to think we can save all that misery and despair by the payment of a hundred and fifty dollars,and to think we can save all that misery and despair by the payment of a hundred and fifty dollars,0.0,0.0,6.36,20
so to the surprise of the democratic committee and all his friends mister hopkins announced that he would oppose forbess aggressive campaign with an equal aggressiveness and spend as many dollars in doing so as might be necessary,so to the surprise of the democratic committee and all his friends mister hopkins announced that he would oppose forbes aggressive campaign with an equal aggressiveness and spend as many dollars in doing so as might be necessary,0.0263,0.0044,13.315,38
one of mister hopkinss first tasks after calling his faithful henchmen around him was to make a careful canvass of the voters of his district to see what was still to be accomplished,one of mister hopkins first tasks after calling his faithful henchmen around him was to make a careful canvas of the voters of his district to see what was still to be accomplished,0.0606,0.011,10.355,33
the weak kneed contingency must be strengthened and fortified and a couple of hundred votes in one way or another secured from the opposition,the weak need contingency must be strengthened and fortified and a couple of hundred votes in one way or the other secured from the opposition,0.125,0.0355,8.94,24
the democratic committee figured out a way to do this,the democratic committee figured out a way to do this,0.0,0.0,4.015,10
under ordinary conditions reynolds was sure to be elected but the committee proposed to sacrifice him in order to elect hopkins,under ordinary conditions reynolds was sure to be elected but the committee proposed to sacrifice him in order to elect hopkins,0.0,0.0,8.44,21
the only thing necessary was to fix seth reynolds and this hopkins arranged personally,the only thing necessary was to fix seth reynolds and this hopkins arranged personally,0.0,0.0,6.165,14
and this was why kenneth and beth discovered him conversing with the young woman in the buggy,and this was why kenneth and beth discovered him conversing with the young woman in the buggy,0.0,0.0,5.92,17
the description she gave of the coming reception to the womans political league was so humorous and diverting that they were both laughing heartily over the thing when the young people passed them and thus mister hopkins failed to notice who the occupants of the other vehicle were,the description she gave of the coming reception to the womens political league was so humorous and diverting that they were both laughing heartily over the thing when the young people passed them and thus mister hopkins failed to notice who the occupants of the other vehicle were,0.0208,0.0036,16.285,48
these women were flattered by the attention of the young lady and had promised to assist in electing mister forbes,these women were flattered by the attention of the young lady and had promised to assist in electing mister forbes,0.0,0.0,7.18,20
louise hoped for excellent results from this organization and wished the entertainment to be so effective in winning their good will that they would work earnestly for the cause in which they were enlisted,louise hoped for excellent results from this organization and wished the entertainment to be so effective in winning their good will that they would work earnestly for the cause in which they were enlisted,0.0,0.0,13.115,34
the fairview band was engaged to discourse as much harmony as it could produce and the resources of the great house were taxed to entertain the guests,the fairview band was engaged to discourse as much harmony as it could produce and the resources of the great house were taxed to entertain the guests,0.0,0.0,9.82,27
tables were spread on the lawn and a dainty but substantial repast was to be served,tables were spread on the lawn and a dainty but substantial repast was to be served,0.0,0.0,5.625,16
this was the first occasion within a generation when such an entertainment had been given at elmhurst and the only one within the memory of man where the neighbors and country people had been invited guests,this was the first occasion within a generation when such an entertainment had been given at elmhurst and the only when within the memory of man where the neighbors and country people had been the invited guests,0.0556,0.034,12.47,36
the attendance was unexpectedly large and the girls were delighted foreseeing great success for their fete,the attendance was unexpectedly large and the girls were delighted for seeing great success for their fight,0.1875,0.0472,7.19,16
we ought to have more attendants beth said louise approaching her cousin,we ought to have more attendance beth said louise approaching her cousin,0.0833,0.0278,4.77,12
wont you run into the house and see if martha cant spare one or two more maids,wont you run into the house and see if martha cant spare one or two more maids,0.0,0.0,4.525,17
she was very fond of the young ladies whom she had known when aunt jane was the mistress here and beth was her especial favorite,she was very fond of the young ladies whom she had known when aunt jane was their mistress here and beth was her especial favourite,0.08,0.0234,6.99,25
the housekeeper led the way and beth followed,the housekeeper led the way and beth followed,0.0,0.0,2.39,8
for a moment beth stood staring while the new maid regarded her with composure and a slight smile upon her beautiful face,for a moment beth stood staring while the new maid regarded her with composure and a slight smile upon her beautiful face,0.0,0.0,8.445,22
she was dressed in the regulation costume of the maids at elmhurst a plain black gown with white apron and cap,she was dressed in the regulation costume of the maids at elmhurst a plain black gown with a white apron and cap,0.0476,0.0182,7.42,21
then she gave a little laugh and replied no miss beth im elizabeth parsons,then she gave a little laugh and replied no miss beth im elizabeth parsons,0.0,0.0,4.615,14
but it cant be protested the girl,but it cant be protested the girl,0.0,0.0,2.61,7
i attend to the household mending you know and care for the linen,i attend to the household mending you know and care for the linen,0.0,0.0,3.8,13
you speak like an educated person said beth wonderingly where is your home,you speak like an educated person said beth wonderingly where is your home,0.0,0.0,5.425,13
for the first time the maid seemed a little confused and her gaze wandered from the face of her visitor,for the first time the maid seemed a little confused and her gaze wandered from the face of her visitor,0.0,0.0,6.245,20
she sat down in a rocking chair and clasping her hands in her lap rocked slowly back and forth im sorry said beth,she sat down in a rocking chair and clasping her hands in her lap rocked slowly back and forth im sorry said beth,0.0,0.0,7.83,23
eliza parsons shook her head,eliza parsons shook her head,0.0,0.0,2.125,5
they they excite me in some way and i i cant bear them you must excuse me,they they excite me in some way and i i cant bear them you must excuse me,0.0,0.0,5.32,17
she even seemed mildly amused at the attention she attracted,she even seemed mildly amused at the attention she attracted,0.0,0.0,3.555,10
beth was a beautiful girl the handsomest of the three cousins by far yet eliza surpassed her in natural charm and seemed well aware of the fact,beth was a beautiful girl the handsomest of the three cousins by far yet eliza surpassed her in natural charm and seemed well aware of the fact,0.0,0.0,8.945,27
her manner was neither independent nor assertive but rather one of well bred composure and calm reliance,her manner was neither independent nor assertive but rather one of well bred composure and calm reliance,0.0,0.0,6.225,17
her eyes wandered to the maids hands,her eyes wandered to the maids hands,0.0,0.0,2.515,7
however her features and form might repress any evidence of nervousness these hands told a different story,however her features and form might repress any evidence of nervousness these hands told a different story,0.0,0.0,6.555,17
she rose quickly to her feet with an impetuous gesture that made her visitor catch her breath,she rose quickly to her feet with an impetuous gesture that made her visitor catch her breath,0.0,0.0,5.45,17
i wish i knew myself she cried fiercely,i wish i knew myself she cried fiercely,0.0,0.0,2.475,8
will you leave me alone in my own room or must i go away to escape you,will you leave me alone in my own room or must i go away to escape you,0.0,0.0,4.39,17
eliza closed the door behind her with a decided slam and a key clicked in the lock,eliza closed the door behind her with a decided slam and a key clicked in the lock,0.0,0.0,5.2,17
i will endeavour in my statement to avoid such terms as would serve to limit the events to any particular place or give a clue as to the people concerned,i will endeavour in my statement to avoid such terms as would serve to limit the events to any particular place or give a clue as to the people concerned,0.0,0.0,8.94,30
i had always known him to be restless in his manner but on this particular occasion he was in such a state of uncontrollable agitation that it was clear something very unusual had occurred,i had always known him to be restless in his manner but on this particular occasion he was in such a state of uncontrollable agitation that it was clear something very unusual had occurred,0.0,0.0,10.255,34
my friends temper had not improved since he had been deprived of the congenial surroundings of baker street,my friends temper had not improved since he had been deprived of the congenial surroundings of baker street,0.0,0.0,6.135,18
without his scrapbooks his chemicals and his homely untidiness he was an uncomfortable man,without his scrapbooks his chemicals and his homely untidiness he was an uncomfortable man,0.0,0.0,6.55,14
i had to read it over carefully as the text must be absolutely correct,i had to read it over carefully as the text must be absolutely correct,0.0,0.0,4.515,14
i was absent rather more than an hour,i was absent rather more than an hour,0.0,0.0,2.745,8
the only duplicate which existed so far as i knew was that which belonged to my servant bannister a man who has looked after my room for ten years and whose honesty is absolutely above suspicion,the only duplicate which existed so far as i knew was that which belonged to my servant bannister a man who has looked after my room for ten years and whose honesty is absolutely above suspicion,0.0,0.0,10.85,36
the moment i looked at my table i was aware that someone had rummaged among my papers,the moment i looked at my table i was aware that someone had rummaged among my papers,0.0,0.0,4.565,17
the proof was in three long slips i had left them all together,the proof was in three long slips i had left them all together,0.0,0.0,4.305,13
the alternative was that someone passing had observed the key in the door had known that i was out and had entered to look at the papers,the alternative was that someone passing had observed the key in the door had known that i was out and had entered to look at the papers,0.0,0.0,7.04,27
i gave him a little brandy and left him collapsed in a chair while i made a most careful examination of the room,i gave him a little brandy and left him collapsed in a chair while i made a most careful examination of the room,0.0,0.0,5.32,23
a broken tip of lead was lying there also,a broken tip of lead was lying there also,0.0,0.0,2.825,9
not only this but on the table i found a small ball of black dough or clay with specks of something which looks like sawdust in it,not only this but on the table i found a small ball of black dough or clay with specks of something which looks like sawdust in it,0.0,0.0,7.065,27
above all things i desire to settle the matter quietly and discreetly,above all things i desire to settle the matter quietly and discreetly,0.0,0.0,4.32,12
to the best of my belief they were rolled up,to the best of my belief they were rolled up,0.0,0.0,2.855,10
did anyone know that these proofs would be there no one save the printer,did any one know that these proofs would be there no one save the printer,0.1429,0.0139,4.985,14
i was in such a hurry to come to you you left your door open,i was in such a hurry to come to you you left your door open,0.0,0.0,4.255,15
so it seems to me,so it seems to me,0.0,0.0,2.28,5
now mister soames at your disposal,now mister soames at your disposal,0.0,0.0,2.675,6
above were three students one on each story,above were three students one on each story,0.0,0.0,2.705,8
then he approached it and standing on tiptoe with his neck craned he looked into the room,then he approached it and standing on tiptoe with his neck craned he looked into the room,0.0,0.0,5.135,17
there is no opening except the one pane said our learned guide,there is no opening except the one pane said our learned guide,0.0,0.0,3.715,12
i am afraid there are no signs here said he,i am afraid there are no signs here said he,0.0,0.0,3.295,10
one could hardly hope for any upon so dry a day,one could hardly hope for any upon so dry a day,0.0,0.0,3.33,11
you left him in a chair you say which chair by the window there,you left him in a chair you say which chair by the window there,0.0,0.0,4.48,14
the man entered and took the papers sheet by sheet from the central table,the men entered and took the papers sheet by sheet from the central table and,0.1429,0.0685,3.905,14
as a matter of fact he could not said soames for i entered by the side door,as a matter of fact he could not said soames for i entered by the side door,0.0,0.0,4.775,17
how long would it take him to do that using every possible contraction a quarter of an hour not less,how long would it take him to do that using every possible contraction a quarter of an hour not less,0.0,0.0,5.225,20
then he tossed it down and seized the next,then he tossed it down and seized the next,0.0,0.0,2.585,9
he was in the midst of that when your return caused him to make a very hurried retreat very hurried since he had not time to replace the papers which would tell you that he had been there,he was in the midst of that when your return caused him to make a very hurried retreat very hurried since he had not time to replace the papers which would tell you that he had been there,0.0,0.0,10.055,38
mister soames was somewhat overwhelmed by this flood of information,mister psalmes was somewhat overwhelmed by this flood of information,0.1,0.0448,3.48,10
holmes held out a small chip with the letters n n and a space of clear wood after them you see,holmes held out a small chip with the letters n and a space of clear wood after them you see,0.0476,0.0213,6.25,21
watson i have always done you an injustice there are others,watson i have always done you an injustice there are others,0.0,0.0,4.135,11
i was hoping that if the paper on which he wrote was thin some trace of it might come through upon this polished surface no i see nothing,i was hoping that if the paper on which he wrote was thin some trace of it might come through upon this polished surface no i see nothing,0.0,0.0,7.45,28
as holmes drew the curtain i was aware from some little rigidity and alertness of his attitude that he was prepared for an emergency,as holmes drew the curtain i was aware from some little rigidity and an alertness of his attitude that he was prepared for an emergency,0.0417,0.0227,6.99,24
holmes turned away and stooped suddenly to the floor halloa whats this,holmes turned away and stooped suddenly to the floor hallo what is this,0.25,0.0429,4.98,12
holmes held it out on his open palm in the glare of the electric light,holmes held it out on his open palm in the glare of the electric light,0.0,0.0,3.98,15
what could he do he caught up everything which would betray him and he rushed into your bedroom to conceal himself,what could he do he caught up everything which would betray him and he rushed into your bedroom to conceal himself,0.0,0.0,5.73,21
i understand you to say that there are three students who use this stair and are in the habit of passing your door yes there are,i understand you to say that there are three students who use this stair and are in the habit of passing your door yes there are,0.0,0.0,7.535,26
and they are all in for this examination yes,and they are all in for this examination yes,0.0,0.0,3.725,9
one hardly likes to throw suspicion where there are no proofs,one hardly likes to throw suspicion where there are no proofs,0.0,0.0,3.75,11
let us hear the suspicions i will look after the proofs,let us hear the suspicions i will look after the proofs,0.0,0.0,3.575,11
my scholar has been left very poor but he is hard working and industrious he will do well,my scholar has been left very poor but he is hard working and industrious he will do well,0.0,0.0,5.865,18
the top floor belongs to miles mc laren,the top floor belongs to miles mclaren,0.25,0.0256,2.74,8
i dare not go so far as that but of the three he is perhaps the least unlikely,i dare not go so far as that but of the three he is perhaps the least unlikely,0.0,0.0,5.505,18
he was still suffering from this sudden disturbance of the quiet routine of his life,he was still suffering from the sudden disturbance of the quiet routine of his life,0.0667,0.0238,4.36,15
but i have occasionally done the same thing at other times,but i have occasionally done the same thing at other times,0.0,0.0,3.53,11
did you look at these papers on the table,did you look at these papers on the table,0.0,0.0,2.605,9
how came you to leave the key in the door,how came you to leave the key in the door,0.0,0.0,2.785,10
anyone in the room could get out yes sir,any one in the room could get out yes sir,0.2222,0.025,3.845,9
i really dont think he knew much about it mister holmes,i really dont think he knew much about it mister holmes,0.0,0.0,3.085,11
only for a minute or so,only for a minute or so,0.0,0.0,1.98,6
oh i would not venture to say sir,oh i would not venture to say sir,0.0,0.0,3.45,8
you havent seen any of them no sir,you havent seen any of them no sir,0.0,0.0,4.015,8
it was the indian whose dark silhouette appeared suddenly upon his blind,it was the indian whose dark silhouette appeared suddenly upon his blind,0.0,0.0,4.615,12
he was pacing swiftly up and down his room,he was pacing swiftly up and down his room,0.0,0.0,3.265,9
this set of rooms is quite the oldest in the college and it is not unusual for visitors to go over them,the set of rooms is quite the oldest in the college and it is not unusual for visitors to go over them,0.0455,0.0194,5.905,22
no names please said holmes as we knocked at gilchrists door,no names please said holmes as we knocked at gilchrists door,0.0,0.0,4.1,11
of course he did not realize that it was i who was knocking but none the less his conduct was very uncourteous and indeed under the circumstances rather suspicious,of course he did not realize that it was i who was knocking but nonetheless his conduct was very uncourteous and indeed under the circumstances rather suspicious,0.1034,0.0123,9.005,29
that is very important said holmes,that is very important said holmes,0.0,0.0,2.515,6
you dont seem to realize the position,you dont seem to realize the position,0.0,0.0,2.135,7
to morrow is the examination,tomorrow is the examination,0.4,0.0357,2.02,5
i cannot allow the examination to be held if one of the papers has been tampered with the situation must be faced,i cannot allow the examination to be held if one of the papers has been tampered with the situation must be faced,0.0,0.0,6.795,22
it is possible that i may be in a position then to indicate some course of action,it is possible that i may be in a position then to indicate some course of action,0.0,0.0,4.685,17
i will take the black clay with me also the pencil cuttings good bye,i will take the black clay with me also the pencil cuttings goodbye,0.1429,0.0147,4.47,14
when we were out in the darkness of the quadrangle we again looked up at the windows,when we were out in the darkness of the quadrangle we again looked up at the windows,0.0,0.0,5.0,17
the foul mouthed fellow at the top,the foul mouthed fellow at the top,0.0,0.0,2.485,7
he is the one with the worst record,he is the one with the worst record,0.0,0.0,2.225,8
why bannister the servant whats his game in the matter,why bannister the servant whats his game in the matter,0.0,0.0,3.97,10
he impressed me as being a perfectly honest man,he impressed me as being a perfectly honest man,0.0,0.0,3.47,9
my friend did not appear to be depressed by his failure but shrugged his shoulders in half humorous resignation,my friend did not appear to be depressed by his failure but shrugged his shoulders in half humorous resignation,0.0,0.0,5.96,19
no good my dear watson,no good my dear watson,0.0,0.0,2.0,5
i think so you have formed a conclusion,i think so you have formed a conclusion,0.0,0.0,3.345,8
yes my dear watson i have solved the mystery,yes my dear watson i have solved the mystery,0.0,0.0,3.125,9
look at that he held out his hand,look at that he held out his hand,0.0,0.0,2.86,8
on the palm were three little pyramids of black doughy clay,on the palm were three little pyramids of black doughy clay,0.0,0.0,4.01,11
and one more this morning,and one more this morning,0.0,0.0,2.06,5
in a few hours the examination would commence and he was still in the dilemma between making the facts public and allowing the culprit to compete for the valuable scholarship,in a few hours the examination would commence and he was still in the dilemma between making the facts public and allowing the culprit to compete for the valuable scholarship,0.0,0.0,8.735,30
he could hardly stand still so great was his mental agitation and he ran towards holmes with two eager hands outstretched thank heaven that you have come,he could hardly stand still so great was his mental agitation and he ran towards holmes with two eager hands outstretched thank heaven that you have come,0.0,0.0,9.185,27
you know him i think so,you know him i think so,0.0,0.0,2.375,6
if this matter is not to become public we must give ourselves certain powers and resolve ourselves into a small private court martial,if this matter is not to become public we must give ourselves certain powers and resolve ourselves into a small private court martial,0.0,0.0,6.995,23
no sir certainly not,no sir certainly not,0.0,0.0,3.36,4
there was no man sir,there was no man sir,0.0,0.0,2.655,5
his troubled blue eyes glanced at each of us and finally rested with an expression of blank dismay upon bannister in the farther corner,his troubled blue eyes glanced at each of us and finally rested with an expression of blank dismay upon bannister in the farther corner,0.0,0.0,8.075,24
just close the door said holmes,just close the door said holmes,0.0,0.0,2.145,6
we want to know mister gilchrist how you an honourable man ever came to commit such an action as that of yesterday,we want to know mister gilchrist how you an honorable man ever came to commit such an action as that of yesterday,0.0455,0.0088,6.47,22
for a moment gilchrist with upraised hand tried to control his writhing features,for a moment gilchrist with upraised hand tried to control his writhing features,0.0,0.0,4.995,13
come come said holmes kindly it is human to err and at least no one can accuse you of being a callous criminal,come come said holmes kindly it is human to err and at least no one can accuse you of being a callous criminal,0.0,0.0,7.0,23
well well dont trouble to answer listen and see that i do you no injustice,well well dont trouble to answer listen and see that i do you no injustice,0.0,0.0,4.49,15
he could examine the papers in his own office,he could examine the papers in his own office,0.0,0.0,2.63,9
the indian i also thought nothing of,the indian i also thought nothing of,0.0,0.0,2.475,7
when i approached your room i examined the window,when i approached your room i examined the window,0.0,0.0,2.965,9
no one less than that would have a chance,no one less than that would have a chance,0.0,0.0,2.955,9
i entered and i took you into my confidence as to the suggestions of the side table,i entered and i took you into my confidence as to the suggestions of the side table,0.0,0.0,4.885,17
he returned carrying his jumping shoes which are provided as you are aware with several sharp spikes,he returned carrying his jumping shoes which are provided as you are wear with several sharp spikes,0.0588,0.03,5.985,17
no harm would have been done had it not been that as he passed your door he perceived the key which had been left by the carelessness of your servant,no harm would have been done had it not been that as he passed your door he perceived the key which had been left by the carelessness of your servant,0.0,0.0,7.99,30
a sudden impulse came over him to enter and see if they were indeed the proofs,a sudden impulse came over him to enter and see if they were indeed the proofs,0.0,0.0,5.06,16
he put his shoes on the table,he put his shoes on the table,0.0,0.0,2.065,7
gloves said the young man,gloves said the young man,0.0,0.0,2.895,5
suddenly he heard him at the very door there was no possible escape,suddenly he heard him at the very door there was no possible escape,0.0,0.0,3.625,13
have i told the truth mister gilchrist,have i told the truth mister gilchrist,0.0,0.0,2.35,7
i have a letter here mister soames which i wrote to you early this morning in the middle of a restless night,i have a letter here mister solmes which i wrote to you early this morning in the middle of a restless night,0.0455,0.0093,5.25,22
it will be clear to you from what i have said that only you could have let this young man out since you were left in the room and must have locked the door when you went out,it will be clear to you from what i have said that only you could have let this young man out since you were left in the room and must have locked the door when you went out,0.0,0.0,9.265,38
it was simple enough sir if you only had known but with all your cleverness it was impossible that you could know,it was simple enough sir if you only had known but with all your cleverness it was impossible that you could know,0.0,0.0,7.575,22
if mister soames saw them the game was up,if mister soames saw them the game was up,0.0,0.0,2.78,9
she was tired of other things,she was tired of other things,0.0,0.0,2.865,6
she tried this morning an air or two upon the piano sang a simple song in a sweet but slightly metallic voice and then seating herself by the open window read philips letter,she tried this morning an air or two upon the piano sang a simple song in a sweet but slightly metallic voice and then seating herself by the open window read philips letter,0.0,0.0,13.91,33
well mother said the young student looking up with a shade of impatience,well mother said the young student looking up with a shade of impatience,0.0,0.0,5.48,13
i hope thee told the elders that father and i are responsible for the piano and that much as thee loves music thee is never in the room when it is played,i hope thee told the elders that father and i are responsible for the piano and that much as thee loves music thee is never in the room when it is played,0.0,0.0,10.02,32
i heard father tell cousin abner that he was whipped so often for whistling when he was a boy that he was determined to have what compensation he could get now,i heard father tell cousin abner that he was whipped so often for whistling when he was a boy that he was determined to have what compensation he could get now,0.0,0.0,9.61,31
thy ways greatly try me ruth and all thy relations,thy ways greatly try me ruth and all thy relations,0.0,0.0,4.65,10
is thy father willing thee should go away to a school of the worlds people,is thy father willing thee should go away to a school of the worlds people,0.0,0.0,4.47,15
i have not asked him ruth replied with a look that might imply that she was one of those determined little bodies who first made up her own mind and then compelled others to make up theirs in accordance with hers,i have not asked him ruth replied with a look that might imply that she was one of those determined little bodies who first made up her own mind and then compelled others to make up theirs in accordance with hers,0.0,0.0,14.81,41
mother im going to study medicine,mother i am going to study medicine,0.3333,0.0606,3.04,6
margaret bolton almost lost for a moment her habitual placidity,margaret bolton almost lost for a moment her habitual placidity,0.0,0.0,5.6,10
thee study medicine,the study medicine,0.3333,0.0526,2.64,3
does thee think thee could stand it six months,does thee think thee could stand it six months,0.0,0.0,3.355,9
and besides suppose thee does learn medicine,and besides suppose dee does learn medicine,0.1429,0.0455,4.68,7
i will practice it,i will practice it,0.0,0.0,1.98,4
where thee and thy family are known,where thee and thy family are known,0.0,0.0,3.26,7
if i can get patients,if i can get patience,0.2,0.0952,2.36,5
ruth sat quite still for a time with face intent and flushed it was out now,ruth sat quite still for a time with face intent and flushed it was out now,0.0,0.0,6.945,16
the sight seers returned in high spirits from the city,the sightseers returned in high spirits from the city,0.2,0.0185,3.93,10
ruth asked the enthusiasts if they would like to live in such a sounding mausoleum with its great halls and echoing rooms and no comfortable place in it for the accommodation of any body,ruth asked the enthusiasts if they would like to live in such a sounding mausoleum with its great halls and echoing rooms and no comfortable place in it for the accommodation of any body,0.0,0.0,12.14,34
and then there was broad street,and then there was broad street,0.0,0.0,2.725,6
there certainly was no end to it and even ruth was philadelphian enough to believe that a street ought not to have any end or architectural point upon which the weary eye could rest,there certainly was no end to it and even ruth was philadelphian enough to believe that a street ought not to have any end or architectural point upon which the weary eye could rest,0.0,0.0,12.365,34
but neither saint girard nor broad street neither wonders of the mint nor the glories of the hall where the ghosts of our fathers sit always signing the declaration impressed the visitors so much as the splendors of the chestnut street windows and the bargains on eighth street,but neither saint gerard nor broad street neither wonders of the mint nor the glories of the hall where the ghosts of our fathers sit always signing the declaration impressed the visitors so much as the splendours of the chestnut street windows and the bargains on eighth street,0.0417,0.0072,19.86,48
is thee going to the yearly meeting ruth asked one of the girls,is thee going to the yearly meeting ruth asked one of the girls,0.0,0.0,4.765,13
i have nothing to wear replied that demure person,i have nothing to wear replied that demure person,0.0,0.0,3.905,9
it has occupied mother a long time to find at the shops the exact shade for her new bonnet,it has occupied mother a long time to find at the shops the exact shade for her new bonnet,0.0,0.0,6.04,19
and thee wont go why should i,and thee wont go why should i,0.0,0.0,3.83,7
if i go to meeting at all i like best to sit in the quiet old house in germantown where the windows are all open and i can see the trees and hear the stir of the leaves,if i go to meeting at all i like best to sit in the quiet old house in germantown where the windows are all open and i can see the trees and hear the stir of the leaves,0.0,0.0,10.93,38
its such a crush at the yearly meeting at arch street and then theres the row of sleek looking young men who line the curbstone and stare at us as we come out,its such a crush at the yearly meeting at arch street and then theres the row of sleek looking young men who lie in the kerbstone and stare at us as we come out,0.0909,0.038,9.795,33
he doesnt say but its on the frontier and on the map everything beyond it is marked indians and desert and looks as desolate as a wednesday meeting humph it was time for him to do something,he doesnt say but its on the frontier and on the map everything beyond it is marked indians and desert and looks as desolate as a wednesday meeting humph it was time for him to do something,0.0,0.0,14.67,37
is he going to start a daily newspaper among the kick a poos,is he going to start a daily newspaper among the kickapoos,0.2308,0.0333,3.89,13
father thees unjust to philip hes going into business,father these unjust to philip hes going into business,0.1111,0.0377,4.67,9
he doesnt say exactly what it is said ruth a little dubiously but its something about land and railroads and thee knows father that fortunes are made nobody knows exactly how in a new country,he doesnt say exactly what it is said ruth a little dubiously but its something about land and railroads and thee knows father that fortunes are made nobody knows exactly how in a new country,0.0,0.0,15.05,35
but philip is honest and he has talent enough if he will stop scribbling to make his way,that philip is honest and he has talent enough if he will stop scribbling to make his way,0.0556,0.0341,6.61,18
what a box women are put into measured for it and put in young if we go anywhere its in a box veiled and pinioned and shut in by disabilities,what a box women are put into measured for it and put in young if we go anywhere its in a box veiled and pinioned and shut in by disabilities,0.0,0.0,12.025,30
why should i rust and be stupid and sit in inaction because i am a girl,why should i rust and be stupid and sit in an action because i am a girl,0.125,0.0282,5.81,16
and if i had a fortune would thee want me to lead a useless life,and if i had a fortune would thee want me to lead a useless life,0.0,0.0,4.75,15
has thee consulted thy mother about a career i suppose it is a career thee wants,has thee consulted thy mother about a career i suppose it is a career thee wants,0.0,0.0,5.25,16
but that wise and placid woman understood the sweet rebel a great deal better than ruth understood herself,but that wise and placid woman understood the sweet rebel a great deal better than ruth understood herself,0.0,0.0,6.885,18
ruth was glad to hear that philip had made a push into the world and she was sure that his talent and courage would make a way for him,ruth was glad to hear that philip had made a push into the world and she was sure that his talent and courage would make a way for him,0.0,0.0,8.74,29
youll never dig it out of the astor library,youll never dig it out of the astor library,0.0,0.0,3.03,9
to the young american here or elsewhere the paths to fortune are innumerable and all open there is invitation in the air and success in all his wide horizon,to the young american here or elsewhere the paths to fortune are innumerable and all open there is invitation in the air and success in all his wide horizon,0.0,0.0,11.92,29
he has no traditions to bind him or guide him and his impulse is to break away from the occupation his father has followed and make a new way for himself,he has no traditions to bind him or guide him and his impulse is to break away from the occupation his father has followed and make a new way for himself,0.0,0.0,10.73,31
the modest fellow would have liked fame thrust upon him for some worthy achievement it might be for a book or for the skillful management of some great newspaper or for some daring expedition like that of lieutenant strain or doctor kane,the modest fellow would have liked fame thrust upon him for some worthy achievement it might be for a book or for the skilful management of some great newspaper or for some daring expedition like that of lieutenant strane or doctor kane,0.0476,0.0127,15.355,42
he was unable to decide exactly what it should be,he was unable to decide exactly what it should be,0.0,0.0,3.75,10
sometimes he thought he would like to stand in a conspicuous pulpit and humbly preach the gospel of repentance and it even crossed his mind that it would be noble to give himself to a missionary life to some benighted region where the date palm grows and the nightingales voice is in tune and the bul bul sings on the off nights,sometimes he thought he would like to stand in a conspicuous pulpit and humbly preach the gospel of repentance and it even crossed his mind that it would be noble to give himself to a missionary life to some benighted region where the date palm grows and the nightingales voice is in tune and the bulb sings on the off nights,0.0323,0.0091,22.16,62
law seemed to him well enough as a science but he never could discover a practical case where it appeared to him worth while to go to law and all the clients who stopped with this new clerk in the ante room of the law office where he was writing philip invariably advised to settle no matter how but settle greatly to the disgust of his employer who knew that justice between man and man could only be attained by the recognized processes with the attendant fees,law seemed to him well enough as a science but he never could discover a practical case where it appeared to him worth while to go to law and all the clients who stopped with this new clerk in the ante room of the law office where he was writing philip invariably advised to settle no matter how but settle greatly to the disgust of his employer who knew that justice between man and man could only be attained by the recognized processes with the attendant fees,0.0,0.0,29.6,87
it is such a noble ambition that it is a pity it has usually such a shallow foundation,it is such a noble ambition that it is a pity it has usually such a shallow foundation,0.0,0.0,6.995,18
he wanted to begin at the top of the ladder,he wanted to begin at the top of the ladder,0.0,0.0,3.58,10
philip therefore read diligently in the astor library planned literary works that should compel attention and nursed his genius,philip therefore read diligently in the astor library planned literary works that should compel attention and nursed his genius,0.0,0.0,9.12,19
he had no friend wise enough to tell him to step into the dorking convention then in session make a sketch of the men and women on the platform and take it to the editor of the daily grapevine and see what he could get a line for it,he had no friend wise enough to tell him to step into the dorking convention then in session make a sketch of the men and women on the platform and take it to the editor of the daily grapevine and see what he could get a line for it,0.0,0.0,14.3,49
o very well said gringo turning away with a shade of contempt youll find if you are going into literature and newspaper work that you cant afford a conscience like that,oh very well said gringo turning away with a shade of contempt youll find if you are going into literature and newspaper work that you cant afford a conscience like that,0.0323,0.006,11.45,31
but philip did afford it and he wrote thanking his friends and declining because he said the political scheme would fail and ought to fail,but philip did afford it and he wrote thanking his friends and declining because he said the political scheme would fail and ought to fail,0.0,0.0,8.71,25
and he went back to his books and to his waiting for an opening large enough for his dignified entrance into the literary world,and he went back to his books and to his waiting for an opening large enough for his dignified entrance into the literary world,0.0,0.0,8.01,24
well im going as an engineer you can go as one,well im going as an engineer you could go as one,0.0909,0.087,4.275,11
you can begin by carrying a rod and putting down the figures,you can begin by carrying a rod and putting down the figures,0.0,0.0,3.325,12
no its not too soon,no its not too soon,0.0,0.0,2.23,5
ive been ready to go anywhere for six months,ive been ready to go anywhere for six months,0.0,0.0,2.865,9
the two young men who were by this time full of the adventure went down to the wall street office of henrys uncle and had a talk with that wily operator,the two young men who were by this time full of the adventure went down to the wall street office of henrys uncle and had a talk with that wily operator,0.0,0.0,9.715,31
the night was spent in packing up and writing letters for philip would not take such an important step without informing his friends,the night was spent in packing up and writing letters for philip would not take such an important step without informing his friends,0.0,0.0,7.47,23
why its in missouri somewhere on the frontier i think well get a map,why its in missouri somewhere on the frontier i think well get a map,0.0,0.0,5.58,14
i was afraid it was nearer home,i was afraid it was nearer home,0.0,0.0,2.425,7
he knew his uncle would be glad to hear that he had at last turned his thoughts to a practical matter,he knew his uncle would be glad to hear that he had at last turned his thoughts to a practical matter,0.0,0.0,6.22,21
he well knew the perils of the frontier the savage state of society the lurking indians and the dangers of fever,he well knew the perils of the frontier the savage state of society the lurking indians and the dangers of fever,0.0,0.0,8.07,21
yes dead these four years an a good job for her too,yas dead these four years and a good job for her too,0.1667,0.0392,5.485,12
well as i say its an awful queer world they clap all the burglars into jail and the murderers and the wife beaters ive allers thought a gentle reproof would be enough punishment for a wife beater cause he probably has a lot o provocation that nobody knows and the firebugs cant think o the right name something like cendenaries an the breakers o the peace an what not an yet the law has nothin to say to a man like hen lord,well as i say its an awful queer world they clap all the burglars in jail and the murderers and the wife beaters i allers thought a gentle reproof would be enough punishment for a wife beater cause he probably has a lot of provocation that nobody knows and the fire bugs cant think of the right name something like sendiaries and the breakers of the peace and what not and yet the law has nothin to say to a man like han lord,0.1446,0.0355,28.41,83
grandfather was alexander carey l l d doctor of laws that is,grandfather was alexander carey l l d doctor of laws that is,0.0,0.0,5.625,12
mister popham laid down his brush,mister popham laid down his brush,0.0,0.0,2.835,6
i swan to man he ejaculated if you dont work hard you cant keep up with the times doctor of laws,i swaying to man he ejaculated if you dont work hard you cant keep up with the times doctor of laws,0.0476,0.0312,7.315,21
done he aint done a thing hed oughter sence he was born,done he aint done a thing he oughter since he was born,0.1667,0.0364,3.845,12
he keeps the thou shalt not commandments first rate hen lord does,he keeps the thou shalt not commandments first rate henlord does,0.1667,0.0154,4.55,12
he give up his position and shut the family up in that tomb of a house so t he could study his books,he gave up his position and shut the family up in that tomb of a house so d he couldnt study his books,0.1304,0.04,6.905,23
mister popham exaggerated nothing but on the contrary left much unsaid in his narrative of the family at the house of lords,mister popham exaggerated nothing but on the contrary left much unsaid in his narrative of the family at the house of lords,0.0,0.0,8.965,22
henry lord with the degree of ph d to his credit had been professor of zoology at a new england college but had resigned his post in order to write a series of scientific text books,henry lord with a degree of phd to his credit had been professor of zoology at a new england college but had resigned his post in order to write a series of scientific textbooks,0.1389,0.0276,13.195,36
always irritable cold indifferent he had grown rapidly more so as years went on,always irritable cold indifferent he had grown rapidly more so as years went on,0.0,0.0,6.82,14
whatever appealed to her sense of beauty was straightway transferred to paper or canvas,whatever appealed to her sense of beauty was straightway transferred to paper or canvas,0.0,0.0,5.445,14
she is wild to know how to do things,she is wild to know how to do things,0.0,0.0,2.705,9
she makes effort after effort trembling with eagerness and when she fails to reproduce what she sees she works herself into a frenzy of grief and disappointment,she makes effort after effort trembling with eagerness and when she fails to reproduce what she sees she works herself into a frenzy of grief and disappointment,0.0,0.0,9.8,27
when she could not make a rabbit or a bird look real on paper she searched in her fathers books for pictures of its bones,when she could not make a rabbit or a bird look real on paper she searched in her fathers books for pictures of its bones,0.0,0.0,7.215,25
cyril there must be some better way of doing i just draw the outline of an animal and then i put hairs or feathers on it they have no bodies,cyril there must be some better way of doing i just draw the outline of an animal and then i put hairs or feathers on it they have no bodies,0.0,0.0,8.65,30
they couldnt run nor move theyre just pasteboard,they couldnt run or move theyre just paceboard,0.25,0.0625,3.3,8
he wouldnt search so dont worry replied cyril quietly and the two looked at each other and knew that it was so,he wouldnt search so dont worry replied cyril quietly and the two looked at each other and knew that it was so,0.0,0.0,8.69,22
there in the cedar hollow then lived olive lord an angry resentful little creature weighed down by a fierce sense of injury,there in the cedar hollow then lived olive lord an angry resentful little creature weighed down by a fierce sense of injury,0.0,0.0,9.155,22
olives mournful black eyes met nancys sparkling brown ones,olives mournful black eyes met nancys sparkling brown ones,0.0,0.0,4.755,9
nancys curly chestnut crop shone in the sun and olives thick black plaits looked blacker by contrast,nancys curly chestnut crop shone in the sun and olives thick black plates looked blacker by contrast,0.0588,0.02,7.49,17
shes wonderful more wonderful than anybody weve ever seen anywhere and she draws better than the teacher in charlestown,she is wonderful more wonderful than anybody weve ever seen anywhere and she draws better than the teacher in charlestown,0.1053,0.0168,8.23,19
shes older than i am but so tiny and sad and shy that she seems like a child,shes older than i am but so tiny and sad and shy that she seems like a child,0.0,0.0,6.45,18
but the more forgetfulness had then prevailed the more powerful was the force of remembrance when she awoke,but the more forgetfulness had then prevailed the more powerful was the force of remembrance when she awoke,0.0,0.0,6.645,18
miss milners health is not good,miss milners health is not good,0.0,0.0,2.71,6
said missus horton a few minutes after,said misses horton a few minutes after,0.1429,0.0263,3.12,7
so there is to me added sandford with a sarcastic sneer,so there is to me added sanford with a sarcastic sneer,0.0909,0.0182,4.645,11
and yet you must own her behaviour has warranted them has it not been in this particular incoherent and unaccountable,and yet you must own her behaviour has warranted them has it not been in this particular incoherent and unaccountable,0.0,0.0,8.06,20
not that i know of not one more that i know of he replied with astonishment at what she had insinuated and yet with a perfect assurance that she was in the wrong,not that i know of not one more that i know of he replied with astonishment at what she had insinuated and yet with a perfect assurance that she was in the wrong,0.0,0.0,10.74,33
perhaps i am mistaken answered she,perhaps i am mistaken answered she,0.0,0.0,2.965,6
to ask any more questions of you i believe would be unfair,to ask any more questions of you i believe would be unfair,0.0,0.0,4.045,12
he seemed to wait for her reply but as she made none he proceeded,he seemed to wait for her reply but as she made none he proceeded,0.0,0.0,4.91,14
oh my lord cried miss woodley with a most forcible accent you are the last person on earth she would pardon me for entrusting,oh my lord cried miss woodley with a most forcible accent you are the last person on earth she would pardon me for entrusting,0.0,0.0,8.395,24
but in such a case miss milners election of a husband shall not direct mine,but in such a case miss milners election of a husband shall not direct mine,0.0,0.0,5.0,15
if she does not know how to estimate her own value i do,if she does not know how to estimate her own value i do,0.0,0.0,4.225,13
independent of her fortune she has beauty to captivate the heart of any man and with all her follies she has a frankness in her manner an unaffected wisdom in her thoughts a vivacity in her conversation and withal a softness in her demeanour that might alone engage the affections of a man of the nicest sentiments and the strongest understanding,independent of her fortune she has beauty to captivate the heart of any man and with all her follies she has a frankness in her manner an unaffected wisdom in her thoughts a vivacity in her conversation and withal a softness in her demeanour that might alone engage the affections of a man of the nicest sentiments and the strongest understanding,0.0,0.0,21.735,61
my lord miss milners taste is not a depraved one it is but too refined,my lord miss milners taste is not a depraved one it is but too refined,0.0,0.0,6.63,15
what can you mean by that miss woodley you talk mysteriously,what can you mean by that miss woodley you talk mysteriously,0.0,0.0,4.535,11
is she not afraid that i will thwart her inclinations,is she not afraid that i will thwart her inclinations,0.0,0.0,3.675,10
again he searched his own thoughts nor ineffectually as before,again he searched his own thoughts nor ineffectually as before,0.0,0.0,4.495,10
miss woodley was too little versed in the subject to know this would have been not to love at all at least not to the extent of breaking through engagements and all the various obstacles that still militated against their union,miss woodley was too little versed in the subject to know this would have been not to love at all at least not to the extent of breaking through engagements and all the various obstacles that still mitigated against their union,0.0244,0.0088,14.315,41
to relieve her from both he laid his hand with force upon his heart and said do you believe me,to relieve her from both he laid his hand with force upon his heart and said do you believe me,0.0,0.0,6.575,20
i will make no unjust use of what i know he replied with firmness i believe you my lord,i will make no unjust use of what i know he replied with firmness i believe you my lord,0.0,0.0,6.585,19
i have never yet however been vanquished by them and even upon this occasion my reason shall combat them to the last and my reason shall fail me before i do wrong,i have never yet however been vanquished by them and even upon this occasion my reason shall combat them to the last and my reason shall fail me before i do wrong,0.0,0.0,10.42,32
natty harmon tried the kitchen pump secretly several times during the evening for the water had to run up hill all the way from the well to the kitchen sink and he believed this to be a continual miracle that might give out at any moment,natty harmon tried the kitchen pump secretly several times during the evening for the water had to run uphill all the way from the well to the kitchen sink and he believed this to be a continual miracle that might give out at any moment,0.0435,0.0042,14.36,46
to night there was no need of extra heat and there were great ceremonies to be observed in lighting the fires on the hearthstones,to night there was no need of extra heat and there were great ceremonies to be observed in lighting the fires on the hearthstones,0.0,0.0,8.31,24
they began with the one in the family sitting room colonel wheeler ralph thurston mister and missus bill harmon with natty and rufus mister and missus popham with digby and lallie joy all standing in admiring groups and thrilling with delight at the order of events,they began with the one in the family sitting room colonel wheeler ralph thurston mister and misses bill harmon with natty and ruffus mister and misses popham with digby and lally joy all standing in admiring groups and thrilling with delight at the order of events,0.087,0.0189,17.745,46
kathleen waved the torch to and fro as she recited some beautiful lines written for some such purpose as that which called them together to night,kathleen waved the torch to and fro as she recited some beautiful lines written for some such purpose as that which called them together to night,0.0,0.0,9.24,26
burn fire burn flicker flicker flame,burn fire burn flicker flicker flame,0.0,0.0,3.7,6
next came olives turn to help in the ceremonies,next came olives turn to help in the ceremonies,0.0,0.0,3.73,9
ralph thurston had found a line of latin for them in his beloved horace tibi splendet focus for you the hearth fire shines,ralph thurston had found a line of latin for them in his beloved horrants tibi splendet focus for you the hearth fire shines,0.0435,0.0328,10.37,23
olive had painted the motto on a long narrow panel of canvas and giving it to mister popham stood by the fireside while he deftly fitted it into the place prepared for it,olive had painted the motto on a long narrow panel of canvas and giving it to mister popham stood by the fireside while he deftly fitted it into the place prepared for it,0.0,0.0,11.415,33
olive has another lovely gift for the yellow house said mother carey rising and to carry out the next part of the programme we shall have to go in procession upstairs to my bedroom,olive has another lovely gift for the yellow house said mother carey rising and to carry out the next part of the programme we shall have to go in procession upstairs to my bedroom,0.0,0.0,11.82,34
exclaimed bill harmon to his wife as they went through the lighted hall,exclaimed bill harmon to his wife as they went through the lighted hall,0.0,0.0,4.355,13
aint they the greatest,aint they the greatest,0.0,0.0,2.14,4
mother carey poured coffee nancy chocolate and the others helped serve the sandwiches and cake doughnuts and tarts,mother carrie poured coffee nancy chocolate and the others helped serve the sandwiches and cake donuts and tarts,0.1111,0.0526,7.84,18
at that moment the gentleman entered bearing a huge object concealed by a piece of green felt,at that moment the gentleman entered bearing a huge object concealed by a piece of green fell,0.0588,0.0108,6.73,17
approaching the dining table he carefully placed the article in the centre and removed the cloth,approaching the dining table he carefully placed the article in the centre and removed the cloth,0.0,0.0,6.02,16
thinks i to myself i never seen anything osh popham couldnt mend if he took time enough and glue enough so i carried this little feller home in a bushel basket one night last month an ive spent eleven evenins puttin him together,thinks i o myself i never seen anything osh popum couldnt mend if he took time enough and glue enough so i carried this little feller home in a bushel basket one night last month and ive spent eleven evenings puttin him together,0.093,0.0219,15.21,43
missus harmon thought he sang too much and told her husband privately that if he was a canary bird she should want to keep a table cover over his head most of the time but he was immensely popular with the rest of his audience,misses harmon thought he sang too much and told her husband privately that if he was a canary bird she should want to keep a table cover over his head most of the time but he was immensely popular with the rest of his audience,0.0222,0.0044,12.44,45
the face of the mahogany shone with delight and why not when it was doing everything almost everything within the scope of a piano and yet the family had enjoyed weeks of good nourishing meals on what had been saved by its exertions,the face of the mahogany shone with delight and why not when it was doing everything almost everything within the scope of a piano and yet the family had enjoyed weeks of good nourishing meals on what had been saved by its exertions,0.0,0.0,15.76,43
we shut our eyes the flowers bloom on we murmur but the corn ears fill we choose the shadow but the sun that casts it shines behind us still,we shut our eyes the flowers bloom on we murmur but the corniors fill we choose the shadow but the sun that cast it shines behind us still,0.1034,0.0286,10.895,29
he began a confused complaint against the wizard who had vanished behind the curtain on the left,he began a confused complaint against the wizard who had vanished behind the curtain on the left,0.0,0.0,4.905,17
give not so earnest a mind to these mummeries child,give not so earnest a mind to these mummies child,0.1,0.0392,3.61,10
a golden fortune and a happy life,a golden fortune and a happy life,0.0,0.0,2.97,7
he was like unto my father in a way and yet was not my father,he was like unto my father in a way and yet was not my father,0.0,0.0,4.315,15
also there was a stripling page who turned into a maid,also there was a stripling page who turned into a maid,0.0,0.0,3.885,11
this was so sweet a lady sir and in some manner i do think she died,this was so sweet a lady sir and in some manner i do think she died,0.0,0.0,5.07,16
but then the picture was gone as quickly as it came,but then the picture was gone as quickly as it came,0.0,0.0,2.935,11
sister nell do you hear these marvels,sister nell do you hear these marvels,0.0,0.0,3.55,7
take your place and let us see what the crystal can show to you,take your place and let us see what the crystal can show to you,0.0,0.0,3.535,14
like as not young master though i am an old man,like as not young master though i am an old man,0.0,0.0,4.51,11
forthwith all ran to the opening of the tent to see what might be amiss but master will who peeped out first needed no more than one glance,forthwith all ran to the opening of the tent to see what might be amiss but master will who peeped out first needed no more than one glance,0.0,0.0,8.295,28
he gave way to the others very readily and retreated unperceived by the squire and mistress fitzooth to the rear of the tent,he gave way to the others very readily and retreated unperceived by the squire and mistress fitzooth to the rear of the tent,0.0,0.0,6.375,23
cries of a nottingham a nottingham,cries of a nottingham a nottingham,0.0,0.0,2.61,6
before them fled the stroller and his three sons capless and terrified,before them fled the stroller and his three sons capless and terrified,0.0,0.0,4.45,12
what is the tumult and rioting cried out the squire authoritatively and he blew twice on a silver whistle which hung at his belt,what is the tumult and rioting cried out the squire authoritatively and he blew twice on the silver whistle which hung at his belt,0.0417,0.0234,7.485,24
nay we refused their request most politely most noble said the little stroller,nay we refused their request most politely most noble said the little stroller,0.0,0.0,5.375,13
and then they became vexed and would have snatched your purse from us,and then they became vexed and would have snatched your purse from us,0.0,0.0,3.72,13
i could not see my boy injured excellence for but doing his duty as one of cumberlands sons,i could not see my boy injured excellence for but doing his duty as one of cumberlands sons,0.0,0.0,5.11,18
so i did push this fellow,so i did push this fellow,0.0,0.0,2.405,6
it is enough said george gamewell sharply and he turned upon the crowd,it is enough said george gamewell sharply as he turned upon the crowd,0.0769,0.0286,5.475,13
shame on you citizens cried he i blush for my fellows of nottingham,shame on you citizens cried he i blush for my fellows of nottingham,0.0,0.0,5.105,13
surely we can submit with good grace,surely we can submit with good grace,0.0,0.0,2.69,7
tis fine for you to talk old man answered the lean sullen apprentice,tis fine for you to talk old man answered the lean sullen apprentice,0.0,0.0,4.67,13
but i wrestled with this fellow and do know that he played unfairly in the second bout,but i wrestled with this fellow and do know that he played unfairly in the second bout,0.0,0.0,5.025,17
spoke the squire losing all patience and it was to you that i gave another purse in consolation,spoke the squire losing all patience and it was to you that i gave another person consolation,0.1111,0.0421,6.025,18
come to me men here here he raised his voice still louder,come to me men here here he raised his voice still louder,0.0,0.0,4.41,12
the strollers took their part in it with hearty zest now that they had some chance of beating off their foes,the strollers took their part in it with hearty zest now that they had some chance of beating off their foes,0.0,0.0,4.92,21
robin and the little tumbler between them tried to force the squire to stand back and very valiantly did these two comport themselves,robin and the little tumbler between them tried to force the squire to stand back and very valiantly did these two comport themselves,0.0,0.0,6.87,23
the head and chief of the riot the nottingham apprentice with clenched fists threatened montfichet,the head in chief of the riot the nottingham apprenticed with clenched fists threatened montfichet,0.1333,0.0306,5.355,15
the squire helped to thrust them all in and entered swiftly himself,the squire helped to thrust them all in and entered swiftly himself,0.0,0.0,3.495,12
now be silent on your lives he began but the captured apprentice set up an instant shout,now be silent on your lives he began but the captured apprentice set up an instant shout,0.0,0.0,5.685,17
silence you knave cried montfichet,silence you knave cried montfichet,0.0,0.0,2.925,5
he felt for and found the wizards black cloth the squire was quite out of breath,he felt for and found the wizards black cloth the squire was quite out of breath,0.0,0.0,4.28,16
thrusting open the proper entrance of the tent robin suddenly rushed forth with his burden with a great shout,thrusting open the proper entrance of the tent robin suddenly rushed forth with his burden with a great shout,0.0,0.0,5.685,19
a montfichet a montfichet gamewell to the rescue,a montfichet a montfichet game well to the rescue,0.25,0.0208,4.23,8
taking advantage of this the squires few men redoubled their efforts and encouraged by robins and the little strollers cries fought their way to him,taking advantage of this the squires few men redoubled their efforts and encouraged by robins and the little strollers cries fought their way to him,0.0,0.0,7.95,25
george montfichet will never forget this day,george montfichet will never forget this day,0.0,0.0,2.935,7
what is your name lording asked the little stroller presently,what is your name lording asked the little stroller presently,0.0,0.0,4.315,10
robin fitzooth,robin fitzouth,0.5,0.0714,2.05,2
and mine is will stuteley shall we be comrades,and mine is will stutley shall we be comrades,0.1111,0.0217,3.805,9
right willingly for between us we have won the battle answered robin,right willingly for between us we have won the battle answered robin,0.0,0.0,3.95,12
i like you will you are the second will that i have met and liked within two days is there a sign in that,i like you will you are the second will that i have met and liked within two days is there a sign in that,0.0,0.0,6.825,24
montfichet called out for robin to give him an arm,montfichet called out for robin to give him an arm and,0.1,0.08,2.785,10
friends said montfichet faintly to the wrestlers bear us escort so far as the sheriffs house,friends said montfichet faintly to the wrestlers bear us escort so far as the sheriffs house,0.0,0.0,6.735,16
it will not be safe for you to stay here now,it will not be safe for you to stay here now,0.0,0.0,2.77,11
pray follow us with mine and my lord sheriffs men,pray follow us with mine and my lord sheriffs men,0.0,0.0,3.475,10
nottingham castle was reached and admittance was demanded,nottingham castle was reached and admittance was demanded,0.0,0.0,3.55,8
master monceux the sheriff of nottingham was mightily put about when told of the rioting,master monceau the sheriff of nottingham was mightily put about when told of the rioting,0.0667,0.0227,4.775,15
and henry might return to england at any moment,and henry might return to england at any moment,0.0,0.0,3.02,9
have your will child if the boy also wills it montfichet answered feeling too ill to oppose anything very strongly just then,have your will child if the boy also wills it montfichet answered feeling too ill to oppose anything very strongly just then,0.0,0.0,8.25,22
he made an effort to hide his condition from them all and robin felt his fingers tighten upon his arm,he made an effort to hide his condition from them all and robin felt his fingers tighten upon his arm,0.0,0.0,5.58,20
beg me a room of the sheriff child quickly,beg me a room of the sheriff child quickly,0.0,0.0,3.135,9
but who is this fellow plucking at your sleeve,but who is this fellow plucking at your sleeve,0.0,0.0,2.65,9
he is my esquire excellency returned robin with dignity,he is my esquire excellency returned robin with dignity,0.0,0.0,4.22,9
mistress fitzooth had been carried off by the sheriffs daughter and her maids as soon as they had entered the house so that robin alone had the care of montfichet,mistress fitzooth had been carried off by the sheriffs daughter and her maids as soon as they had entered the house so that robin alone had the care of mount vichet,0.0667,0.0185,7.86,30
robin was glad when at length they were left to their own devices,robin was glad when at length they were left to their own devices,0.0,0.0,3.965,13
the wine did certainly bring back the color to the squires cheeks,the wine did certainly bring back the colour to the squires cheeks,0.0833,0.0154,3.565,12
these escapades are not for old gamewell lad his day has come to twilight,these escapades are not for old gamewell lad his day has come to twilight,0.0,0.0,5.065,14
will you forgive me now,will you forgive me now,0.0,0.0,1.82,5
it will be no disappointment to me,itll be no disappointment to me,0.2857,0.0882,2.17,7
no thanks i am glad to give you such easy happiness,no thanks i am glad to give you such easy happiness,0.0,0.0,3.735,11
you are a worthy leech will presently whispered robin the wine has worked a marvel,you are a worthy leech will presently whispered robin the wine has worked a marvel,0.0,0.0,5.53,15
ay and show you some pretty tricks,aye and show you some pretty tricks,0.1429,0.0294,2.555,7
young fitzooth had been commanded to his mothers chamber so soon as he had come out from his converse with the squire,young fitzooth had been commanded to his mothers chamber so soon as he had come out from his converse with the squire,0.0,0.0,6.075,22
there befell an anxious interview mistress fitzooth arguing for and against the squires project in a breath,there befell an anxious interview mistress fitzsooth arguing for and against the squires project in a breath,0.0588,0.0093,6.155,17
most of all robin thought of his father what would he counsel,most of all robin thought of his father what would he counsel,0.0,0.0,4.165,12
if for a whim you beggar yourself i cannot stay you,if for a whim you beggar yourself i cannot stay you,0.0,0.0,3.835,11
but take it whilst i live and wear montfichets shield in the days when my eyes can be rejoiced by so brave a sight for you will neer disgrace our scutcheon i warrant me,but take it whilst i live and wear montfichets shield in the days when my eyes can be rejoiced by so brave a sight for you will neer disgrace our stutcheon i warrant me,0.0294,0.006,10.515,34
the lad had checked him then,the lad had checked him then,0.0,0.0,2.02,6
never that sir he had said,never that sir he had said,0.0,0.0,2.335,6
he was in deep converse with the clerk and entered the hall holding him by the arm,he was in deep converse with the clerk and entered the hall holding him by the arm,0.0,0.0,4.485,17
now to bed boy,now to bed boy,0.0,0.0,2.15,4
tis late and i go myself within a short space,tis late and i go myself within a short space,0.0,0.0,3.405,10
dismiss your squire robin and bid me good e e n,dismiss your squire robin and bid me good eatin,0.2727,0.0638,3.045,11
as any in england i would say said gamewell proudly that is in his day,as any in england i would say said gamewell proudly that is in his day,0.0,0.0,6.075,15
yet he will teach you a few tricks when morning is come,yet he will teach you a few tricks when morning is come,0.0,0.0,3.135,12
there was no chance to alter his sleeping room to one nearer to gamewells chamber,there was no chance to alter his sleeping room to one nearer to gainwells chamber,0.0667,0.0247,4.35,15
presently he crossed the floor of his room with decided step,presently he crossed the floor of his room with decided step,0.0,0.0,3.405,11
will cried he softly and stuteley who had chosen his couch across the door of his young masters chamber sprang up at once in answer,will cried he softly and stutley who had chosen his couch across the door of his young masters chamber sprang up at once in answer,0.04,0.0076,8.415,25
we will go out together to the bower there is a way down to the court from my window,we will go out together to the bower there is a way down to the court from my window,0.0,0.0,4.37,19
rest and be still until i warn you,rest and be still until i warn you,0.0,0.0,2.55,8
the hours passed wearily by and movement could yet be heard about the hall,the hours passed wearily by and movement could yet be heard about the hall,0.0,0.0,4.6,14
at last all was quiet and black in the courtyard of gamewell,at last all was quiet and black in the courtyard of gamewell,0.0,0.0,3.78,12
will whispered robin opening his door as he spoke are you ready,will whispered robin opening his door as he spoke are you ready,0.0,0.0,5.025,12
they then renewed their journey and under the better light made a safe crossing of the stable roofs,they then renewed their journey and under the better light made a safe crossing of the stable roofs,0.0,0.0,5.405,18
robin entered the hut dragging the unwilling esquire after him,robin entered the hut dragging the unwilling esquire after him,0.0,0.0,3.97,10
be not so foolish friend said fitzooth crossly,be not so foolish friend said fitz uth crossly,0.25,0.0435,3.705,8
they moved thereafter cautiously about the hut groping before and about them to find something to show that warrenton had fulfilled his mission,they moved thereafter cautiously about the hut groping before and about them to find something to show that the warranton had fulfilled his mission,0.087,0.035,7.235,23
they were upon the verge of an open trap in the far corner of the hut and stuteley had tripped over the edge of the reversed flap mouth of this pit,they were upon the verge of an open trap in the far corner of the hut and stutley had tripped over the edge of the reversed flap mouth of this pit,0.0323,0.0068,7.435,31
fitzooths hand rested at last upon the top rung of a ladder and slowly the truth came to him,fitzooths hand rested at last upon the top rung of a ladder and slowly the truth came to him,0.0,0.0,5.475,19
robin carefully descended the ladder and found himself soon upon firm rocky ground,robin carefully descended the ladder and found himself soon upon firm rocky ground,0.0,0.0,5.08,13
stuteley was by his side in a flash and then they both began feeling about them to ascertain the shape and character of this vault,stutley was by his side in a flash and then they both began feeling about them to ascertain the shape and character of this vault,0.04,0.0077,6.55,25
from the blackness behind the light they heard a voice warrentons,from the blackness behind the light they heard a voice warrantons,0.0909,0.0154,4.03,11
save me masters but you startled me rarely,save me masters but you startled me rarely,0.0,0.0,3.24,8
cried he waving the lanthorn before him to make sure that these were no ghosts in front of him,cried he waving the lantern before him to make sure that these were no ghosts in front of him,0.0526,0.0213,5.135,19
enquired robin with his suspicions still upon him,inquired robin with his suspicion still upon him,0.25,0.0408,3.135,8
truly such a horse should be worth much in nottingham fair,truly such a horse would be worth much in nottingham fair,0.0909,0.0345,3.42,11
nay nay lording answered warrenton with a half laugh,nay nay lording answered warrington with a half laugh,0.1111,0.0385,4.485,9
warrenton spoke thus with significance to show robin that he was not to think geoffreys claims to the estate would be passed by,warrington spoke thus with significance to show robin that he was not to think geoffreys claims to the estate would be passed by,0.0435,0.0157,7.405,23
robin fitzooth saw that his doubts of warrenton had been unfair and he became ashamed of himself for harboring them,robin fitzooth saw that his doubts of warranton had been unfair and he became ashamed of himself for harbouring them,0.1,0.0174,6.785,20
his tones rang pleasantly on warrentons ears and forthwith a good fellowship was heralded between them,his tones rang pleasantly on warrantons ears and forthwith the good fellowship was heralded between them,0.125,0.0392,5.98,16
the old servant told him quietly as they crept back to gamewell that this passage way led from the hut in the pleasance to sherwood and that geoffrey for the time was hiding with the outlaws in the forest,the old servant told him quietly as they crept back to gamewell that this passageway led from the hut in the pleasants to sherwood and that geoffrey for the time was hiding with the outlaws in the forest,0.0769,0.0147,10.4,39
he implores us to be discreet as the grave in this matter for in sooth his life is in the hollow of our hands,he implores us to be discreet as the grave in this matter for in sooth his life is in the hollow of our hands,0.0,0.0,6.665,24
they regained their apartment apparently without disturbing the household of gamewell,they regained their apartment apparently without disturbing the household of gainwell,0.0909,0.0235,4.165,11
brighter than early dawns most brilliant dye are blown clear bands of color through the sky that swirl and sweep and meet to break and foam like rainbow veils upon a bubbles dome,brighter than early dawns most brilliant dye are blown clear bands of colour through the sky that swirl and sweep and meet to break and foam like rainbow veils upon a bubbles dome,0.0303,0.0056,14.9,33
guided by you how we might stroll towards death our only music one anothers breath through gardens intimate with hollyhocks where silent poppies burn between the rocks by pools where birches bend to confidants above green waters scummed with lily plants,guided by you how we might stroll towards death our only music one anothers breath through gardens intimate with hollyhocks where silent poppies burn between the rocks by pools where birches bend to confidants above green waters scummed with lily plants,0.0,0.0,20.82,41
venice,venice,0.0,0.0,1.81,1
in a sunset glowing of crimson and gold she lies the glory of the world a beached kings galley whose sails are furled who is hung with tapestries rich and old,in a sunset glowing of crimson and gold she lies the glory of the world a beached kings galley whose sails are furled who is hung with tapestries rich and old,0.0,0.0,14.58,31
the pity that we must come and go,the pity that we must come and go,0.0,0.0,3.245,8
while the old gold and the marble stays forever gleaming its soft strong blaze calm in the early evening glow,while the old gold and the marble stays forever gleaming its soft strong blaze calm in the early evening glow,0.0,0.0,9.575,20
the pleasant graveyard of my soul with sentimental cypress trees and flowers is filled that i may stroll in meditation at my ease,the pleasant graveyard of my soul with sentimental cypress trees and flowers is filled that i may stroll in meditation at my ease,0.0,0.0,10.18,23
it is my heart hung in the sky and no clouds ever float between the grave flowers and my heart on high,it is my heart hung in the sky and no clouds ever float between the grave flowers and my heart on high,0.0,0.0,8.405,22
over the track lined city street the young men the grinning men pass,over the track lined city street the young men the grinning men pass,0.0,0.0,6.025,13
ho ye sails that seem to wander in dream filled meadows say is the shore where i stand the only field of struggle or are ye hit and battered out there by waves and wind gusts as ye tack over a clashing sea of watery echoes,ho ye sails that seem to wander in dream filled meadows say is the shore where i stand the only field of struggle or are ye hit and battered out there by waves and wind gusts as ye tack over a clashing sea of watery echoes,0.0,0.0,17.965,46
old dances are simplified of their yearning bleached by time,old dances are simplified of their yearning bleached by time,0.0,0.0,5.77,10
he had got into her courtyard,he had got into her courtyard,0.0,0.0,3.08,6
through the black night rain he sang to her window bars,through the black night rain he sang to her window bars,0.0,0.0,5.17,11
that was but rustling of dripping plants in the dark,that was but rustling of tripping plants in the dark,0.1,0.0192,4.185,10
she was alone that night,she was alone that night,0.0,0.0,2.435,5
he had broken into her courtyard,he had broken into her courtyard,0.0,0.0,2.85,6
then he rushed down stairs into the courtyard shouting loudly for his soldiers and threatening to patch everybody in his dominions if the sailorman was not recaptured,then he rushed downstairs into the courtyard shouting loudly for his soldiers and threatening to patch everybody in his dominions if the sailor man was not recaptured,0.1481,0.012,9.605,27
hold him fast my men and as soon as ive had my coffee and oatmeal ill take him to the room of the great knife and patch him,hold him fast my men and as soon as ive had my coffee and oatmeal ill take him to the room of the great knife and patch him,0.0,0.0,8.61,28
i wouldnt mind a cup o coffee myself said capn bill ive had considble exercise this mornin and im all ready for breakfas,i wouldnt mind a cup of coffee myself said captain bill i have had considerable exercise this morning and im all ready for breakfast,0.3043,0.1,8.025,23
but capn bill made no such attempt knowing it would be useless,but captain bill made no such attempt knowing it would be useless,0.0833,0.0484,4.415,12
as soon as they entered the room of the great knife the boolooroo gave a yell of disappointment,as soon as they entered the room of the great knife the booleroo gave a yell of disappointment,0.0556,0.0211,5.485,18
the room of the great knife was high and big and around it ran rows of benches for the spectators to sit upon,the room of the great knife was high and big and around it ran rows of benches for the spectators to sit upon,0.0,0.0,6.83,23
in one place at the head of the room was a raised platform for the royal family with elegant throne chairs for the king and queen and six smaller but richly upholstered chairs for the snubnosed princesses,in one place at the head of the room was a raised platform for the royal family with elegant throne chairs for the king and queen and six smaller but richly upholstered chairs for the snow nosed princesses,0.0541,0.0147,12.955,37
therefore her majesty paid no attention to anyone and no one paid any attention to her,therefore her majesty paid no attention to any one and no one paid any attention to her,0.125,0.0116,6.365,16
rich jewels of blue stones glittered upon their persons and the royal ladies were fully as gorgeous as they were haughty and overbearing,rich jewels of blue stones glittered upon their persons and the royal ladies were fully as gorgeous as they were haughty and overbearing,0.0,0.0,8.39,23
mornin girls hope ye feel as well as ye look,morning girls hope ye feel as well as ye look said,0.2,0.1364,3.275,10
control yourselves my dears replied the boolooroo the worst punishment i know how to inflict on anyone this prisoner is about to suffer youll see a very pretty patching my royal daughters,control yourselves my dears replied the booleroo the worst punishment i know how to inflict on any one this prisoner is about to suffer you will see a very pretty patching my royal daughters,0.1562,0.0321,12.93,32
suppose its a friend,suppose its a friend,0.0,0.0,1.955,4
the captain shook his head,the captain shook his head,0.0,0.0,2.275,5
why you said to fetch the first living creature we met and that was this billygoat replied the captain panting hard as he held fast to one of the goats horns,why you said to fetch the first living creature we met and that was the spilly goat replied the captain panting hard as he held fast to one of the goats horns,0.0968,0.0318,9.04,31
the idea of patching capn bill to a goat was vastly amusing to him and the more he thought of it the more he roared with laughter,the idea of patching captain bill to a goat was vastly amusing to him and the more he thought of it the more he roared with laughter,0.037,0.0233,8.47,27
they look something alike you know suggested the captain of the guards looking from one to the other doubtfully and theyre nearly the same size if you stand the goat on his hind legs theyve both got the same style of whiskers and theyre both of em obstinate and dangerous so they ought to make a good patch splendid,they look something alike you know suggested the captain of the guards looking from one to the other doubtfully and theyre nearly the same size if you stand the boat on his hind legs theyve both got the same style of whiskers and theyre both of them obstinate and dangerous so they ought to make a good patch splendid for,0.0508,0.0222,19.755,59
fine glorious,fine glorious,0.0,0.0,2.11,2
when this had been accomplished the boolooroo leaned over to try to discover why the frame rolled away seemingly of its own accord and he was the more puzzled because it had never done such a thing before,when this had been accomplished the booleroo leaned over to try to discover why the frame rolled away seemingly of its own accord and he was the more puzzled because it had never done such a thing before,0.0263,0.0098,11.62,38
at once the goat gave a leap escaped from the soldiers and with bowed head rushed upon the boolooroo,at once the goat gave a leap escaped from the soldiers and with bowed head rushed upon the booleroo,0.0526,0.02,5.46,19
before any could stop him he butted his majesty so furiously that the king soared far into the air and tumbled in a heap among the benches where he lay moaning and groaning,before any could stop him he butted his majesty so furiously that the king soared far into the air and tumbled in a heap among the benches where he lay moaning and groaning,0.0,0.0,10.28,33
the goats warlike spirit was roused by this successful attack,the goats warlike spirit was roused by this successful attack,0.0,0.0,4.09,10
then they sped in great haste for the door and the goat gave a final butt that sent the row of royal ladies all diving into the corridor in another tangle whereupon they shrieked in a manner that terrified everyone within sound of their voices,then they sped in great haste for the door and the goat gave a final butt that sent the row of royal ladies all diving into the corridor in another tangle whereupon they shrieked in a manner that terrified every one within sound of their voices,0.0444,0.0041,13.175,45
i had a notion it was you mate as saved me from the knife,i had a notion it was you mate as save me from the knife,0.0714,0.0175,3.56,14
i couldnt shiver much bein bound so tight but when im loose i mean to have jus one good shiver to relieve my feelins,i couldnt shiver much being bound so tight but when im loose i mean to have jest one good shiver to relieve my feelings,0.125,0.0345,7.155,24
come and get the boolooroo she said going toward the benches,come and get the booleroo she said going toward the benches,0.0909,0.0333,4.635,11
so they were quite willing to obey the orders of their girl queen and in a short time the blasts of trumpets and roll of drums and clashing of cymbals told trot and capn bill that the blue bands had assembled before the palace,so they were quite willing to obey the orders of their girl queen and in a short time the blast of trumpets and roll of drums and clashing of cymbals told trot and captain bill that the blue bands had assembled before the palace,0.0455,0.0177,12.04,44
then they all marched out a little way into the fields and found that the army of pinkies had already formed and was advancing steadily toward them,then they all marched out a little way into the fields and found that the army of pinkies had already formed and was advancing steadily toward them,0.0,0.0,8.63,27
at the head of the pinkies were ghip ghisizzle and button bright who had the parrot on his shoulder and they were supported by captain coralie and captain tintint and rosalie the witch,at the head of the pinkies were gipgasizzle and button bright who had the parrot on his shoulder and they were supported by captain coralie and captain tintent and rosalie the witch,0.0909,0.0272,11.075,33
when the blueskins saw ghip ghisizzle they raised another great shout for he was the favorite of the soldiers and very popular with all the people,when the blueskin saw gipka sizzle they raised another great shout for he was the favourite of the soldiers and very popular with all the people,0.1538,0.0479,8.875,26
since last thursday i ghip ghisizzle have been the lawful boolooroo of the blue country but now that you are conquered by queen trot i suppose i am conquered too and you have no boolooroo at all,since last thursday i gipgisel have been the lawful booleroo of the blue country but now that you are conquered by queen trot i suppose i am conquered too and you have no booleroo at all,0.1081,0.0567,13.9,37
when he finished she said cheerfully,when he finished she said cheerfully,0.0,0.0,2.555,6
dont worry sizzle dear itll all come right pretty soon,dont worry sizzle dear itll all come right pretty soon,0.0,0.0,3.92,10
now then lets enter the city an enjoy the grand feast thats being cooked im nearly starved myself for this conquerin kingdoms is hard work,now then lets enter the city and enjoy the great feast thats being cooked im nearly starved myself for this conquering kingdoms is hard work,0.12,0.0362,9.31,25
then she gave rosalie back her magic ring thanking the kind witch for all she had done for them,then she gave rosalie back her magic ring thanking the kind witch for all she had done for them,0.0,0.0,6.135,19
you are mate replied the sailor,you are mate replied the sailor,0.0,0.0,3.27,6
it will be such a satisfaction,it will be such a satisfaction,0.0,0.0,2.51,6
the guards had a terrible struggle with the goat which was loose in the room and still wanted to fight but finally they subdued the animal and then they took the boolooroo out of the frame he was tied in and brought both him and the goat before queen trot who awaited them in the throne room of the palace,the guards had a terrible struggle with the goat which was loose in the room and still wanted to fight but finally they subdued the animal and then they took the booleroo out of the frame he was tied in and brought both him and the goat before queen trot who awaited them in the throne room of the palace,0.0167,0.0066,16.52,60
ill gladly do that promised the new boolooroo and ill feed the honorable goat all the shavings and leather and tin cans he can eat besides the grass,ill gladly do that promised the new boolaroo and ill feed the honorable goat all the shavings and leather and tin cans he can eat besides the grass,0.0357,0.0135,9.87,28
scuse me said trot i neglected to tell you that youre not the boolooroo any more,excuse me said trot i neglected to tell you that youre not the booleroo any more,0.125,0.05,5.775,16
the former boolooroo groaned,the former boolaroo groaned,0.25,0.0714,2.155,4
ill not be wicked any more sighed the old boolooroo ill reform,huh ill not be wicked any more sighed the old boolarooo ill reform,0.1667,0.1129,5.12,12
as a private citizen i shall be a model of deportment because it would be dangerous to be otherwise,as a private citizen i shall be a model of deportment because it would be dangerous to be otherwise,0.0,0.0,5.895,19
when first they entered the throne room they tried to be as haughty and scornful as ever but the blues who were assembled there all laughed at them and jeered them for there was not a single person in all the blue country who loved the princesses the least little bit,when first they entered the throne room they tried to be as haughty and scornful as ever but the blues who were assembled there all laughed at them and jeered them for there was not a single person in all the blue country who loved the princesses the least little bit,0.0,0.0,13.335,51
so ghip ghisizzle ordered the captain to take a file of soldiers and escort the raving beauties to their new home,so gipge sizzle ordered the captain to take a file of soldiers and escort the raving beauties to their new home,0.0952,0.0354,7.03,21
that evening trot gave a grand ball in the palace to which the most important of the pinkies and the blueskins were invited,that evening trot gave a grand ball in the palace to which the most important of the pinkies and the blueskins were invited,0.0,0.0,7.61,23
the combined bands of both the countries played the music and a fine supper was served,the combined bands of both the countries played the music and a fine supper was served,0.0,0.0,5.095,16
frank read english slowly and the more he read about this divorce case the angrier he grew,frank read english slowly and the more he read about this divorce case the angrier he grew,0.0,0.0,6.13,17
marie sighed,marie sighed,0.0,0.0,1.81,2
a brisk wind had come up and was driving puffy white clouds across the sky,a brisk wind had come up and was driving puffy white clouds across the sky,0.0,0.0,5.07,15
the orchard was sparkling and rippling in the sun,the orchard was sparkling and rippling in the sun,0.0,0.0,3.17,9
that invitation decided her,that invitation decided her,0.0,0.0,2.225,4
oh but im glad to get this place mowed,oh but im glad to get this place mowed,0.0,0.0,2.39,9
just smell the wild roses they are always so spicy after a rain,just smell the wild roses they are always so spicy after a rain,0.0,0.0,4.225,13
we never had so many of them in here before,we never had so many of them in here before said,0.1,0.1163,2.39,10
i suppose its the wet season will you have to cut them too,i suppose its the wet season will you have to cut them too,0.0,0.0,3.76,13
i suppose thats the wet season too then,i suppose thats the wet season too then,0.0,0.0,2.22,8
its exciting to see everything growing so fast and to get the grass cut,its exciting to see everything growing so fast and to get the grass cut,0.0,0.0,3.995,14
arent you splashed look at the spider webs all over the grass,arent you splashed look at the spider webs all over the grass,0.0,0.0,3.35,12
in a few moments he heard the cherries dropping smartly into the pail and he began to swing his scythe with that long even stroke that few american boys ever learn,in a few moments he heard the cherries dropping smartly into the pail and he began to swing his scythe with that long even stroke that few american boys ever learn,0.0,0.0,10.935,31
marie picked cherries and sang softly to herself stripping one glittering branch after another shivering when she caught a shower of raindrops on her neck and hair,marie picked cherries and sang softly to herself stripping one glittering branch after another shivering when she caught a shower of raindrops on her neck and hair,0.0,0.0,10.56,27
and emil mowed his way slowly down toward the cherry trees,and amiel mowed his way slowly down toward the cherry trees,0.0909,0.0345,4.25,11
that summer the rains had been so many and opportune that it was almost more than shabata and his man could do to keep up with the corn the orchard was a neglected wilderness,that summer the rains had been so many and opportune that it was almost more than shabata and his man could do to keep up with the corn the orchard was a neglected wilderness,0.0,0.0,10.815,34
i dont know all of them but i know lindens are,i dont know all of them but i know lindons are,0.0909,0.0217,3.16,11
if i feel that way i feel that way,if i feel that way i feel that way,0.0,0.0,2.18,9
he reached up among the branches and began to pick the sweet insipid fruit long ivory colored berries tipped with faint pink like white coral that fall to the ground unheeded all summer through,he reached up among the branches and began to pick the sweet insipid fruit long ivory coloured berries tipped with faint pink like white coral that fall to the ground unheeded all summer through,0.0294,0.0052,12.845,34
he dropped a handful into her lap,he dropped a handful into her lap,0.0,0.0,2.86,7
yes dont you,yes dont you,0.0,0.0,2.18,3
oh ever so much only he seems kind of staid and school teachery,oh ever so much only he seems kind of staid and school teachery,0.0,0.0,5.12,13
when she used to tell me about him i always wondered whether she wasnt a little in love with him,when she used to tell me about him i always wondered whether she wasnt a little in love with him,0.0,0.0,5.165,20
it would serve you all right if she walked off with carl,it would serve you all right if she walked off with carl,0.0,0.0,3.06,12
i like to talk to carl about new york and what a fellow can do there,i like to talk to carl about new york and what a fellow can do there,0.0,0.0,4.41,16
oh emil,oh emile,0.5,0.1429,1.63,2
surely you are not thinking of going off there,surely you are not thinking of going off there,0.0,0.0,3.05,9
maries face fell under his brooding gaze,maries face fell under his brooding gaze,0.0,0.0,3.27,7
im sure alexandra hopes you will stay on here she murmured,im sure alexandra hopes you will stay on here she murmured,0.0,0.0,4.525,11
i dont want to stand around and look on,i dont want to stand around and look on,0.0,0.0,2.065,9
i want to be doing something on my own account,i want to be doing something on my own account,0.0,0.0,2.78,10
sometimes i dont want to do anything at all and sometimes i want to pull the four corners of the divide together he threw out his arm and brought it back with a jerk so like a table cloth,sometimes i dont want to do anything at all and sometimes i want to pull the four corners of the divide together he threw out his arm and brought it back with a jerk so like a tablecloth,0.0513,0.0053,10.61,39
i get tired of seeing men and horses going up and down up and down,i get tired of seeing men and horses going up and down up and down,0.0,0.0,5.025,15
i wish you werent so restless and didnt get so worked up over things she said sadly,i wish you werent so restless and didnt get so worked up over things she said sadly,0.0,0.0,6.35,17
thank you he returned shortly,thank you he returned shortly,0.0,0.0,3.075,5
and you never used to be cross to me,and you never used to be cross to me,0.0,0.0,2.555,9
i cant play with you like a little boy any more he said slowly thats what you miss marie,i cant play with you like a little boy any more he said slowly thats what you miss marie,0.0,0.0,6.6,19
but emil if i understand then all our good times are over we can never do nice things together any more,but emil if i understand then all our good times are over we can never do nice things together any more,0.0,0.0,7.105,21
and anyhow theres nothing to understand,and anyhow theres nothing to understand,0.0,0.0,2.435,6
that wont last it will go away and things will be just as they used to,that wont last it will go away and things will be just as they used to,0.0,0.0,4.63,16
i pray for you but thats not the same as if you prayed yourself,i pray for you but thats not the same as if you prayed yourself,0.0,0.0,4.03,14
i cant pray to have the things i want he said slowly and i wont pray not to have them not if im damned for it,i cant pray to have the things i want he said slowly and i wont pray not to have them not if im damned for it,0.0,0.0,8.92,26
then all our good times are over,then all our good times are over,0.0,0.0,2.575,7
it is sixteen years since john bergson died,it is sixteen years since john bergson died,0.0,0.0,4.105,8
his wife now lies beside him and the white shaft that marks their graves gleams across the wheat fields,his wife now lies beside him and the white shaft that marks their graves gleams across the wheat fields,0.0,0.0,7.38,19
from the norwegian graveyard one looks out over a vast checker board marked off in squares of wheat and corn light and dark dark and light,from the norwegian graveyard one looks out over a vast checkerboard marked off in squares of wheat and corn light and dark dark and light,0.0769,0.0072,11.395,26
from the graveyard gate one can count a dozen gayly painted farmhouses the gilded weather vanes on the big red barns wink at each other across the green and brown and yellow fields,from the graveyard gate one can count a dozen gaily painted farmhouses the gilded weather vanes on the big red barns wink at each other across the green and brown and yellow fields,0.0303,0.0056,12.765,33
the air and the earth are curiously mated and intermingled as if the one were the breath of the other,the air and the earth are curiously mated and intermingled as if the one were the breath of the other,0.0,0.0,6.825,20
he was a splendid figure of a boy tall and straight as a young pine tree with a handsome head and stormy gray eyes deeply set under a serious brow,he was a splendid figure of a boy tall and straight as a young pine tree with a handsome head and stormy grey eyes deeply set under a serious brow,0.0333,0.0068,10.945,30
thats not much of a job for an athlete here ive been to town and back,thats not much of a job for an athlete here ive been to town and back,0.0,0.0,4.395,16
alexandra lets you sleep late,alexandra lets you sleep late,0.0,0.0,2.035,5
she gathered up her reins,she gathered up her reins,0.0,0.0,2.305,5
please wait for me marie emil coaxed,please wait for me marie amy coaxed,0.1429,0.0833,2.975,7
i never see lous scythe over here,i never see lous scythe over here,0.0,0.0,2.875,7
how brown youve got since you came home i wish i had an athlete to mow my orchard,how brown youve got since you came home i wish i had an athlete to mow my orchard,0.0,0.0,5.035,18
i get wet to my knees when i go down to pick cherries,i get wet to my knees when i go down to pick cherries,0.0,0.0,3.66,13
indeed he had looked away with the purpose of not seeing it,indeed he had looked away with the purpose of not seeing it,0.0,0.0,4.09,12
they think youre proud because youve been away to school or something,they think youre proud because youve been away to school or something,0.0,0.0,3.7,12
there was something individual about the great farm a most unusual trimness and care for detail,there was something individual about the great farm a most unusual trimness and care for detail,0.0,0.0,6.55,16
on either side of the road for a mile before you reached the foot of the hill stood tall osage orange hedges their glossy green marking off the yellow fields,on either side of the road for a mile before you reached the foot of the hill stood tall osage orange hedges their glossy green marking off the yellow fields,0.0,0.0,10.085,30
any one thereabouts would have told you that this was one of the richest farms on the divide and that the farmer was a woman alexandra bergson,any one thereabouts would have told you that this was one of the richest farms on the divide and that the farmer was a woman alexandra bergson,0.0,0.0,9.105,27
there is even a white row of beehives in the orchard under the walnut trees,there is even a white row of beehives in the orchard under the walnut trees,0.0,0.0,4.79,15
here she would stay comforted and soothed among the lovely plants and rich exotics rejoicing the heart of old turner the gardener who since pollys first rapturous entrance had taken her into his good graces for all time,here she would stay comforted and soothed among the lovely plants and rich exotics rejoicing the heart of old turner the gardener who since pollys first rapturous entrance had taken her into his good graces for all time,0.0,0.0,13.29,38
every chance she could steal after practice hours were over and after the clamorous demands of the boys upon her time were fully satisfied was seized to fly on the wings of the wind to the flowers,every chance she could steal after practice hours were over and after the clamorous demands of the boys upon her time were fully satisfied was seized to fly on the wings of the wind to the flowers,0.0,0.0,11.965,37
then dear said missus whitney you must be kinder to her than ever think what it would be for one of you to be away from home even among friends,then dear said misses whitney you must be kinder to her than ever think what it would be for one of you to be away from home even among friends,0.0333,0.007,8.92,30
somehow of all the days when the home feeling was the strongest this day it seemed as if she could bear it no longer,somehow of all the days when the home feeling was the strongest this day it seemed as if she could bear it no longer,0.0,0.0,6.56,24
if she could only see phronsie for just one moment,if she could only see phronsie for just one moment,0.0,0.0,3.295,10
oh shes always at the piano said van she must be there now somewhere and then somebody laughed,oh shes always at the piano said van she must be there now somewhere and then somebody laughed,0.0,0.0,6.51,18
at this the bundle opened suddenly and out popped phronsie,at this the bundle opened suddenly and out popped phronsie,0.0,0.0,6.15,10
but polly couldnt speak and if jasper hadnt caught her just in time she would have tumbled over backward from the stool phronsie and all,but polly couldnt speak and if jasper hadnt caught her just in time she would have tumbled over backward from the stool fronzy and all,0.04,0.0368,8.68,25
asked phronsie with her little face close to pollys own,asked phronsie with her little face close to pollys own,0.0,0.0,3.865,10
now youll stay cried van say polly wont you,now youll stay cried anne stay polly wont you,0.2222,0.093,3.97,9
oh you are the dearest and best mister king i ever saw but how did you make mammy let her come,oh you are the dearest and best mister king i ever saw but how did you make mammy let her come,0.0,0.0,6.24,21
isnt he splendid cried jasper in intense pride swelling up father knew how to do it,isnt he splendid cried jasper in intense pride swelling up father knew how to do it,0.0,0.0,6.71,16
there there he said soothingly patting her brown fuzzy head,there there he said soothingly patting her brown fuzzy head,0.0,0.0,4.45,10
i know gasped polly controlling her sobs i wont only i cant thank you,i know gasped polly controlling her sobs i wont only i cant thank you,0.0,0.0,6.815,14
asked phronsie in intense interest slipping down out of pollys arms and crowding up close to jaspers side,asked phronsie in intense interest slipping down out of pollys arms and crowding up close to jaspers side,0.0,0.0,6.79,18
yes all alone by himself asserted jasper vehemently and winking furiously to the others to stop their laughing he did now truly phronsie,yes all alone by himself asserted jasper vehemently and winking furiously to the others to stop their laughing he did now truly francie,0.0435,0.0294,9.34,23
oh no jasper i must go by my very own self,oh no japser i must go by my very own self,0.0909,0.0476,4.25,11
there jap youve caught it laughed percy while the others screamed at the sight of jaspers face,there jap youve caught it laughed percy while the others screamed at the sight of jaspers face,0.0,0.0,6.21,17
dont mind it polly whispered jasper twasnt her fault,dont mind it polly whispered jasper twasnt her fault,0.0,0.0,4.095,9
dear me ejaculated the old gentleman in the utmost amazement and such a time as ive had to get her here too,dear me ejaculated the old gentleman in the utmost amazement and such a time as ive had to get her here too,0.0,0.0,7.12,22
how did her mother ever let her go,how did her mother ever let her go,0.0,0.0,2.24,8
she asked impulsively i didnt believe you could persuade her father,she asked impulsively i didnt believe you could persuade her father,0.0,0.0,4.365,11
i didnt have any fears if i worked it rightly said the old gentleman complacently,i didnt have any fears if i worked it rightly said the old gentleman complacently,0.0,0.0,5.04,15
he cried in high dudgeon just as if he owned the whole of the peppers and could dispose of them all to suit his fancy,he cried in high dudgeon just as if he owned the whole of the peppers and could dispose of them all to suit his fancy,0.0,0.0,6.675,25
and the old gentleman was so delighted with his success that he had to burst out into a series of short happy bits of laughter that occupied quite a space of time,and the old gentleman was so delighted with his success that he had to burst out into a series of short happy bits of laughter that occupied quite a space of time,0.0,0.0,9.665,32
at last he came out of them and wiped his face vigorously,at last he came out of them and wiped his face vigorously,0.0,0.0,3.755,12
but already at a point in economic evolution far antedating the emergence of the lady specialised consumption of goods as an evidence of pecuniary strength had begun to work out in a more or less elaborate system,but already at a point in economic evolution far antedating the emergence of the lady specialized consumption of goods as an evidence of pecuniary strength had begun to work out in a more or less elaborate system,0.027,0.0047,12.085,37
the utility of consumption as an evidence of wealth is to be classed as a derivative growth,the utility of consumption as an evidence of wealth is to be classed as a derivative of growth,0.0588,0.033,5.675,17
such consumption as falls to the women is merely incidental to their work it is a means to their continued labour and not a consumption directed to their own comfort and fulness of life,such consumption as falls through the women is merely incidental to their work it is a means to their continued labour and not a consumption directed to their own comfort and fullness of life,0.0588,0.0324,10.615,34
with a further advance in culture this tabu may change into simple custom of a more or less rigorous character but whatever be the theoretical basis of the distinction which is maintained whether it be a tabu or a larger conventionality the features of the conventional scheme of consumption do not change easily,with a further advance in culture this taboo may change into simple custom of a more or less rigorous character but whatever be the theoretical basis of the distinction which is maintained whether it be a taboo or a larger conventionality the features of the conventional scheme of consumption do not change easily,0.0377,0.0128,19.025,53
in the nature of things luxuries and the comforts of life belong to the leisure class,in the nature of things luxuries and the comforts of life belong to the leisure class,0.0,0.0,5.33,16
under the tabu certain victuals and more particularly certain beverages are strictly reserved for the use of the superior class,under the taboo certain victuals and more particularly certain beverages are strictly reserved for the use of the superior class,0.05,0.0157,8.405,20
drunkenness and the other pathological consequences of the free use of stimulants therefore tend in their turn to become honorific as being a mark at the second remove of the superior status of those who are able to afford the indulgence,drunkenness and the other pathological consequences of the free use of stimulants therefore tend in their turn to become honorific as being a mark at the second remove of the superior status of those who are able to afford the indulgence,0.0,0.0,14.505,41
it has even happened that the name for certain diseased conditions of the body arising from such an origin has passed into everyday speech as a synonym for noble or gentle,it has even happened that the name for certain diseased conditions of the body arising from such an origin has passed into everyday speech as a synonym for noble or gentle,0.0,0.0,10.545,31
the consumption of luxuries in the true sense is a consumption directed to the comfort of the consumer himself and is therefore a mark of the master,the consumption of luxuries in the true sense is a consumption directed to the comfort of the consumer himself and is therefore a mark of the master,0.0,0.0,9.495,27
with many qualifications with more qualifications as the patriarchal tradition has gradually weakened the general rule is felt to be right and binding that women should consume only for the benefit of their masters,with many qualifications with more qualifications as the patriarchal tradition has gradually weakened the general rule is felt to be right and binding that women should consume only for the benefit of their masters,0.0,0.0,12.605,34
the objection of course presents itself that expenditure on womens dress and household paraphernalia is an obvious exception to this rule but it will appear in the sequel that this exception is much more obvious than substantial,the objection of course presents itself that expenditure on womens stress and household paraphernalia is an obvious exception to this rule but it will appear in the sequel that this exception is much more obvious than substantial,0.027,0.0088,13.005,37
the custom of festive gatherings probably originated in motives of conviviality and religion these motives are also present in the later development but they do not continue to be the sole motives,the custom of festive gatherings probably originated in motives of conviviality and religion these motives are also present in the later development but they do not continue to be the sole motives,0.0,0.0,11.03,32
there is a more or less elaborate system of rank and grades,there is a more or less elaborate system of rank and rates,0.0833,0.0339,3.205,12
this differentiation is furthered by the inheritance of wealth and the consequent inheritance of gentility,this differentiation is furthered by the inheritance of wealth and the consequent inheritance of gentility,0.0,0.0,5.61,15
many of these affiliated gentlemen of leisure are at the same time lesser men of substance in their own right so that some of them are scarcely at all others only partially to be rated as vicarious consumers,many of these affiliated gentlemen of leisure are at the same time lesser men of substance in their own right so that some of them are scarcely at all others only partially to be rated as vicarious consumers,0.0,0.0,11.255,38
so many of them however as make up the retainer and hangers on of the patron may be classed as vicarious consumer without qualification,so many of them however as make up the retainer and hangers on of the patron may be classed as vicarious consumer without qualification,0.0,0.0,8.435,24
many of these again and also many of the other aristocracy of less degree have in turn attached to their persons a more or less comprehensive group of vicarious consumer in the persons of their wives and children their servants retainers et cetera,many of these again and also many of the other aristocracy of less degree have in turn attached to their persons a more or less comprehensive group of vicarious consumer in the persons of their wives and children their servants retainers etc,0.0465,0.0243,14.15,43
the wearing of uniforms or liveries implies a considerable degree of dependence and may even be said to be a mark of servitude real or ostensible,the wearing of uniforms or liveries implies a considerable degree of dependence and may even be said to be a mark of servitude real or ostensible,0.0,0.0,8.335,26
the wearers of uniforms and liveries may be roughly divided into two classes the free and the servile or the noble and the ignoble,the wearers of uniforms and liveries may be roughly divided into two classes the free and the servile or the noble and the ignobile,0.0417,0.0077,7.815,24
but the general distinction is not on that account to be overlooked,but the general distinction is not on that account to be overlooked,0.0,0.0,3.755,12
so those offices which are by right the proper employment of the leisure class are noble such as government fighting hunting the care of arms and accoutrements and the like in short those which may be classed as ostensibly predatory employments,so those offices which are by right the proper employment of the leisure class are noble such as government fighting hunting the care of arms and accoutrements and the like in short those which may be classed as ostensibly predatory employments,0.0,0.0,14.035,41
whenever as in these cases the menial service in question has to do directly with the primary leisure employments of fighting and hunting it easily acquires a reflected honorific character,whenever as in these cases the menial service in question has to do directly with the primary leisure employments of fighting and hunting it easily acquires a reflected honorific character,0.0,0.0,10.555,30
the livery becomes obnoxious to nearly all who are required to wear it,the livery becomes obnoxious to nearly all who are required to wear it,0.0,0.0,4.295,13
in a general way though not wholly nor consistently these two groups coincide,in a general way though not wholly nor consistently these two groups coincide,0.0,0.0,4.83,13
the dependent who was first delegated for these duties was the wife or the chief wife and as would be expected in the later development of the institution when the number of persons by whom these duties are customarily performed gradually narrows the wife remains the last,the dependent who was first delegated for these duties was the wife or the chief wife and as would be expected in the later development of the institution when the number of persons by whom these duties are customarily performed gradually narrows the wife remains the last,0.0,0.0,14.715,47
but as we descend the social scale the point is presently reached where the duties of vicarious leisure and consumption devolve upon the wife alone,but as we descend the social scale the point is presently reached where the duties of vicarious leisure and consumption devolve upon the wife alone,0.0,0.0,7.805,25
in the communities of the western culture this point is at present found among the lower middle class,in the communities of the western culture this point is at present found among the lower middle class,0.0,0.0,5.355,18
if beauty or comfort is achieved and it is a more or less fortuitous circumstance if they are they must be achieved by means and methods that commend themselves to the great economic law of wasted effort,if beauty or comfort is achieved and it is a more or less fortuitous circumstance if they are they must be achieved by means and methods that commend themselves to the great economic law of wasted effort,0.0,0.0,10.6,37
the man of the household also can do something in this direction and indeed he commonly does but with a still lower descent into the levels of indigence along the margin of the slums the man and presently also the children virtually cease to consume valuable goods for appearances and the woman remains virtually the sole exponent of the households pecuniary decency,the man of the household also can do something in this direction and indeed he commonly does but with a still lower descent into the levels of indigence along the margin of the slums the man and presently also the children virtually cease to consume valuable goods for appearances and the woman remains virtually the sole exponent of the households pecuniary decency,0.0,0.0,20.03,62
very much of squalor and discomfort will be endured before the last trinket or the last pretense of pecuniary decency is put away,very much of squalor and discomfort will be endured before the last trinket or the last pretence of pecuniary decency is put away,0.0435,0.0078,7.47,23
there is no class and no country that has yielded so abjectly before the pressure of physical want as to deny themselves all gratification of this higher or spiritual need,there is no class and no country that has yielded so abjectly before the pressure of physical want as to deny themselves all gratification of this higher or spiritual need,0.0,0.0,9.755,30
the question is which of the two methods will most effectively reach the persons whose convictions it is desired to affect,the question is which of the two methods will most effectively reach the persons whose convictions it is desired to effect,0.0476,0.0082,6.845,21
each will therefore serve about equally well during the earlier stages of social growth,each will therefore serve about equally well during the earlier stages of social growth,0.0,0.0,5.025,14
the modern organization of industry works in the same direction also by another line,the modern organization of industry works in the same direction also by another line,0.0,0.0,4.665,14
it is evident therefore that the present trend of the development is in the direction of heightening the utility of conspicuous consumption as compared with leisure,it is evident therefore that the present trend of the development is in the direction of heightening the utility of conspicuous consumption as compared with leisure,0.0,0.0,8.26,26
it is also noticeable that the serviceability of consumption as a means of repute as well as the insistence on it as an element of decency is at its best in those portions of the community where the human contact of the individual is widest and the mobility of the population is greatest,it is also noticeable that the serviceability of consumption as a means of repute as well as the insistence on it as an element of decency is at its best in those portions of the community where the human contact of the individual is widest and the mobility of the population is greatest,0.0,0.0,14.76,53
consumption becomes a larger element in the standard of living in the city than in the country,consumption becomes a larger element in the standard of living in the city than in the country,0.0,0.0,4.64,17
among the country population its place is to some extent taken by savings and home comforts known through the medium of neighborhood gossip sufficiently to serve the like general purpose of pecuniary repute,among the country population its place is to some extent taken by savings and home comforts known through the medium of neighbourhood gossip sufficiently to serve the like general purpose of pecuniary repute,0.0303,0.0049,10.54,33
the result is a great mobility of the labor employed in printing perhaps greater than in any other equally well defined and considerable body of workmen,the result is a great mobility of the labour employed in printing perhaps greater than in any other equally well defined and considerable body of workmen,0.0385,0.0066,7.95,26
under the simple test of effectiveness for advertising we should expect to find leisure and the conspicuous consumption of goods dividing the field of pecuniary emulation pretty evenly between them at the outset,under the simple test of effectiveness for advertising we should expect to find leisure and the conspicuous consumption of goods dividing the field of pecuniary emulation pretty evenly between them at the outset,0.0,0.0,11.415,33
but the actual course of development has been somewhat different from this ideal scheme leisure held the first place at the start and came to hold a rank very much above wasteful consumption of goods both as a direct exponent of wealth and as an element in the standard of decency during the quasi peaceable culture,but the actual course of development has been somewhat different from this ideal scheme leisure held the first place at the start and came to hold a rank very much above wasteful consumption of goods both as a direct exponent of wealth and as an element in the standard of decency during the quarsi peaceable culture,0.0179,0.0032,16.735,56
other circumstances permitting that instinct disposes men to look with favor upon productive efficiency and on whatever is of human use,other circumstances permitting that instinct disposes men to look with favour upon productive efficiency and on whatever is of human use,0.0476,0.0074,7.51,21
a reconciliation between the two conflicting requirements is effected by a resort to make believe many and intricate polite observances and social duties of a ceremonial nature are developed many organizations are founded with some specious object of amelioration embodied in their official style and title there is much coming and going and a deal of talk to the end that the talkers may not have occasion to reflect on what is the effectual economic value of their traffic,a reconciliation between the two conflicting requirements is effected by a resort to make believe many an intricate polite observances and social duties of a ceremonial nature are developed many organizations are founded with some specious object of amelioration embodied in their official style and title there is much coming and going and a deal of talk to the end that the talkers may not have occasion to reflect on what is the effectual economic value of their traffic,0.0127,0.0021,25.115,79
the salient features of this development of domestic service have already been indicated,the salient features of this development of domestic service have already been indicated,0.0,0.0,4.7,13
throughout the entire evolution of conspicuous expenditure whether of goods or of services or human life runs the obvious implication that in order to effectually mend the consumers good fame it must be an expenditure of superfluities,throughout the entire evolution of conspicuous expenditure whether of goods or of services or human life runs the obvious implication that in order to effectually mend the consumers good fame it must be an expenditure of superfluities,0.0,0.0,13.025,37
as used in the speech of everyday life the word carries an undertone of deprecation,as used in the speech of everyday life the word carries an undertone of deprecation,0.0,0.0,4.16,15
the use of the word waste as a technical term therefore implies no deprecation of the motives or of the ends sought by the consumer under this canon of conspicuous waste,the use of the word waste as a technical term therefore implies no deprecation of the motives or of the ends sought by the consumer under this canon of conspicuous waste,0.0,0.0,9.5,31
but it is on other grounds worth noting that the term waste in the language of everyday life implies deprecation of what is characterized as wasteful,but it is on other grounds worth noting that the term waste in the language of everyday life implies deprecation of what is characterized as wasteful,0.0,0.0,7.26,26
in strict accuracy nothing should be included under the head of conspicuous waste but such expenditure as is incurred on the ground of an invidious pecuniary comparison,in strict accuracy nothing should be included under the head of conspicuous waste but such expenditure as is incurred on the ground of an invidious pecuniary comparison,0.0,0.0,8.86,27
an article may be useful and wasteful both and its utility to the consumer may be made up of use and waste in the most varying proportions,an article may be useful and wasteful both and its utility to the consumer may be made up of use and waste in the most varying proportions,0.0,0.0,7.57,27
you know captain lake,you know captain lake,0.0,0.0,2.19,4
said lord chelford addressing me,said lord shelford addressing me,0.2,0.0312,2.58,5
he had his hand upon lakes shoulder,he had his hand upon lakes shoulder,0.0,0.0,2.78,7
they are cousins you know we are all cousins,they are cousins you know we are all cousins,0.0,0.0,3.51,9
whatever lord chelford said miss brandon received it very graciously and even with a momentary smile,whatever lord shelford said miss brandon received it very graciously and even with a momentary smile,0.0625,0.01,7.365,16
but her greeting to captain lake was more than usually haughty and frozen and her features i fancied particularly proud and pale,but her greeting to captain leake was more than usually haughty and frozen and her features i fancied particularly proud and pale,0.0455,0.0078,10.12,22
at dinner lake was easy and amusing,at dinner lake was easy and amusing,0.0,0.0,3.35,7
im glad you like it says wylder chuckling benignantly on it over his shoulder,im glad you like it says wilder chuckling benignantly on it over his shoulder,0.0714,0.013,6.065,14
i believe i have a little taste that way those are all real you know those jewels,i believe i have a little taste that way those are all real you know those jewels,0.0,0.0,6.12,17
and he placed it in that gentlemans fingers who now took his turn at the lamp and contemplated the little parallelogram with a gleam of sly amusement,and he placed it in that gentlemans fingers who now took his turn at the lamp and contemplated the little parallelogram with a gleam of sly amusement,0.0,0.0,9.89,27
i was thinking its very like the ace of hearts answered the captain softly smiling on,i was thinking its very like the ace of hearts answered the captain softly smiling on,0.0,0.0,6.335,16
whereupon lake laughed quietly still looking on the ace of hearts with his sly eyes,whereupon lake laughed quietly still looking on the ace of hearts with his sly eyes,0.0,0.0,6.355,15
and wylder laughed too more suddenly and noisily than the humour of the joke seemed quite to call for and glanced a grim look from the corners of his eyes on lake but the gallant captain did not seem to perceive it and after a few seconds more he handed it very innocently back to missus dorothy only remarking,and wilder laughed too more suddenly and noisily than the humor of the joke seemed quite to call for and glanced a grim look from the corners of his eyes on lake but the gallant captain did not seem to perceive it and after a few seconds more he handed it very innocently back to misses dorothy only remarking,0.0508,0.0097,21.51,59
do you know lake oh i really cant tell but hell soon tire of country life,do you know lake oh i really cant tell but hell soon tire of country life,0.0,0.0,7.095,16
hes not a man for country quarters,hes not a man for country quarters,0.0,0.0,2.615,7
i had a horrid dream about him last night that,i had a horrid dream about him last night that,0.0,0.0,4.145,10
oh i know thats lorne brandon,oh i know thats lorne brandon,0.0,0.0,3.06,6
all the time he was talking to me his angry little eyes were following lake,all the time he was talking to me his angry little eyes were following lake,0.0,0.0,5.455,15
it was not very much past eleven that morning when the pony carriage from brandon drew up before the little garden wicket of redmans farm,it was not very much past eleven that morning when the pony carriage from brandon drew up before the little garden wicket of redmonds farm,0.04,0.0146,8.92,25
well she was better though she had had a bad night,well she was better though she had had a bad night,0.0,0.0,3.66,11
so there came a step and a little rustling of feminine draperies the small door opened and rachel entered with her hand extended and a pale smile of welcome,so there came a step and a little rustling of feminine draperies the small door opened and rachel entered with her hand extended and a pale smile of welcome,0.0,0.0,11.085,29
women can hide their pain better than we men and bear it better too except when shame drops fire into the dreadful chalice,women can hide their pain better than we men and bear it better too except when shame drops fire into the dreadful chalice,0.0,0.0,9.345,23
but poor rachel lake had more than that stoical hypocrisy which enables the tortured spirits of her sex to lift a pale face through the flames and smile,but poor rachel lake had more than that stoical hypocrisy which enables the tortured spirits of her sex to lift a pale face through the flames and smile,0.0,0.0,11.21,28
this transient spring and lighting up are beautiful a glamour beguiling our senses,this transient spring and lighting up are beautiful a glamour beguiling our senses,0.0,0.0,6.11,13
there was something of sweetness and fondness in her tones and manner which was new to rachel and comforting and she returned the greeting as kindly and felt more like her former self,there was something of sweetness and fondness in her tones and manner which was new to rachel and comforting and she returned the greeting as kindly and felt more like her former self,0.0,0.0,11.99,33
rachels pale and sharpened features and dilated eye struck her with a painful surprise,rachels pale and sharpened features and dilated eye struck her with a painful surprise,0.0,0.0,6.795,14
you have been so ill my poor rachel,you have been so ill my poor rachel,0.0,0.0,2.95,8
ill and troubled dear troubled in mind and miserably nervous,ill and troubled dear troubled in mind and miserably nervous,0.0,0.0,5.135,10
poor rachel her nature recoiled from deceit and she told at all events as much of the truth as she dared,poor rachel her nature recoiled from deceit and she told at all events as much of the truth as she dared,0.0,0.0,7.75,21
she spoke with a sudden energy which partook of fear and passion and flushed her thin cheek and made her languid eyes flash,she spoke with a sudden energy which partook of fear and passion and flushed her thin cheek and made her languid eyes flash,0.0,0.0,9.21,23
thank you rachel my cousin rachel my only friend,thank you rachel my cousin rachel my only friend,0.0,0.0,4.38,9
chelford had a note from mister wylder this morning another note his coming delayed and something of his having to see some person who is abroad continued dorcas after a little pause,chelford had a note from mister wilder this morning another note his coming delayed and something of his having to see some person who is abroad continued dorcas after a little pause,0.0312,0.0055,11.495,32
yes something everything said rachel hurriedly looking frowningly at a flower which she was twirling in her fingers,yes something everything said rachel hurriedly looking frowningly at a flower which she was twirling in her fingers,0.0,0.0,8.405,18
yes said rachel,yes said rachel,0.0,0.0,2.01,3
and the wan oracle having spoken she sate down in the same sort of abstraction again beside dorcas and she looked full in her cousins eyes,and the wan oracle having spoken she sat down in the same sort of abstraction again beside dorcas and she looked full in her cousins eyes,0.0385,0.0072,10.185,26
of mark wylder i say this his name has been for years hateful to me and recently it has become frightful and you will promise me simply this that you will never ask me to speak again about him,of mark wilder i say this his name has been for years hateful to me and recently it has become frightful and you will promise me simply this that you will never ask me to speak again about him,0.0256,0.0052,14.59,39
it is an antipathy an antipathy i cannot get over dear dorcas you may think it a madness but dont blame me,it is an antipathy an antipathy i cannot get over dear dorcas you may think it a madness but dont blame me,0.0,0.0,7.44,22
i have very few to love me now and i thought you might love me as i have begun to love you,i have very few to love me now and i thought you might love me as i have begun to love you,0.0,0.0,6.35,22
and she threw her arms round her cousins neck and brave rachel at last burst into tears,and she threw her arms round her cousins neck and brave rachel at last burst into tears,0.0,0.0,6.545,17
dorcas in her strange way was moved,dorcas in her strange way was moved,0.0,0.0,4.09,7
i like you still rachel im sure ill always like you,i like you still rachel im sure ill always like you,0.0,0.0,4.175,11
you resemble me rachel you are fearless and inflexible and generous,you resemble me rachel you are fearless and inflexible and generous,0.0,0.0,4.975,11
yes rachel i do love you,yes rachel i do love you,0.0,0.0,2.37,6
thank you dorcas dear,thank you dorcas dear,0.0,0.0,1.905,4
miss lake declined the carriage to night,miss lake declined the carriage to night,0.0,0.0,2.645,7
and he added something still less complimentary,and he added something still less complimentary,0.0,0.0,3.47,7
but dont these very wise things sometimes turn out very foolishly,but dont these very wise things sometimes turn out very foolishly,0.0,0.0,5.125,11
in the meantime i had formed a new idea of her,in the meantime i had formed a new idea of her,0.0,0.0,2.865,11
by this time lord chelford and wylder returned and disgusted rather with myself i ruminated on my want of general ship,by this time lord chelford and wilder returned and disgusted rather with myself i ruminated on my want of generalship,0.1429,0.0169,9.225,21
and he made a little dip of his cane towards brandon hall over his shoulder,and he made a little dip of his cane towards brandon hall over his shoulder,0.0,0.0,4.59,15
yes so they said but that would i think have been worse,yes so they said but that would i think have been worse,0.0,0.0,4.215,12
if a fellows been a little bit wild hes beelzebub at once,if a fellows been a little bit wild he is beelzebub at once,0.1667,0.0351,4.12,12
bractons a very good fellow i can assure you,bractons a very good fellow i can assure you,0.0,0.0,3.3,9
i dont know and cant say how you fine gentlemen define wickedness only as an obscure female i speak according to my lights and he is generally thought the wickedest man in this county,i dont know and cant say how you fine gentlemen define wickedness only as an obscure female i speak according to my lights and he is generally thought the wickedest man in this county,0.0,0.0,13.26,34
well you know radie women like wicked fellows it is contrast i suppose but they do and im sure from what bracton has said to me i know him intimately that dorcas likes him and i cant conceive why they are not married,well you know rady women like wicked fellows it is contrast i suppose but they do and im sure from what bracton has said to me i know him intimately that dorcas likes him and i cant conceive why they are not married,0.0233,0.0093,15.03,43
their walk continued silent for the greater part neither was quite satisfied with the other but rachel at last said,their walk continued silent for the greater part neither was quite satisfied with the other but rachel at last said,0.0,0.0,7.37,20
now thats impossible radie for i really dont think i once thought of him all this evening except just while we were talking,now thats impossible rady for i really dont think i once thought of him all this evening except just while we were talking,0.0435,0.0163,8.26,23
there was a bright moonlight broken by the shadows of overhanging boughs and withered leaves and the mottled lights and shadows glided oddly across his pale features,there was a bright moonlight broken by the shadows of overhanging boughs and withered leaves and the mottled lights and shadows glided oddly across his pale features,0.0,0.0,9.93,27
dont insult me stanley by talking again as you did this morning,dont insult me stanley by talking again as you did this morning,0.0,0.0,3.97,12
what i say is altogether on your own account,what i say is altogether on your own account,0.0,0.0,2.83,9
mark my words youll find him too strong for you aye and too deep,mark my words youll find him too strong for you aye and too deep,0.0,0.0,4.88,14
i am very uneasy about it whatever it is i cant help it,i am very uneasy about it whatever it is i cant help it,0.0,0.0,4.585,13
to my mind there has always been something inexpressibly awful in family feuds,to my mind there has always been something inexpressibly awful in family feuds,0.0,0.0,5.455,13
the mystery of their origin their capacity for evolving latent faculties of crime and the steady vitality with which they survive the hearse and speak their deep mouthed malignities in every new born generation have associated them somehow in my mind with a spell of life exceeding and distinct from human and a special satanic action,the mystery of their origin their capacity for evolving latent faculties of crime and the steady vitality with which they survive the hearse and speak their deep mouthed malignities in every new born generation have associated them somehow in my mind with a spell of life exceeding and distinct from human and a special satanic action,0.0,0.0,20.855,56
the floor more than anything else showed the great age of the room,the floor more than anything else showed the great age of the room,0.0,0.0,3.93,13
my bed was unexceptionably comfortable but in my then mood i could have wished it a great deal more modern,my bed was unexceptionably comfortable but in my then mood i could have wished it a great deal more modern,0.0,0.0,7.9,20
its curtains were of thick and faded tapestry,its curtains were of thick and faded tapestry,0.0,0.0,3.19,8
all the furniture belonged to other times,all the furniture belonged to other times,0.0,0.0,2.745,7
i shant trouble you about my train of thoughts or fancies but i began to feel very like a gentleman in a ghost story watching experimentally in a haunted chamber,i shant trouble you about my train of thoughts or fancies but i began to feel very like a gentleman in a ghost story watching experimentally in a haunted chamber,0.0,0.0,9.855,30
i did not even take the precaution of smoking up the chimney,i did not even take the precaution of smoking up the chimney,0.0,0.0,3.47,12
i boldly lighted my cheroot,i boldly lighted my chirut,0.2,0.1111,2.34,5
a cold bright moon was shining with clear sharp lights and shadows,a cold bright moon was shining with clear sharp lights and shadows,0.0,0.0,4.755,12
the sombre old trees like gigantic hearse plumes black and awful,the sombre old trees like gigantic hearse plumes black and awful,0.0,0.0,5.62,11
somehow i had grown nervous,somehow i had grown nervous,0.0,0.0,2.275,5
a little bit of plaster tumbled down the chimney and startled me confoundedly,a little bit of plaster tumbled down the chimney and startled me confoundedly,0.0,0.0,4.845,13
also a popular contrivance whereby love making may be suspended but not stopped during the picnic season,also a popular contrivance whereby love making may be suspended but not stopped during the picnic season,0.0,0.0,8.46,17
harangue the tiresome product of a tireless tongue,harang the tiresome product of a tireless tongue,0.125,0.04,5.925,8
angor pain painful to hear,anger pain painful to hear,0.2,0.0385,4.41,5
hay fever a heart trouble caused by falling in love with a grass widow,he fevever a heart trouble caused by falling in love with a grass widow,0.1429,0.0571,6.755,14
heaven a good place to be raised to,heaven a good place to be raised to,0.0,0.0,4.02,8
hedge a fence,hedge a fence,0.0,0.0,3.1,3
heredity the cause of all our faults,heredity the cause of all our faults,0.0,0.0,3.895,7
horse sense a degree of wisdom that keeps one from betting on the races,horsesens a degere of wisdom that kips one fom betting on the race,0.4286,0.1127,6.73,14
hose mans excuse for wetting the walk,hoes mans excuse for wetting the walk,0.1429,0.0541,4.99,7
hotel a place where a guest often gives up good dollars for poor quarters,hotel a place where a guest often gives up good dollars for poor quarters,0.0,0.0,7.26,14
housecleaning a domestic upheaval that makes it easy for the government to enlist all the soldiers it needs,house cleaning a domestic upheaval that makes it easy for the government to enlist all the soldiers it needs,0.1111,0.0093,9.81,18
husband the next thing to a wife,husband the next thing to a wife,0.0,0.0,4.035,7
hussy woman and bond tie,hussey woman and bond tie,0.2,0.0417,4.045,5
tied to a woman,tied to a woman,0.0,0.0,2.49,4
hypocrite a horse dealer,hypocrite a horse dealer,0.0,0.0,3.165,4
you are my all the world and i must strive to know my shames and praises from your tongue none else to me nor i to none alive that my steeld sense or changes right or wrong,you are my all the world and i must strive to know my shames and praises from your tongue none else to me nor i to none alive that my steeled sense or changes right or wrong,0.027,0.0058,17.39,37
o tis the first tis flattery in my seeing and my great mind most kingly drinks it up mine eye well knows what with his gust is greeing and to his palate doth prepare the cup if it be poisond tis the lesser sin that mine eye loves it and doth first begin,oh tis the first tis flattery in my seeing and my great mind most kingly drinks it up mine eye well knows what with his gust is green and to his palate doth prepare the cup if it be poisoned tis the lesser sin that mine eye loves it and doth first begin,0.0566,0.0158,25.395,53
but reckoning time whose milliond accidents creep in twixt vows and change decrees of kings tan sacred beauty blunt the sharpst intents divert strong minds to the course of altering things alas why fearing of times tyranny might i not then say now i love you best when i was certain oer incertainty crowning the present doubting of the rest,but reckoning time whose milliond accidents creep in twixt vows and change decrees of kings tans sacred beauty blunt the sharpest intense divert strong minds to the course of altering things alas why fearing of times tyranny might i not then say now i love you best when i was certain oer in certainty crowning the present doubting of the rest,0.0833,0.0147,30.04,60
love is a babe then might i not say so to give full growth to that which still doth grow,love is a babe then might i not say so to give full growth to that which still doth grow,0.0,0.0,10.825,20
so i return rebukd to my content and gain by ill thrice more than i have spent,so i return rebuked to my content and gain by ill thrice more than i have spent,0.0588,0.0128,9.505,17
it was this observation that drew from douglas not immediately but later in the evening a reply that had the interesting consequence to which i call attention,it was this observation that drew from douglas not immediately but later in the evening a reply that had the interesting consequence to which i call attention,0.0,0.0,9.875,27
someone else told a story not particularly effective which i saw he was not following,someone else told a story not particularly effective which i saw he was not following and,0.0667,0.0471,5.025,15
cried one of the women he took no notice of her he looked at me but as if instead of me he saw what he spoke of,cried one of the women he took no notice of her he looked at me but as if instead of me he saw what he spoke of,0.0,0.0,7.495,27
there was a unanimous groan at this and much reproach after which in his preoccupied way he explained,there was a unanimous groan at this and much reproach after which in his preoccupied way he explained,0.0,0.0,7.725,18
the storys written,the storys written,0.0,0.0,2.11,3
i could write to my man and enclose the key he could send down the packet as he finds it,i could write to my man and enclose the key he could send down the packet as he finds it,0.0,0.0,5.82,20
the others resented postponement but it was just his scruples that charmed me,the others resented postponement but it was just his scruples that charmed me,0.0,0.0,4.725,13
to this his answer was prompt oh thank god no and is the record yours,to this his answer was prompt oh thank god no and is the record yours,0.0,0.0,5.79,15
he hung fire again a womans,he hung fire again a womans,0.0,0.0,2.76,6
she has been dead these twenty years,she has been dead these twenty years said,0.1429,0.1389,2.29,7
she sent me the pages in question before she died,she sent me the pages in question before she died and,0.1,0.0816,2.85,10
she was the most agreeable woman ive ever known in her position she would have been worthy of any whatever,she was the most agreeable woman ive ever known in her position she would have been worthy of any whatever,0.0,0.0,5.78,20
it wasnt simply that she said so but that i knew she hadnt i was sure i could see,it wasnt simply that she said so but that i knew she hadnt i was sure i could see,0.0,0.0,4.83,19
youll easily judge why when you hear because the thing had been such a scare he continued to fix me,youll easily judge why when you hear because the thing had been such a scare he continued to fix me,0.0,0.0,5.895,20
you are acute,you are acute,0.0,0.0,2.255,3
he quitted the fire and dropped back into his chair,he quitted the fire and dropped back into his chair,0.0,0.0,2.96,10
probably not till the second post,probably not till the second post said,0.1667,0.1515,2.03,6
it was almost the tone of hope everybody will stay,it was almost the tone of hope everybody will stay,0.0,0.0,2.695,10
cried the ladies whose departure had been fixed,cried the ladies whose departure had been fixed,0.0,0.0,2.77,8
missus griffin however expressed the need for a little more light,mrs griffin however expressed the need for a little more light and,0.1818,0.1231,3.525,11
who was it she was in love with the story will tell i took upon myself to reply oh i cant wait for the story the story wont tell said douglas not in any literal vulgar way mores the pity then,who was it she was in love with the story will tell i took upon myself to reply oh i cant wait for the story the story wont tell said douglas not in any literal vulgar way mores the pity then,0.0,0.0,14.355,41
wont you tell douglas,wont you tell douglas,0.0,0.0,2.0,4
well if i dont know who she was in love with i know who he was,well if i dont know who she was in love with i know who he was,0.0,0.0,5.075,16
let me say here distinctly to have done with it that this narrative from an exact transcript of my own made much later is what i shall presently give,let me say here distinctly to have done with it that this narrative from an exact transcript of my own made much later is what i shall presently give,0.0,0.0,10.91,29
poor douglas before his death when it was in sight committed to me the manuscript that reached him on the third of these days and that on the same spot with immense effect he began to read to our hushed little circle on the night of the fourth,poor douglas before his death when it was in sight committed to me the manuscript that reached him on the third of these days and that on the same spot with immense effect he began to read to our hushed little circle on the night of the fourth,0.0,0.0,14.45,48
the departing ladies who had said they would stay didnt of course thank heaven stay they departed in consequence of arrangements made in a rage of curiosity as they professed produced by the touches with which he had already worked us up,the departing ladies who had said they would stay didnt of course thank heaven stay they departed in consequence of arrangements made in a rage of curiosity as they professed produced by the touches with which he had already worked us up,0.0,0.0,16.065,42
the first of these touches conveyed that the written statement took up the tale at a point after it had in a manner begun,the first of these touches conveyed that the written statement took up the tale at a point after it had in a manner begun,0.0,0.0,7.53,24
he had for his own town residence a big house filled with the spoils of travel and the trophies of the chase but it was to his country home an old family place in essex that he wished her immediately to proceed,he had for his own town residence a big house filled with the spoils of travel and the trophies of the chase but it was to his country home an old family place in essex that he wished her immediately to proceed,0.0,0.0,13.87,42
the awkward thing was that they had practically no other relations and that his own affairs took up all his time,the awkward thing was that they had practically no other relations and that his own affairs took up all his time,0.0,0.0,6.75,21
there were plenty of people to help but of course the young lady who should go down as governess would be in supreme authority,there were plenty of people to help but of course the young lady who should go down as governess would be in supreme authority,0.0,0.0,7.31,24
i dont anticipate,i dont anticipate,0.0,0.0,2.175,3
she was young untried nervous it was a vision of serious duties and little company of really great loneliness,she was young untried nervous it was a vision of serious duties and little company of really great loneliness,0.0,0.0,10.765,19
yes but thats just the beauty of her passion,yes but thats just the beauty of her passion,0.0,0.0,3.17,9
it was the beauty of it,it was the beauty of it,0.0,0.0,2.355,6
it sounded dull it sounded strange and all the more so because of his main condition which was,it sounded dull that sounded strange and all the more so because of his main condition which was,0.0556,0.0319,7.41,18
she promised to do this and she mentioned to me that when for a moment disburdened delighted he held her hand thanking her for the sacrifice she already felt rewarded,she promised to do this and she mentioned to me that when for a moment disburdened delighted he held her hand thanking her for the sacrifice she already felt rewarded,0.0,0.0,14.15,30
but was that all her reward one of the ladies asked,but was that all her reward one of the ladies asked,0.0,0.0,4.15,11
those pretty wrongs that liberty commits when i am sometime absent from thy heart thy beauty and thy years full well befits for still temptation follows where thou art,those pretty wrongs that liberty commits when i am some time absent from thy heart thy beauty and thy years fall well befits for still temptation follows where thou art,0.1034,0.012,17.695,29
ay me,ai me,0.5,0.2,1.87,2
no matter then although my foot did stand upon the farthest earth removd from thee for nimble thought can jump both sea and land as soon as think the place where he would be but ah,no matter then although my foot did stand upon the farthest earth removed from thee for nimble thought can jump both sea and land as soon as think the place where he would be but ah,0.0278,0.0056,17.285,36
thought kills me that i am not thought to leap large lengths of miles when thou art gone but that so much of earth and water wrought i must attend times leisure with my moan receiving nought by elements so slow but heavy tears badges of eithers woe,thought kills me that i am not thought to leap large lengths of miles when thou art gone but that so much of earth and water wrought i must attend times leisure with my moan receiving not by elements so slow but heavy tears badges of eithers woe,0.0208,0.0121,23.505,48
my heart doth plead that thou in him dost lie a closet never piercd with crystal eyes but the defendant doth that plea deny and says in him thy fair appearance lies,my heart doth plead that thou in him dost lie a closet never pierced with crystal eyes but the defendant doth that plea deny and says in him thy fair appearance lies,0.0312,0.0061,16.29,32
