ref,hyp,wer,cer,duration_sec,n_ref_words
в древнем китае использовали уникальный способ обозначения периодов времени каждый этап китая или каждая семья находившаяся у власти были особой династией,в древнем китае использовали уникальный способ обозначения периодов времени каждый этап китая или каждая семья находившаяся у власти были особой династией,0.0,0.0,16.92,21
мадагаскар намного больше других и является самобытным континентом в том что касается дикой природы,мадагаскар намного больше других и является самобытным континентом в том что касается дикой природы,0.0,0.0,11.52,14
во всех научных вопросах включая психологию были приняты взгляды аристотеля,во всех научных вопросах включая психологию были приняты взгляды аристотеля,0.0,0.0,8.64,10
в различных местах рима были установлены большие телевизионные экраны с помощью которых люди могли наблюдать за церемонией,в различных местах рима были установлены большие телевизионные экраны с помощью которых люди могли наблюдать за церемонией,0.0,0.0,7.92,17
причиной дебатов стали разногласия относительно затрат на оказание материальной поддержки и восстановление зданий после урагана катрина который некоторые фискальные консерваторы в шутку назвали новоорлеанской сделкой буша,причиной дебатов стали разногласия относительно затрат на оказание материальной поддержки и восстановление зданий после урагана катрина который некоторые фискальные консерваторы в шутку назвали новоорлеанской сделкой буша,0.0,0.0,19.44,26
в 1990 году он был добавлен в список всемирного наследия находящегося под угрозой изза опасности со стороны песков пустыни,в 1990 году он был добавлен в списк всемирного наследия находящегося под угрозой изза опасности со стороны песков пустыни,0.0526,0.0082,10.44,19
согласно ядерному управлению японии на заводе были обнаружены радиоактивный цезий и йод,согласно ядерному управлению японии на заводе были обнаружены радиоактивный цезий ид,0.1667,0.0345,7.2,12
надлежащее использование блогов может дать учащимся возможность стать более аналитичными и критичными путём активного отклика на интернетматериалы учащиеся могут определять свою позицию в контексте чужих работ а также излагать свои собственные взгляды на конкретные вопросы оравек 2002,надлежащее использование блогов может дать учащимся возможность стать более аналитичными и критичными путем активного отклика на интернетматериалы учащиеся могут определять свою позицию в контексте чужих работ а также излагать свои собственные взгляды на конкретные вопросы аровек2002,0.0811,0.014,27.0,37
только мутации в клетках зародышевой линии могут передаваться далее детям в то время как мутации гдето ещё могут привести к гибели клеток или раку,только мутации в клетках зародышевой линии могут передаваться далее детям в то время как мутация гдето еще может привести к гибели клеток или раку,0.125,0.0274,11.52,24
не оскверняйте это место нанося или выцарапывая граффити на объекты вокруг,не оскверняйте это место нанося или выцарапывая граффити на объекты вокруг,0.0,0.0,5.94,11
когда все доступные ресурсы эффективно используются во всех функциональных подразделениях организации то могут проявиться креативность и изобретательность,когда все доступные ресурсы эффективно используются во всех функциональных подразделениях организации то могут появиться креативность и изобретательность,0.0588,0.0065,15.12,17
серия asus eee pc ранее представленная во всём мире с ориентацией на такие факторы как экономия средств и функциональность стала горячей темой во время месяца информационных технологий в тайбэе в 2007 году,серия asus epc ранее представленная во всем мире с ориентацией на такие факторы как экономия средств и функциональность стала горячей темой во время месяца информационных технологий в тайбе в 2007 году,0.125,0.0244,16.32,32
переносчиками являются свиньи от которых через комаров болезнь затем передаётся человеку,переносчиками являются свиньи от которых через комыров болезнь затем передается человеку,0.1818,0.0227,7.92,11
также может быть выгодно купить wild card которая позволяет посещать национальные парки юар либо выборочно либо все,также может быть выгодно купить вилдкар которая позволяет посещать национальные парки юар либо выброшно либо все,0.1765,0.0957,9.18,17
только мутации в клетках зародышевой линии могут передаваться далее детям в то время как мутации гдето ещё могут привести к гибели клеток или раку,только мутации в клетках зародышевой линии могут передаваться далее детям в то время как мутации гдето еще могут привести к гибели клеток или раку,0.0417,0.0068,11.28,24
энергия кундалини энергия просветления в кундалинийоге пробуждается через позы йоги дыхательные упражнения мантры и визуализации,энергия кундалини энергия просветления в кундалине йоги пробуждается через позы йоги дыхательные упражнения мантры и визуализации,0.1333,0.0234,11.82,15
султан марокко перестроил город под названием эддарэльбейда а испанские торговцы создавшие тут торговые базы назвали его касабланка,султан марокко перестроил город под названием эддар эльбейда а испанские торговцы создавшие тут торговые базу назвали его касабланка,0.1765,0.0153,11.76,17
так же как луна притягивает землю при этом вызывая приливы так и млечный путь воздействует на галактику в стрельце,так же как луна притягивает землю при этом вызывая приливы так и млечный путь воздействовать на галактику в стрельце,0.0526,0.0351,8.28,19
в частности утверждается что можно определить лжет ли человек при помощи правильной интерпретации его микровыражений,в частности утверждается что можно определить лжет ли человек при помощи правильной интерпретации его микровыражений,0.0,0.0,8.34,15
53летний куомо начал свою деятельность на посту губернатора в начале этого года и подписал законопроект о легализации однополых браков в прошлом месяце,53летний коома начал свою деятельность на посту губернатора в начале этого года и подписал законопроект о легализации однополых браков в прошлом месяце,0.0455,0.0132,11.64,22
большинство зданий по краям комплекса было перестроено чтобы дать туристам более точное представление о том как они выглядели изначально,большинство зданий по краям комплекса было перестроено чтобы дать туристам более точное представление о том как они выглядели изначально,0.0,0.0,11.34,19
лаккха сингх исполнил чхаппан бхог бхаджан певец раджу кханделвал пел вместе с ним,лакхасинг исполнил чхапапан хокхаджан певец раджу ханделвал пел вместе с ним,0.4615,0.1098,8.88,13
показатель ph определяется степенью насыщенности ионами водорода h в ph исследуемого химического соединения,показатель ph определяется степенью насыщенности ионами водорода h в ph исследуемого химического соединения,0.0,0.0,9.72,13
в результате актёры курят косяки с марихуаной на сцене и сам театр поощряет публику присоединиться,в результате актеры курят косяки с марихуаной на сцене и сам театр поощряет публику присоединиться,0.0667,0.0102,7.56,15
обычные объявления в метро делаются только на каталонском языке но незапланированные перебои объявляются автоматизированной системой на самых разных языках включая испанский английский французский арабский и японский,обычные объявления в метро делаются только на каталонском языке но незапланированные перебои объявляются автоматизированной системой на самых разных языках включая испанский английский французский арабский и японский,0.0,0.0,17.46,26
учёные надеются понять как образуются планеты особенно то как образовалась земля поскольку кометы сталкивались с землёй очень давно,ученые надеются понять как образуются планеты особенно то как образовалась земля поскольку кометы сталкивались с землей очень давно,0.1111,0.0153,9.6,18
между 1000 и 1100 вечера по горному времени заключенные устроили пожар во дворе,между 10 и 11 вечера по горному времени заключенные устроили пожар во дворе,0.1538,0.0506,8.04,13
например ежегодно учащиеся школы беннет в северной каролине создают сайт о своём посещении столицы штата и каждый год этот сайт обновляется но доступ к старым версиям попрежнему сохраняется они служат памятным альбомом,например ежегодно учащиеся школы беннет в северной каролине создают сайт о своем посещении столицы штата и каждый год этот сайт обновляется но доступ к старым версиям попрежнему сохраняется они служат памятным альбомом,0.0312,0.0046,17.76,32
долина кочамо главное направление в чили для альпинизма она известна как йосмит южной америки и имеет большое количество больших гранитных стен и скал,долина кочама главное направление в чили для альпинизма она известна как юсмит южной америки и имеет большое количество больших гранитных стен и скал,0.087,0.02,11.88,23
начиная с 1988 года урны для избирательных бюллетеней должны быть прозрачными чтобы избиратели и наблюдатели могли убедиться в том что в начале голосования внутри нет конвертов и что к ним не добавлены какиелибо другие конверты кроме конвертов тех людей которых допустили к участию в голосовании и голоса которых подсчитали надлежащим образом,начиная с 1988 года урны для избирательных бюллетеней должны быть прозрачными чтобы избиратели и наблюдатели могли убедиться в том что в начале голосования внутри нет конвертов и что к ним не добавлены какиелибо другие конверты кроме конвертов тех людей которых допустили к участию в голосовании и голоса которых подсчитали надлежащим образом,0.0,0.0,33.84,51
чем ниже напряжение тем более позитивна присутствующая в вас жизненная сила каждому человеку потенциально дано обрести абсолютные покой и чувство удовлетворения,чем ниже напряжение тем более позитивна присутствующая в вас жизненная сила каждому человеку потенциально дано обрести абсолютный покой и чувство удовлетворения,0.0476,0.0063,12.3,21
людям с античных времен были известны основные химические элементы такие как золото серебро и медь поскольку их все можно встретить в природе в чистом виде и относительно легко добывать с помощью примитивных орудий,людям с античных времен были известны основные химические элементы такие как золото серебро и медь поскольку их все можно встретить в природе в чистом виде и относительно легко добывать с помощью примитивных орудий,0.0,0.0,20.04,33
за ночь было изготовлено 150200 копий теперь известных как листовки данлэпа,за ночь было изготовлено 150200 копий теперь известных как листовки данлопа,0.0909,0.0133,8.16,11
все во вселенной состоит из материи вся материя состоит из мельчайших частиц называемых атомами,все во вселенной состоит из материи вся материя состоит из мельчайших частиц называемых атомами,0.0,0.0,8.52,14
великая пирамида была возведена египтянами в третьем веке до нашей эры и является одним из множества больших пирамидальных сооружений построенных чтобы почтить память фараона,великая пирамида была возведена египтянами в третьем веке до н эры и является одним из множества больших пирамидальных сооружений построенных чтобы почтить память фараона,0.0417,0.023,11.82,24
сердцем тибетской медитации считается йога божеств посредством визуализации разнообразных божеств чистятся энергетические каналы запускаются чакры и достигается просветлённость сознания,сердцем тибетской медитации считается йога божеств посредством визуализации разнообразных божеств чистятся энергетические каналы запускаются чакры и достигается просветленность сознания,0.0526,0.0054,13.32,19
шпалы начали применяться довольно давно для того чтобы удерживать рельсы на месте однако впоследствии стало ясно что пути были более эффективны при полосе из железа сверху,шпалы начали применяться довольно давно для того чтобы удерживать рельсы на месте однако впоследствии стало ясно что пути были более эффективны при полосе из железа сверху,0.0,0.0,12.3,26
мадагаскар намного больше других и является самобытным континентом в том что касается дикой природы,мадагаскар намного больше других и является самобытным континентом в том что касается дикой природы,0.0,0.0,8.1,14
если вы хотите находиться рядом со сценой вам нужно приехать заранее чтобы найти место для кемпинга вблизи от музыки,если вы хотите находиться рядом со сценой вам нужно приехать заранее чтобы найти место для кемпинга вблизи от музыки,0.0,0.0,8.34,19
львиные прайды ведут себя очень похоже со стаями волков или собак животных которые по повадкам удивительно похожи на львов но не других крупных кошек и тоже очень опасны для своих жертв,львяные прайды ведут себя очень похожи на волков или собак животных которые по повадкам удивительно похожи на львов но не других крупных кошек и тоже очень опасны для своих жертв,0.129,0.0541,18.12,31
поскольку световое загрязнение в период их расцвета не было такой проблемой как сегодня они обычно расположены в городах или в кампусах до которых легче добраться чем до тех которые построены в наше время,поскольку световое загрязнение в период их расцвета не было такой проблемой как сегодня они обычно расположены в городах или в кампусах до которых легче добраться чем до тех которые построены в наше время,0.0,0.0,14.16,33
он не смог принять препараты необходимые для облегчения боли так как они запрещены в играх,он не смог принять препараты необходимые для облегчения боли так как они запрещены в играх,0.0,0.0,7.56,15
25 листовок данлэпа известные на настоящее время являются старейшими выжившими копиями документа оригинальная рукописная копия не дошла до нас,25 листовых данлопа известные на настоящее время являются старейшими выжившими копиями документа оригинальная рукописная копия не дошла до нас,0.1053,0.0211,13.56,19
ее очень нелегко обнаружить даже тому кто знает о ее существовании в пещере человек оказывается в полной изоляции,ее очень нелегко обнаружить даже тому кто знает о ее существовании в пещере человек оказывается в полной изоляции,0.0,0.0,12.6,18
султан марокко перестроил город под названием эддарэльбейда а испанские торговцы создавшие тут торговые базы назвали его касабланка,султан марокко перестроил город под названием этдар эль бейта а испанские торговцы создавшие тут торговые базы назвали его касабланка,0.1765,0.0305,11.16,17
гжа киршнер объявила о своём намерении баллотироваться на пост президента в аргентинском театре в том же месте где она начала свою предвыборную кампанию в сенат в 2005 году в качестве члена делегации провинции буэносайрес,госпожа кишинер объявила о своем намерении баллотироваться на пост президента в аргентинском театре в том же месте где она начала свою предвыборную кампанию в сенат в 2005 году в качестве члена делегации провинции буенноайрес,0.1176,0.0452,16.32,34
цивилизация это отдельная культура носителями которой является достаточно большая группа людей живущих и работающих вместе общество,цивилизация это отдельная культура носителями которой является достаточно большая группа людей живущих и работающих вместе общества,0.0625,0.0076,11.7,16
круизы в санктпетербург включают прогулки по городу пассажиры круизов освобождены от визовых требований уточните условия,круизы в санктпетербург включают прогулки по города пассажиры круизов освобождены от визовых требований уточните условия,0.0667,0.0083,10.44,15
людям с античных времен были известны основные химические элементы такие как золото серебро и медь поскольку их все можно встретить в природе в чистом виде и относительно легко добывать с помощью примитивных орудий,людям с античных времен были известны основные химические элементы такие как золото серебро и медь поскольку их все можно встретить в природе в чистом виде и относительно легко добывать с помощью примитивных орудий,0.0,0.0,14.58,33
подобные площадки которые посетило большое количество людей были организованы во многих других городах италии и в остальном мире в частности в польше,подобные площадки которые посетило большое количество людей были организованы во многих других городах италии и в остальном мире в частности в польше,0.0,0.0,13.86,22
сегрегация и рекомбинация с каждым поколением тасуют вариации между двумя пулами,сегрегация и рекомбинация с каждым поколением тасуют вариации между двумя полами,0.0909,0.0125,7.92,11
спутник был доставлен в космос ракетой ученые используют телескопы в космосе потому что атмосфера земли в некоторой степени искажает наш свет и обзор,спутник был доставлен в космос ракеты ученые используют телескопы в космосе потому что атмосфера земли в некоторой степени искажает наш свет и обзор,0.0435,0.0134,11.52,23
чтобыу видеть самые живописные места гонконга следует покинуть остров и направиться на побережье полуострова цзюлун что находится напротив,чтобы увидеть самые живописные места гонконга следует покинуть остров и направиться на побережье полуострова тюлун что находится напротив,0.1667,0.029,9.96,18
на прошлой недели министерство экономики труда и промышленности объявило что apple проинформировала его о 34 дополнительных случаях перегрева которые компания назвала несерьёзными,на прошлой неделе министерство экономики труда и промышленности объявило что apple проинформировало его о 34 дополнительных случаях перегрева которые компания назвала несерьезными,0.1364,0.0168,17.76,22
согласно плану мост полностью войдёт в эксплуатацию в сентябре 2017 года когда бразильские пункты таможенной проверки как ожидается будут завершены,согласно плану мост полностью войдет в эксплуатацию в сентябре 2017 года когда бразильские пункты таможенной проверки как ожидается будут завершены,0.05,0.0068,11.16,20
в репортажах по телевидению сообщается о белом дыме идущем от завода,в репортажах по телевидению сообщается о белом дыме идущем от завода,0.0,0.0,5.7,11
цивилизация это отдельная культура носителями которой является достаточно большая группа людей живущих и работающих вместе общество,цивилизация это отдельная культура носителями которой является достаточно большая группа людей живущих и работающих вместе общества,0.0625,0.0076,11.28,16
вопервых большинство наездников носят сапоги для верховой езды с каблуком имеющие гладкую и довольно тонкую подошву,вопервых большинство наездников носят сапоги для верховой езды с каблуком имеющие гладкую и довольно тонкую подошву,0.0,0.0,8.58,16
после строительства плотины в 1963 году сезонные паводки распространявшие по реке отложения прекратились,после строительства плотины в 1963 году сезонные паводки распространявшие по реке отложение прекратились,0.0769,0.0096,11.4,13
сегрегация и рекомбинация с каждым поколением тасуют вариации между двумя пулами,сегрегация и рекомбинация с каждым поколением тасуют вариации между двумя пулами,0.0,0.0,8.04,11
в последствие он был перемещён в госпиталь адденбрук в кембридже,впоследствии он был перемещен в госпиталь оденбрук в кембридже,0.4,0.0781,5.46,10
в результате бригады пожарных потушили пожар к 2335,в результате бригады пожарных потушили пожар к 2335,0.0,0.0,6.72,8
переносчиками являются свиньи от которых через комаров болезнь затем передаётся человеку,переносчиками являются свиньи от которых через кумаров болезнь затем передается человеку,0.1818,0.0227,7.08,11
это кажется разумной идеей потому что мы не чувствуем что земля движется не так ли,это кажется разумной идеей потому что мы не чувствуем что земля движется не так ли,0.0,0.0,9.24,15
комиссия стала ответом мартелли на массовые протесты против государственного режима начавшиеся в октябре,комиссия стала ответом мартели на массовые протесты против государственного режима начавшиеся в октябре,0.0769,0.0096,7.5,13
стрекозы и поденки являются единственными насекомыми которые не могут складывать крылья назад,стрекозы и паденки являются единственными насекомыми которые не могут складывать крылья назад,0.0833,0.0108,7.32,12
как и во всех южноафриканских национальных парках в этом парке существует ежедневная плата за его охрану и посещение,как и во всех южноафриканских национальных парках в этом парке существует ежедневная плата за его охрану и посещение,0.0,0.0,10.62,18
роландо мендоса выстреливал из своей винтовки м16 в туристов,роландо миндоса выстреливал из своей винтовки м16 в туристов,0.1111,0.0167,8.94,9
и наконец многие маленькие кошки включая гуляющих домашних кошек едят и охотятся на намного более многочисленных мелких животных наподобие насекомых грызунов ящериц и птиц,и наконец многие маленькие кошки включая гуляющих домашних кошек едят и охотятся на намного более многочисленных мелких животных наподобие насекомых грызунов ящериц и птиц,0.0,0.0,14.28,24
четыре лыжницы в женской сидячей группе не смогли завершить свои заезды и 45 из 117 лыжниц в гигантском слаломе не сумели занять места в гонке,четыре лыжницы в женской сидячей группе не смогли завершить свои заезды и 45 из 117 лыжниц в гигантском слаламе не сумели занять места в гонке,0.04,0.007,14.76,25
апиа столица самоа город расположен на острове уполу и имеет население чуть менее 40 000 жителей,апя столица самоа город расположен на острове полу и имеет население чуть менее 40 тысяч жителей,0.1875,0.0833,9.48,16
прочие вопросы в повестке дня на бали включают в себя сохранение оставшихся в мире лесов и обмен технологиями чтобы способствовать росту развивающихся стран с меньшими загрязняющими последствиями,прочие вопросы в повестке дня на бали включают в себя сохранение оставшихся в мире лесов и обмен технологиями чтобы способствовать росту развивающихся стран с меньшими загрязняющими последствиями,0.0,0.0,13.86,27
итальянский язык также является повседневным языком для большинства людей работающих в государстве в то время как латынь зачастую используется в религиозных церемониях,итальянский язык также является повседневным языком для большинства людей работающих в государстве в то время как латынь зачастую используется в религиозных церемониях,0.0,0.0,12.48,22
поверхность луны состоит из камней и пыли внешний слой луны называется корой,поверхность луны состоит из камней и пыли внешний слой луны называется корой,0.0,0.0,6.6,12
севернее посетите также великий храм фатимской богоматери усыпальница место всемирно известных явлений девы марии,севернее посетите также великий храм фатимской богоматери усыпальница место всемирно известных явлений девы марии,0.0,0.0,9.12,14
после строительства плотины в 1963 году сезонные паводки распространявшие по реке отложения прекратились,после строительства плотины в 1963 году сезонные паводки распространявшие по реке отложения прекратились,0.0,0.0,13.26,13
философ аристотель считал что всё состоит из смеси одного или нескольких из четырёх элементов это были земля вода воздух и огонь,философ аристотель считал что все состоит из смеси одного или нескольких из четырех элементов это были земля вода воздух и огонь,0.0952,0.0156,14.52,21
это кажется разумной идеей потому что мы не чувствуем что земля движется не так ли,это кажется разумной идеей потому что мы не чувствуем что земля движется не так ли,0.0,0.0,6.12,15
возможно вам также следует проконсультироваться с другими правительствами помимо своего но их рекомендации направлены на своих граждан,возможно вам также следует проконсультироваться с другими правительствами помимо своего но их рекомендации направлены на своих граждан,0.0,0.0,8.76,17
целые 20 процентов воды поступаемой из рек нашей планеты в океаны текут из амазонки,целые двадцать процентов воды поступаемой из рек нашей планеты в океаны текут из амазонки,0.0714,0.0964,8.4,14
он также атаковал все что входило в воду даже гигантский динозавр такой как тиранозавр не сравнился бы с ним,он также атаковал все что входило в воду даже гигантский динозавр такой как тиранозавр не сравнился бы с ним,0.0,0.0,11.88,19
каждый является членом общества и использует транспортные системы практически каждый жалуется на эти систем,каждый является членом общества и использует транспортные системы практически каждый жалуется на эти системы,0.0714,0.0093,8.28,14
кроме того между правлениями каждой династии царила раздробленность и нестабильность самой известной была эпоха троецарствия которая длилась 60 лет во время династий хань и цзинь,кроме того между правлениями каждой династии царила раздробленность и нестабильность самой известной была эпоха троецарствия которая длилась 60 лет во время династии хань и цинь,0.08,0.0112,13.56,25
первоначально он был госпитализирован в госпитале джеймса педжета в грейтярмуте,первоначально он был госпитализирован в госпитале джеймса педжета в грейд ярмуте,0.2,0.0253,7.8,10
помните что даже если музыка на главных сценах может уже закончится на фестивале могут быть участки на которых будут продолжать играть музыку до поздней ночи,помните что даже если музыка на главных сценах может уже закончиться на фестивале могут быть участки на которых будут продолжать играть музыку до поздней ночи,0.04,0.0064,10.92,25
в докладе содержится резкая критика почти каждого аспекта нынешней политики исполнительной власти в отношении ирака и настоятельный призыв к незамедлительной смене курса,в докладе содержится резкая критика почти каждого аспекта нынешней политики исполнительной власти в отношении ирака и настоятельный призыв к незамедлительной смене курса,0.0,0.0,11.34,22
оттава это прелестная двуязычная столица канады с огромным количеством художественных галерей и музеев открывающих прошлое и настоящее канады,оттава это прелестная двуязычная столица канады с огромным количеством художественных галерей и музеев открывающих прошлое и настоящее канады,0.0,0.0,10.98,18
сравнительно не далеко к северу расположен романтический и очаровательный городок синтра воспетый лордом байроном и получивший после этого известность во всём мире,сравнительно недалеко к северу расположен романтический и очаровательный городок синтра воспетый лордом байроном и получивший после этого известность во всем мире,0.1364,0.0123,11.64,22
севернее посетите также великий храм фатимской богоматери усыпальница место всемирно известных явлений девы марии,северное посетитель также великий храм фатимской богоматери усупальница место всемирно известных явлений девы марии,0.2143,0.0354,11.28,14
он не смог принять препараты необходимые для облегчения боли так как они запрещены в играх,он не смог принять препараты необходимые для облегчения боли так как они запрещены в играх,0.0,0.0,6.84,15
львы самые социальные кошки живущие в больших группах которые называются прайдами,львы самые социальные кошки живущие в больших группах которые называются прайдами,0.0,0.0,6.36,11
в начальный период своего существования это шоу транслировалось только на сайте давно существующего онлайнрадио toginet radio посвященного радиобеседам,в начальный период своего существования это шоу транслировалось только на сайте давно существующего онлайнрадио тогинет радио посвященного радиобеседам,0.1111,0.0795,11.34,18
эпоха троецарствия была одним из самых кровавых периодов в истории древнего китая тысячи людей погибли сражаясь за место на троне в большом дворце в сиане,эпоха троецарствия была одним из самых кровавых периодов в истории древнего китая тысячи людей погибли сражая за место на троне в большом дворце в сиане,0.04,0.013,11.52,25
большинство воззрений на технологический детерминизм разделяют две общие идеи что направление развития технологий практически неподвластно культурному или политическому влиянию и что в свою очередь воздействие технологий на общество обусловлено их собственными свойствами а не обществом,большинство воззрений на технологический детерминизм разделяют две общие идеи что направление развития технологий практически не подгласно культурному или политическому влиянию и что в свою очередь воздействи технологий на общество обусловлено их собственными свойствами а не обществом,0.0857,0.014,20.16,35
но оказавшись в глубоких тропиках лишь в нескольких градусах к северу от экватора вам придется справляться как с жарой постоянно так и с сильным солнцем при безоблачном небе реже,но оказавшись в глубоких тропиках лишь нескольких градусов к северу от экватора вам придется справляться как с жарой постоянно так и с сильным солнцем при безоблачном небе реже,0.069,0.0225,12.48,29
не подвергайте ткань воздействию слишком высокой температуры что может привести к усадке или в очень редких случаях к ожогу,не подвергайте ткань воздействию слишком высокой температуры что может привести к усадке или в очень редких случаях к ожогу,0.0,0.0,9.06,19
финляндия отличное место для лодочного туризма в стране тысячи озёр также есть тысячи островов на озёрах и в прибрежных архипелагах,финляндия отличное место для лодочного туризма в стране тысячи озер также есть тысячи островов на озерах и в прибережных архипелагах,0.15,0.0229,12.78,20
15 августа 1940 года союзники вторглись в южную часть франции вторжение получило название операция драгун,15 августа 1940 года союзники вторглись в южную часть франции вторжение получило название операция драгун,0.0,0.0,10.32,15
таким образом вполне вероятно что запись была добавлена просто как пометка,таким образом вполне вероятно что запись была добавлена просто как пометка,0.0,0.0,7.74,11
не видно ничего кроме чистого прекрасного неба над головой и множества окружающих гор из глубины пещеры можно видеть и слышать лишь очень малую часть этого мира,не видно ничего кроме чистого прекрасного неба над головой и множества окружающих гор из глубины пещеры можно видеть и слышать лишь очень малую часть этого мира,0.0,0.0,11.28,26
мадагаскар намного больше других и является самобытным континентом в том что касается дикой природы,мадагаскар намного больше других и является самобытным континентом в том что касается дикой природы,0.0,0.0,8.04,14
по мере того как знание греческого языка ухудшалось запад оказался отрезанным от своих философских и научных греческих корней,по мере того как знание греческого языка ухудшалось запад оказался отрезанным от своих философских и научных греческих корней,0.0,0.0,10.38,18
это не станет прощанием это закрытие одной главы и открытие новой,это не станет прощанием это закрытие одной главы и открытие новой,0.0,0.0,8.88,11
сам автомобиль убрали с места происшествия в тот же день примерно в 1200 по гринвичу,сам автомобиль убрали с места происшествия в тот же день примерно в 12 часов по гринвичу,0.1333,0.0714,7.56,15
кроме того между правлениями каждой династии царила раздробленность и нестабильность самой известной была эпоха троецарствия которая длилась 60 лет во время династий хань и цзинь,кроме того между правлениями каждой династии царила раздробленность и нестабильность самой известной была эпоха троецарствия которая длилась 60 лет во время династии хань и цинь,0.08,0.0112,12.96,25
стрекозы и поденки являются единственными насекомыми которые не могут складывать крылья назад,стрекозы и поденки являются единственными насекомыми которые не могут складывать критери назад,0.0833,0.0538,7.56,12
оттава это прелестная двуязычная столица канады с огромным количеством художественных галерей и музеев открывающих прошлое и настоящее канады,оттава это прелестная двуязычная столица канады с огромным количеством художественных галерей и музеев открывающих прошлое и настоящее канады,0.0,0.0,11.58,18
территория гонконга была названа в честь острова гонконг места которое многие туристы считают главным объектом своего внимания,территория гонконга была названа в честь острова гонконг место которое многие туристы считают главным объектом своего внимания,0.0588,0.0079,9.48,17
федерация гимнастики сша поддерживает письмо олимпийского комитета сша и соглашается с абсолютной необходимостью создания безопасной среды для всех наших спортсменов,федерация гимнастики сша поддерживает письмо олимпийского комитета сша и соглашается с абсолютной необходимостью создания безопасной среды для всех наших спортсменов,0.0,0.0,11.28,20
эти пары могут выбрать создание плана усыновления для своего ребёнка,эти пары могут выбрать создание плана усыновления для своего ребенка,0.1,0.0147,5.58,10
возможно вам также следует проконсультироваться с другими правительствами помимо своего но их рекомендации направлены на своих граждан,возможно вам также следует проконсультироваться с другими правительствами помимо своего но их рекомендации направлены на своих граждан,0.0,0.0,11.22,17
работа моряков традиционно заключается в том чтобы обеспечивать способность страны перемещать свои народ и товары а также одновременно препятствовать возможности врага перемещать свои народ и товары,работа моряков традиционно заключается в том чтобы обеспечивать способность страны перемещать свои народ и товары а также одновременно препятствовать возможности врага перемещать свои народа товары,0.0769,0.0101,14.04,26
это иногда переполненные народом семейные пляжи с хорошим выбором магазинов расположенных вдоль берега плавать безопасно,это иногда переполнено на родом семейные пляжи с хорошим выбором магазинов расположенных вдоль берега плавать безопасно,0.2,0.0333,8.58,15
ионы водорода это протоны от которых отделены электроны атомы водорода состоят из одного протона и одного электрона,ионы водорода это протоны от которых отделены электроны атомы водорода состоят из одного протона и одного электрона,0.0,0.0,8.88,17
например самый распространённый в мире формат для статических фотографий 35 мм и именно этот размер был доминирующим размером плёнки на закате аналоговой эры,например самый распространенный в мире формат для статических фотографий 35 мм и именно этот размер был доминирующим размером пленки на закате аналоговой эры,0.087,0.0127,15.6,23
официальными языками барселоны являются каталанский и испанский примерно половина населения предпочитает разговаривать на каталанском большинство понимают его и практически все знают испанский,официальными языками барселоны являются каталанский и испанский примерно половина населения предпочитает разговаривать на каталанском большинство понимает его и практически все знают испанский,0.0455,0.0052,10.44,22
для спрингбокс это прервало пятиматчевую серию поражений,для спрингбокс это прервало пятиматчевую серию поражений,0.0,0.0,7.08,7
плато гиза или же некрополь гизы в египетской долине мёртвых включает несколько пирамид из которых великая пирамида гизы самая большая несколько небольших гробниц несколько храмов и большой сфинкс,плото гиза или же некрополь гизы в египетской долине мертвых включает несколько пирамид из которых великая пирамида гизы самая большая несколько небольших гробниц несколько храмов и большой сфинкс,0.0714,0.0102,12.72,28
сплавы по существу представляют собой смесь двух или более металлов не забывайте что в периодической таблице много элементов,сплавы по существу представляют собой смесь двух или более металлов не забывайте что в периодической таблице много элементов,0.0,0.0,11.88,18
можно только гадать что станет с клавиатурой с появлением более новых технологий,можно только гадать что станет с клавиатурой с появлением более новых технологий,0.0,0.0,9.48,12
между 1000 и 1100 вечера по горному времени заключенные устроили пожар во дворе,между 10 и 11 вечера по горному времени заключенные устроили пожар во дворе,0.1538,0.0506,7.62,13
путешественники направляющиеся в страны с высоким налогообложением могут иногда сэкономить значительную сумму особенно на таких товарах как спиртные напитки и табак,путешественники направляющиеся в страны с высоким налогообложением могут иногда сэкономить значительную сумму особенно на таких товарах как спиртные напитки и табак,0.0,0.0,14.64,21
столицей молдовы является кишинёв местный язык румынский но русский также широко распространён,столицей молдовы является кишинев местный язык румынский но русский также широко распространен,0.1667,0.0213,8.76,12
львиные прайды ведут себя очень похоже со стаями волков или собак животных которые по повадкам удивительно похожи на львов но не других крупных кошек и тоже очень опасны для своих жертв,львиные и прайды ведут себя очень похожи со стаями волков или собак животных которые по повадкам удивительно похожи на львов но не других крупных кошек и тоже очень опасны для своих жертв,0.0645,0.0162,14.16,31
хьюн ушел в отставку и в кабинете министров его заменит член парламента эд дейви ожидается что член парламента норман ламб займет принадлежащий дейви пост министра по делам бизнеса,хью нашел в оставку и в кабинете министров его заменит член парламента эд дэви ожидается что член парламента норман ламб займет принадлежащий дэви пост министра по делам бизнеса,0.1786,0.0444,15.6,28
мухаммед очень интересовался темами не связанными с мирской жизнью он часто посещал пещеру которая стала известна как хира на горе нур свет для размышлений,мухаммед очень интересовался темами не связанными с мирской жизнью он часто посещал пещеру которая стала известна как хира на горе нур свет для размышлений,0.0,0.0,12.3,24
сердцем тибетской медитации считается йога божеств посредством визуализации разнообразных божеств чистятся энергетические каналы запускаются чакры и достигается просветлённость сознания,сердцем тибетской медитации считается йога божеств посредством визуализации разнообразных божеств чистятся энергетические каналы запускаются чакры и достигается просветленность сознания,0.0526,0.0054,14.04,19
управление по чрезвычайным ситуациям северных марианских островов заявило что в стране не было сообщений о причинённом ущербе,управление по чрезвычайным ситуациям северных марианских островов заявило что в стране не было сообщения о причиненном ущербе,0.1176,0.016,13.08,17
всё же следуйте рекомендациям органов власти подчиняйтесь всем знакам и обратите пристальное внимание на предупреждения о безопасности,все же следуйте рекомендациям органов власти подчиняйтесь всем знакам и обратите пристальное внимание на предупреждения о безопасности,0.0588,0.0075,10.62,17
вчера утром возле главного полицейского управления газиантепа турция был подорван автомобиль в результате чего погибли 2 полицейских и еще более 20 человек получили ранения,вчера утром возле главного полицейского управления газянтепа турция был подорван автомобиль в результате чего погибли два полицейских и еще более 20 человек получили ранения,0.0833,0.0291,18.48,24
термин жук используется энтомологами формально для обозначения группы насекомых,термин жук используется энтомологами формально для обозначения группы насекомых,0.0,0.0,8.76,9
стрекозы и поденки являются единственными насекомыми которые не могут складывать крылья назад,стрекозы и паденки являются единственными насекомыми которые не могут складывать крылья назад,0.0833,0.0108,7.44,12
во время борьбы за независимость организованной движением мау мирное собрание в городе привело к убийству верховного вождя тупуа тамсесе леалофи iii,во время борьбы за независимость организованной движением мау мирное собрание в городе привело к убийству верховного вождя тупуа тамсеси леолофе третьего,0.1429,0.0743,16.98,21
так как у перьев динозавров отсутствует хорошо развитый стержень называемый рахисом но все же имеются другие отличительные черты бородки и бородочки исследователи пришли к выводу что рахис скорее всего появился позднее путем эволюционного развития других отличительных черт,так как у перевдинозавров отсутствует хорошо развитый стержень называемый ахисом но все же имеются другие отличительные черты и бородочки исследователи пришли к выводу что арахис скорее всего появился позднее путем эволюционного развития других отличительных черт,0.1351,0.044,20.76,37
у них лапы с чешуёй и когтями они откладывают яйца и ходят на двух задних лапах как тирекс,у них лапы с чешуей и когтями они откладывают яйца и ходят на двух задних лапах как тирекс,0.0556,0.0111,12.12,18
работа моряков традиционно заключается в том чтобы обеспечивать способность страны перемещать свои народ и товары а также одновременно препятствовать возможности врага перемещать свои народ и товары,работа моряков традиционно заключается в том чтобы обеспечивать способность страны перемещать свои народ и товары а также одновременно препятствовать возможности врага перемещать свои народ и товары,0.0,0.0,13.08,26
многие считали что он прав но многие верили в противоположное что солнечная система вращается вокруг земли включая солнце и даже другие звезды,многие считали что он прав но многие верили в противоположное что солнечная система вращается вокруг земли включая солнце и даже другие звезды,0.0,0.0,10.68,22
его длинные челюсти были усеяны более чем 70 острейшими зубами вдобавок имелся дополнительный ряд на нёбе так что тем кто встречался на его пути не было спасения,его длинные челюсти были усеяны более чем 70 острейшими зубами в добавок имелся дополнительный ряд на небе так что тем кто встречался на его пути не было спасения,0.1111,0.0124,12.96,27
пещера располагается на вершине горы к северу от мекки и полностью изолирована от остального мира,пещера располагается на вершине горы к северу от мекки и полностью изолирована от остального мира,0.0,0.0,9.36,15
массовое владение автомобилями также приводит к увеличению числа дтп на дорогах что приводит к изобретению в здравоохранении новых методов лечения полученных травм,массовое владение автомобилями также приводит к увеличению числа дтп на дорогах что приводит к изобретению здравоохранения новых методов лечения полученных травм,0.0909,0.0184,12.72,22
в 1990 году он был добавлен в список всемирного наследия находящегося под угрозой изза опасности со стороны песков пустыни,в 1990 году он был добавлен в список всемирного наследия находящегося под угрозой и за опасностью со стороны песков в пустыне,0.2632,0.0492,10.44,19
на некоторых маршрутах у более крупных компаний есть свои собственные самолёты но для других маршрутов и более мелких компаний с этим была проблема,на некоторых маршрутах у более крупных компаний есть свои собственные самолеты но для других маршрутов и более мелких компаний с этим была проблема,0.0435,0.0068,11.64,23
например самый распространённый в мире формат для статических фотографий 35 мм и именно этот размер был доминирующим размером плёнки на закате аналоговой эры,например самый распространенный в мире формат для статических фотографий 35 мм и именно этот размер был доминирующим размером пленки на закате аналоговой эры,0.087,0.0127,15.12,23
это обеспечит его обратную совместимость с 80211a 80211b и 80211g при условии что у базовой станции есть двойной приемник,это обеспечит его обратную совместимость с 8021a 80211b и 8021g при условии что у базовой станции есть двойной приемник,0.1053,0.0165,13.32,19
отбойное течение течение создаваемое волнами которые разбиваются о берег или иногда об риф или чтото подобное,отбойное течение течение создаваемое волнами которые разбиваются об берег или иногда об риф или чтото подобное,0.0625,0.0092,11.88,16
если вы хотите находиться рядом со сценой вам нужно приехать заранее чтобы найти место для кемпинга вблизи от музыки,если вы хотите находиться рядом со сценой вам нужно приехать заранее чтобы найти место для кемпинга вблизи от музыки,0.0,0.0,10.08,19
слава о нем как о центре роскоши пошла около 400 г н э и продолжалась примерно до 1100 г н э,слава о нем как о центре роскоши пошла около 400 года нашей эры и продолжалась примерно до 1000 года нашей эры,0.3333,0.2065,10.26,21
в тёплом климате ближнего востока дом не имел особого значения,в теплом климате ближнего востока дом не имел особого значения,0.1,0.0161,6.84,10
документ согласно утечке информации будет касаться спора насчёт границ которые палестина хочет установить на основе тех что существовали до начала шестидневной войны 1967 года,документ согласно утечке информации будет касаться спора насчет границ которые палестина хочет установить на основе тех что существовали до начала шестидневной войны 1967 года,0.0417,0.0057,11.88,24
однако изза медленных каналов связи стили на западе могут отставать на 2530 лет,однако изза медленных каналов связи стили на западе могут отставать на 2530 лет,0.0,0.0,7.32,13
через два года после окончания войны бывшие союзники стали врагами и началась холодная война,через два года после окончания войны бывшие союзники стали врагами и началась холодная война,0.0,0.0,7.44,14
не подвергайте ткань воздействию слишком высокой температуры что может привести к усадке или в очень редких случаях к ожогу,не подвергайте ткань воздействия слишком высокой температуры что может привести к усадке или в очень редких случаях к ожогу,0.0526,0.0081,8.88,19
гаитянский институт справедливости и демократии сослался на независимое исследование которое предполагает что непальский миротворческий батальон оон непреднамеренно завёз заболевание в гаити,гаитянский институт справедливости и демократии сослался на независимое исследование которое предполагает что непальский миротворческий батальон оон непреднамеренно завез заболевания в гаити,0.0952,0.0105,14.34,21
капустный сок меняет цвет в зависимости от того насколько кислотным или щелочным является химическое вещество,капустный сок меняет цвет в зависимости от того насколько кислотным или щелочным является химическое вещество,0.0,0.0,10.74,15
бухта была местом печально известного военноморского противостояния в 1889 году когда семь кораблей из германии сша и британии отказались покидать бухту,бухта была местом печально известного военноморского противостояния в 1889 году когда семь кораблей из германии сша и британии отказались покидать бухту,0.0,0.0,12.36,21
учёные надеются понять как образуются планеты особенно то как образовалась земля поскольку кометы сталкивались с землёй очень давно,ученые надеются понять как образуются планеты особенно то как образовалась земля поскольку кометы сталкивались с землей очень давно,0.1111,0.0153,9.36,18
атомная бомба работает на том принципе что для того чтобы много протонов и нейтронов находились в одном ядре необходима энергия,атомная бомба работает на том принципе что для того чтобы много протонов и нейтронов находилось в одном ядре необходима энергия,0.05,0.0079,11.7,20
канцелярия губернатора сообщила что 19 из раненных были офицерами полиции,канцелярия губернатора сообщила что 19 израненных были офицерами полиции,0.2,0.0137,6.24,10
большинство современных исследовательских телескопов это огромные сооружения в удаленных местах с благоприятными атмосферными условиями,большинство современных исследовательских телескопов это огромные сооружения в удаленных местах с благоприятными атмосферными условиями,0.0,0.0,10.8,14
вчера утром возле главного полицейского управления газиантепа турция был подорван автомобиль в результате чего погибли 2 полицейских и еще более 20 человек получили ранения,вчера утром возле главного полицейского управления газиантепа турция был подорван автомобиль в результате чего погибли два полицейских и еще более 20 человек получили ранения,0.0417,0.0174,16.68,24
джанкарло физикелла потерял контроль над управлением своим автомобилем и завершил гонку вскоре после старта,джанкарло физикела потерял контроль над управлением своим автомобилем и завершил гонку вскоре после старта,0.0714,0.0093,8.28,14
ученые смогли сделать вывод что темная материя воздействует на другую темную материю так же как и в случае с обычной материей,ученые смогли сделать вывод что темная материя воздействует на другую темную материю так же как и в случае с обычной материей,0.0,0.0,9.12,21
одним из наиболее распространённых методов используемых для иллюстрации важности социализации является иллюстрация нескольких прискорбных случаев когда дети изза отсутствия должного внимания неудачного стечения обстоятельств или умышленного жестокого обращения не контактировали со взрослыми во время своего взросления,одним из наиболее распространенных методов используемых для иллюстрации важности социализации является иллюстрация нескольких прискорбных случаев когда дети изза отсутствия должного внимания неудачного стечения птелиц или умышленного жестокого обращения не контактировали со взрослыми во время своего взросления,0.0556,0.0346,23.16,36
дюваль который женат и имеет двух совершеннолетних детей не произвел большого впечатления на миллера которому рассказали эту историю,дюваль который женат и имеет двух совершеннолетних детей не произвол большого впечатления на миллера которому рассказывали эту историю,0.1111,0.0227,11.7,18
либеральная критика усилий по восстановлению сосредоточивалась на том что контракты на восстановительные работы отдавались предположительно имеющим связи с правительством,либеральная критика усилий по восстановлению сосредоточивалась на том что контракты на восстановительной работе отдавались предположительно имеющим связи с правительством,0.1053,0.0176,12.12,19
в различных местах рима были установлены большие телевизионные экраны с помощью которых люди могли наблюдать за церемонией,в различных местах рима были установлены большие телевизионные экраны с помощью которых люди могли наблюдать за церемонией,0.0,0.0,9.72,17
он назвал эти слухи политической болтовнёй и глупостью,он назвал эти слухи политической болтовней и глупостью,0.125,0.0185,5.22,8
и наконец многие маленькие кошки включая гуляющих домашних кошек едят и охотятся на намного более многочисленных мелких животных наподобие насекомых грызунов ящериц и птиц,и наконец многие маленькие кошки включая гуляющих домашних кошек едят и охотятся на намного более многочисленных мелких животных наподобие насекомых грызунов ящериц и птиц,0.0,0.0,13.86,24
бишкек был описан одним обозревателем как погружающийся в состояние анархии поскольку группы людей бегали по улицам и грабили магазины с потребительскими товарами,бишкек был описан одним обозревателем как погружающийся в состояние анархии поскольку группы людей бегали по улицам и грабили магазины с потребительскими товарами,0.0,0.0,12.12,22
мозазавр был самым грозным хищником своего времени поэтому он не боялся никого кроме других мозазавров,мозозавр был самым грозным хищником своего времени поэтому он не боялся никого кроме других мозозавров,0.1333,0.0196,7.98,15
сам автомобиль убрали с места происшествия в тот же день примерно в 1200 по гринвичу,сам автомобиль убрали с места происшествия в тот же день примерно в 12 часов по гринвичу,0.1333,0.0714,7.56,15
однако процент людей с туберкулёзом с множественной лекарственной устойчивостью в целой группе больных туберкулезом все еще кажется низким 6000 от общего числа 330 000 зараженных в данный конкретный момент в юар,однако процент людей с туберкулезом с множественной лекарственной устойчивостью в целой группе больных туберкулезом все еще кажется низким 6 тысяч от общего числа 330 000 зараженных в данный конкретный момент в юар,0.0968,0.0332,16.14,31
соотношение сторон этого формата поделенное на двенадцать чтобы получить соотношение с небольшими целыми числами поэтому принято за 32,соотношение сторон этого формата поделенное на двенадцать чтобы получить соотношения с небольшими целыми числами поэтому принято за 3 к двум,0.2222,0.0597,10.56,18
федерация гимнастики сша поддерживает письмо олимпийского комитета сша и соглашается с абсолютной необходимостью создания безопасной среды для всех наших спортсменов,федерация гимнастики сша поддерживает письмо олимпийского комитета сша и соглашается с абсолютной необходимостью создания безопасной среды для всех наших спортсменов,0.0,0.0,11.88,20
однако после потери калитки капитана индия совершила лишь 36 пробегов потеряв 7 калиток для завершения иннингсов,однако после потери калитки капитана индия совершило лишь 36 пробегов потеряв семь калиток для завершения иннингсов,0.125,0.0446,11.1,16
он не назвал цифру для сокращений бюджетов сказав что они будут сделаны исходя из производительности экономики китая,он не назвал цифру для сокращений бюджетов сказав что они будут сделаны исходя из производительности экономики китая,0.0,0.0,11.82,17
к региональным и сезонным опасным явлениям погоды относятся метели снежные бури ледяные и пыльные бури,к региональным и сезонным опасным явлениям погоды относятся метея снежные бури ледяные и пыльные бури,0.0667,0.0196,9.48,15
взаимосвязь между патологией мозга и поведением используется учёными в их исследованиях,взаимосвязь между патологией мозга и поведением используются учеными в их исследованиях,0.1818,0.023,8.16,11
правящая партия организация народов югозападной африки свапо также сохранила большинство на парламентских выборах,правящая партия организации народов югозападной африки свапо также сохранила большинство на парламентских выборах,0.0769,0.0088,9.42,13
севернее посетите также великий храм фатимской богоматери усыпальница место всемирно известных явлений девы марии,в северне посетите также великий храм фатинской богоматери усупальница места всемирно известных явлений девы мории,0.4286,0.0619,9.36,14
сундарбан это крупнейший пояс прибрежных мангровых зарослей простирающийся от берега на 80 км 50 миль вглубь континента в бангладеше и индии,сундарбан это крупнейший пояс прибережных мангровых зарослей простирающихся от берега на 80 км 50 миль вглубь континента бангладеша и индии,0.1905,0.0357,13.74,21
помимо соревнований в среду карпендо принимал участие в двух индивидуальных соревнованиях на чемпионатах,помимо соревнований в среду корпендо принимал участие в двух индивидуальных соревнованиях на чемпионатах,0.0769,0.0096,7.08,13
таким образом карандаш стал хорошим другом для многих людей когда появился,таким образом карандаш стал хорошим другом для многих людей когда появился,0.0,0.0,8.58,11
если вы хотите находиться рядом со сценой вам нужно приехать заранее чтобы найти место для кемпинга вблизи от музыки,если вы хотите находиться рядом со сценой вам нужно приехать заранее чтобы найти место для кемпинга вблизи от музыки,0.0,0.0,9.96,19
глажка влажной одежды помогает ей высохнуть многие отели предоставляют напрокат утюг и гладильную доску даже если они отсутствуют в номере,глажка влажной одежды помогает ей высохнуть многие отели предоставляют нам прокату тюг и гладильную доску даже если они отсутствуют в номере,0.15,0.029,12.66,20
эпоху в которой происходили данные события принято называть высоким средневековьем периодом европейской истории затрагивающим xi xii и xiii века 10001300 гг н э,эпоху в которой происходили данные события принято называть высоким средневековьем периодом европейской истории затрагивающим xi xii и xiii века 1300 годы нашей эры,0.1739,0.0813,19.56,23
представьте что лыжный маршрут это пешеходный маршрут,представьте что лыжный маршрут это пешеходный маршрут,0.0,0.0,6.18,7
собственные стили начали развиваться в западной европе к концу средневековья одним из самых больших достижений того времени благодаря крестовым походам стало использование пуговиц для застегивания одежды,собственные стили начали развиваться в западной европе к концу средневековья одним из самых больших достижений того времени благодаря крестовым походам стало использование пуговец для застегивания одежды,0.0385,0.0049,14.22,26
nextgen это система которая по заверению федеральной авиационной администрации сша позволит самолетам летать по сокращенным маршрутам и ежегодно экономить миллионы галлонов топлива а также снизить выбросы углерода,нексджен это система которая по заверению федеральной авиационной администрации сша позволит самолетам летать по сокращенным маршрутам и ежегодно экономить миллионы галлонов топлива а также снизить выбросы углерода,0.037,0.0376,19.56,27
львиные прайды ведут себя очень похоже со стаями волков или собак животных которые по повадкам удивительно похожи на львов но не других крупных кошек и тоже очень опасны для своих жертв,львиные прайды ведут себя очень похожи со стаями волков или собак животных которые по повадка удивительно похожи на львов но не на других крупных кошек и тоже очень опасны для своих жертв,0.0968,0.027,18.12,31
но еще можно многое сказать о птицах которые всё ещё выглядят как динозавры,но еще можно многое сказать о птицах которые все еще выглядят как динозавры,0.1538,0.0267,6.12,13
когда лиггинс работал в больнице в свободное от работы время он начал расследовать случаи преждевременных родов,когда лиггинс работал в больнице в свободное от работы время он начал расследовать случаи преждевременных родов,0.0,0.0,12.24,16
в некоторых местах достаточно прокипятить воду в течение минуты в других потребуется несколько минут,в некоторых местах достаточно прокипить воду в течение минуты в других потребуется несколько минут,0.0714,0.02,10.62,14
в результате бригады пожарных потушили пожар к 2335,в результате бригады пожарных потушили пожар в 2335,0.125,0.0196,6.06,8
на удалённых островах кредитные карты возможно не будут приниматься хотя британскую и американскую валюту могут принять заранее проясните с владельцами какой способ оплаты является приемлемым,на удаленных островах кредитные карты возможно не будут приниматься хотя британскую и американскую валюту могут принять заранее проясните с владельцами какой способ оплаты является приемлемым,0.04,0.0052,13.32,25
вы можете по гома на бодабода мототакси обычная местная цена 500 конголезских франков за короткую поездку,вы можете погома на бодобода мототакси обычная местная цена пятьсот английских франков за короткую поездку,0.3125,0.1238,12.66,16
с момента основания асунсьона в 1537 парагваю в основном удалось сохранить большую часть своего самобытного характера и идентичности,с момента основания асунсиона в 1537 году парагвайю в основном удалось сохранить большую часть своего самобытного характера и идентичности,0.1667,0.053,12.42,18
он не назвал цифру для сокращений бюджетов сказав что они будут сделаны исходя из производительности экономики китая,он не назвал цифр для сокращения бюджетов сказав что они будут сделаны исходя из производительности экономики китая,0.1176,0.0172,10.8,17
канцелярия губернатора сообщила что 19 из раненных были офицерами полиции,канцелярия губернатора сообщила что 19 израненных были офицерами полиции,0.2,0.0137,7.02,10
отбивающие мячи среднего звена сачин тендулкар и рахул дравид хорошо выступили и заработали в тандеме результат в сто баллов,отбивающие мячи среднего звена сачин тиндулкар и рахул гравид хорошо выступили и заработали в тандеме результат 100 баллов,0.2105,0.0565,10.02,19
как правило могут проявляться два типа поведения когда менеджеры начинают руководить людьми ранее равными им по статусу одна крайность спектра это попытка оставаться своим парнем или девушкой,как правило могут проявляться два типа поведения когда менеджеры начинают руководить людьми ранее равными им по статусу одна крайна спектра это попытка оставаться своим парнем или девушкой,0.037,0.0209,14.28,27
в частности утверждается что можно определить лжет ли человек при помощи правильной интерпретации его микровыражений,в частности утверждается что можно определить лжет ли человек при помощи правильной интерпретации его микровыражений,0.0,0.0,9.36,15
губернатор калифорнии арнольд шварценеггер подписал закон запрещающий продажу или прокат видеоигр с применением насилия несовершеннолетним лицам,губернатор калифорнии арнольд шварценеггер подписал закон запрещающий продажу или прокат видеоигр с применением насилия несовершеннолетним лицам,0.0,0.0,14.4,16
чем меньше число россби тем менее активна звезда по отношению к инверсиям магнитного поля,чем меньше число розби тем менее активна звезда по отношению к инверсиям магнитного поля,0.0714,0.0225,9.6,14
для людей может быть неожиданным что терпение и понимание необходимо проявлять и к путешественникам вернувшимся домой,для людей может быть неожиданным что терпение и понимание необходимо проявлять их к путешественникам вернувшимся домой,0.0625,0.0085,9.72,16
с момента основания асунсьона в 1537 парагваю в основном удалось сохранить большую часть своего самобытного характера и идентичности,с момента основания асунсиона в 1537 парагваю в основном удалось сохранить большую часть своего самобытного характера и идентичности,0.0556,0.0076,12.12,18
он уэльс по сути лгал нам с самого начала вопервых действуя так как будто это нужно было сделать по юридическим причинам вовторых делая вид что слушает нас вплоть до своего удаления изображений,он уэльс по сути лагал нам с самого начала вопервых действуя так как будто это нужно было сделать по юридическим причинам вовторых делая вид что слушает нас вплоть до своего удаления изображений,0.0312,0.0052,14.28,32
это обеспечит его обратную совместимость с 80211a 80211b и 80211g при условии что у базовой станции есть двойной приемник,это обеспечит его обратную совместимость с 80211a 8211b и 80211g при условии что у базовой станции есть двойной приемник,0.0526,0.0083,13.86,19
отбивающие мячи среднего звена сачин тендулкар и рахул дравид хорошо выступили и заработали в тандеме результат в сто баллов,обивающие мечи среднего звена сачин тендулкар и рахул дравид хорошо выступили и заработали в тандеме результат в 100 баллов,0.1579,0.0403,12.48,19
оттава это прелестная двуязычная столица канады с огромным количеством художественных галерей и музеев открывающих прошлое и настоящее канады,атава это прелестная двуязычная столица канады с огромным количеством художественных галерей и музеев открывающих прошлое и настоящее канады,0.0556,0.0142,14.76,18
нам точно не известно но не исключается что его язык был раздвоен он питался черепахами большими рыбами прочими мозазавры а мог быть и каннибалом,нам точно неизвестно но не исключается что его язык был раздвоен он питался черепахами большими рыбами прочими музозавры а мог быть и каннибалом,0.125,0.0207,13.68,24
в результате бригады пожарных потушили пожар к 2335,в результате бригады пожарных потушили пожар к 2335,0.0,0.0,7.56,8
козы повидимому впервые были одомашнены около 10 000 лет назад в иранских горах загрос,козы повидимому впервые были одомашнены около 10 тысяч лет назад в иранских горах загрос,0.0714,0.0581,8.4,14
великая пирамида была возведена египтянами в третьем веке до нашей эры и является одним из множества больших пирамидальных сооружений построенных чтобы почтить память фараона,великая пирамида была возведена египтянами в iii веке до нашей эры и является одним из множества больших пирамидальных сооружений построенных чтобы почтеть память фараона,0.0833,0.046,12.48,24
все кто собирается ехать по высокоширотной области или по горным перевалам должны учитывать возможность снега льда или морозов,все кто собирается ехать по высокоширотной области или по горным перевалам должны учитывать возможность снега льда и морозов,0.0556,0.0159,13.56,18
будучи всесторонне развитым атлетом тигр может взбираться на деревья хотя и не очень хорошо плавать прыгать на большие расстояния и тянуть с силой пяти крепких человек,будучи всесторонне развитым атлетом тигр может забираться на деревья хотя не очень хорошо плавать прыгать на большие расстояния и тянуть силы пяти крепких человек,0.1538,0.0479,13.38,26
конгресс начал финансировать инициативу по борьбе с развратом в 2005 налоговом году и определил что фбр должно выделить 10 агентов на борьбу со взрослой порнографией,конгресс начал финансировать инициативу по борьбе с возвратом в 2005 налогово году и определил что фбр должно выделить 10 агентов на борьбу со взрослой порнографией,0.08,0.0182,13.32,25
неблагоприятные метеоусловия это общий термин для обозначения любого опасного явления погоды способного причинить какойлибо ущерб вызвать серьёзные социальные потрясения или привести к человеческим жертвам,неблагоприятные метеоусловия это общий термин для обозначения любого опасного явления погоды способного причинить какойлибо ущерб вызвать серьезные социальные потрясения или привести к человеческим жертвам,0.0417,0.0049,19.44,24
с 1966 года сундарбан является заповедником дикой природы и по имеющимся подсчётам на его территории в настоящее время обитают 400 бенгальских тигров и около 30 000 пятнистых оленей,с 1966 года сундарпан является заповедником дикой природы и по имеющимся почетам на его территории в настоящее время обитают 400 бенгальских тигров и около 30 000 пятнистых оленей,0.0714,0.0221,15.72,28
растения выглядят лучше всего в своей естественной среде обитания поэтому не поддавайтесь искушению взять хотя бы один экземпляр,растения выглядят лучше всего в своей естественной среде обитания поэтому не поддавайтесь искушению взять хотя бы один экземпляр,0.0,0.0,11.94,18
в 2002 году город гома был разрушен лавой вулкана ньирагонго которая похоронила под собой большую часть городских улиц особенно центральную часть города,в 2002 году город гома был разрушен лавой вулкана нирагонга которая похоронила под собой большую часть городских улиц особенно центральную часть города,0.0455,0.0132,12.06,22
на видимой стороне может быть больше лунных морей потому что там кора тоньше лаве было легче подняться на поверхность,на видимой стороне может быть больше лунных морей потому что там кора тоньше лаве было легче подняться на поверхность,0.0,0.0,11.88,19
начальник полиции чандра шехар соланки заявил что обвиняемые были представлены перед судьями с закрытыми лицами,начальник полиции чанд шихар саланки заявил что обвиняемы были представлены перед судьями с закрытыми лицами,0.2667,0.045,8.28,15
одна из бомб взорвалась возле офиса генералгубернатора,одна из бомб взорвалась возле офиса генералгубернатора,0.0,0.0,7.56,7
когда лиггинс работал в больнице в свободное от работы время он начал расследовать случаи преждевременных родов,когда лиггинс работал в больнице свободное от работы время он начал расследовать случаи преждевременных родов,0.0625,0.018,8.76,16
целые 20 процентов воды поступаемой из рек нашей планеты в океаны текут из амазонки,целые двадцать процентов воды поступаемой из рек нашей планеты в океаны текут из амазонки,0.0714,0.0964,7.32,14
документ согласно утечке информации будет касаться спора насчёт границ которые палестина хочет установить на основе тех что существовали до начала шестидневной войны 1967 года,документ согласно утечке информации будет касаться спор насчет границ которые палестина хочет установить на основе тех что существовали до начала шестидневной войны 1967 года,0.0833,0.0114,12.66,24
однако после потери калитки капитана индия совершила лишь 36 пробегов потеряв 7 калиток для завершения иннингсов,однако после потери калитки капитана индия совершило лишь 36 пробегов потеряв семь калиток для завершения иннингсов,0.125,0.0446,12.84,16
только мутации в клетках зародышевой линии могут передаваться далее детям в то время как мутации гдето ещё могут привести к гибели клеток или раку,только мутации в клетках зародышева линии могут передаваться далее детям в то время как мутации гдето еще могут привести к гибели клеток или раку,0.0833,0.0205,8.94,24
более традиционные церкви зачастую проводят пасхальное богослужение в субботу вечером во время пасхальных выходных при этом прихожане обычно начинают в полночь празднование воскресения христа,более традиционные церкви зачастую проводят пасхальное богослужение в субботу вечером во время пасхальных выходных при этом прихожане обычно начинают в полночь празднования воскресения христа,0.0417,0.0052,17.28,24
высота подмостового габарита составляет 15 метров строительство было завершено в августе 2011 года его не открывали для движения до марта 2017 года,высота подмостового габарита составляет 15 метров строительство было завершено в августе 2011 года его не открывали для движения до марта 2017 года,0.0,0.0,13.2,22
шпалы начали применяться довольно давно для того чтобы удерживать рельсы на месте однако впоследствии стало ясно что пути были более эффективны при полосе из железа сверху,шпалы начали применяться довольно давно для того чтобы удерживать рельсы на месте однако впоследствии стало ясно что пути были более эффективны при полосе их железа сверху,0.0385,0.0058,13.74,26
большие области далее к северу довольно редко заселены а некоторые из них практически незаселённая глушь,большие области далее к северу довольно редко заселены а некоторые из них практически незаселенная глушь,0.0667,0.0096,8.16,15
в репортажах по телевидению сообщается о белом дыме идущем от завода,в репортажах по телевидению сообщается о белом дыме идущем под завода,0.0909,0.0294,6.84,11
федерация гимнастики сша и олимпийский комитет сша имеют одинаковую цель сделать гимнастику и другие виды спорта настолько безопасными для спортсменов насколько это возможно чтобы они могли стремиться к своим целям в безопасной позитивной среде и были наделены всеми правами,федерация гимнастики сша и олимпийский комитет сша имеют одинаковую цель сделать гимнастику и другие виды спорта настолько безопасными для спортсменов насколько это возможно чтобы они могли стремиться к своим целям в безопасной позитивной среде и были наделены всеми правами,0.0,0.0,23.46,39
он является одной из главных достопримечательностей южной африки и считается ведущим среди южноафриканских национальных парков sanparks,он является одной из главных достопримечательностей южной африки и считается ведущим среди южноафриканских национальных парков санпаркс,0.0625,0.0593,10.56,16
мы строим наши дома и изготавливаем одежду из растений большая часть нашей пищи это растения без растений животные не смогли бы выжить,мы строим наши дома и изготавливаем одежду из растений большая часть нашей пищи это растения без растений животные не смогли бы выжить,0.0,0.0,9.96,22
твердо отказывайте мужчинам и не бойтесь стоять на своем такое недопустимо вне зависимости от культурных различий,твердо отказывайте мужчинам и не бойтесь стоять на своем такое недопустимо вне зависимости от культурных различий,0.0,0.0,9.48,16
апиа столица самоа город расположен на острове уполу и имеет население чуть менее 40 000 жителей,апия столица самоа город расположен на острове уполу и имеет население чуть менее 40 тысяч жителей,0.125,0.0625,8.7,16
документ согласно утечке информации будет касаться спора насчёт границ которые палестина хочет установить на основе тех что существовали до начала шестидневной войны 1967 года,документ согласно утечке информации будет касаться спора насчет границ которые палестина хочет установить на основе тех что существовали до начала шестидневной войны 1967 года,0.0417,0.0057,13.26,24
большинство зданий по краям комплекса было перестроено чтобы дать туристам более точное представление о том как они выглядели изначально,большинство зданий по краям комплекса было перестроено чтобы дать туристам более точное представление о том как они выглядели изначально,0.0,0.0,13.32,19
гренландия была слабо заселена в скандинавских сагах повествуется о том что эрика рыжего изгнали из исландии за убийство и продвигаясь дальше на запад он открыл гренландию и дал ей название,гренландия была слабо заселена в скандинавских сагах повествуется о том что эрика рыжио изгнали из исландии за убийство и продвигаясь дальше на запад он открыл гренландию и дал ей название,0.0333,0.0106,17.16,30
показатель ph определяется степенью насыщенности ионами водорода h в ph исследуемого химического соединения,показатель ph определяется степенью насыщенности ионами водорода hph исследуемого химического соединения,0.2308,0.028,10.44,13
территория гонконга была названа в честь острова гонконг места которое многие туристы считают главным объектом своего внимания,территория гонконга была названа в честь острова гонконг место которое многие туристы считают главным объектом своего внимания,0.0588,0.0079,12.84,17
их термические характеристики не такие стабильные как у больших пещер на земле которые часто поддерживают почти постоянную температуру но они соответствуют тому что является глубокими ямами в грунте сообщил глен кушинг из отдела планетной геологии геологической службы сша и университета северной аризоны расположенного во флагстаффе аризона,их термические характеристики не такие стабильные как у больших пещер на земле которые часто поддерживают почти постоянную температуру но они соответствуют тому что являются глубокими ямами в грунте сообщил гленн кушинг из отдела планетной геологии геологической службы сша и университета северной аризоны расположенного в флагстафе аризона,0.087,0.0117,26.58,46
на видимой стороне может быть больше лунных морей потому что там кора тоньше лаве было легче подняться на поверхность,на видимой стороне может быть больше лунных морей потому что там гора тоньше лаве было легче подняться на поверхность,0.0526,0.0085,10.32,19
сцены показывают на пирамидах и разные пирамиды освещаются,сцены показывают на пирамидах и разные пирамиды освещаются,0.0,0.0,5.34,8
национальный парк плитвицкие озёра сильно зарос лесом в основном буками елями и пихтами и представляет собой смесь альпийской и средиземноморской растительности,национальный парк литвицкие озера сильно зарос лесом в основном буками елями и пихтами и представляет собой смесь альпийской и срединоморской растительности,0.1429,0.0312,15.84,21
мы согласны с заявлением usoc о том что интересам наших спортсменов клубов а также их видов спорта больше соответствует проведение реформ внутри нашей организации а не аннулирование ее сертификации,мы согласны с заявлением нюсок о том что интересам наших спортсменов клубов а также их видов спорта больше соответствует проведению реформ внутри нашей организации а не аннулированию ее сертификации,0.1034,0.0355,16.38,29
сцены показывают на пирамидах и разные пирамиды освещаются,сцены показывают на пирамидах и разные пирамиды освещаются,0.0,0.0,5.22,8
к 1976 году было восстановлено 30 мачупикчу работы по реставрации продолжаются и по сей день,к 1976 году было восстановлено 30 мачу пикчу работы по реставрации продолжаются и по сей день,0.1333,0.0109,10.92,15
таким образом вполне вероятно что запись была добавлена просто как пометка,таким образом вполне вероятно что запись была добавлена просто как пометка,0.0,0.0,6.36,11
рассеянный склероз это заболевание поражающее центральную нервную систему которая состоит из головного мозга спинного мозга и зрительного нерва,рассеянный склероз это заболевание поражающее центральную нервную систему которое состоит из головного мозга спинного мозга и зрительного нерва,0.0556,0.014,11.16,18
козы повидимому впервые были одомашнены около 10 000 лет назад в иранских горах загрос,козы повидимому впервые были одомашнены около 10 тысяч лет назад в иранских горах за гроз,0.2143,0.0814,8.1,14
сильные ветра град обильные осадки и лесные пожары являются проявлениями и эффектами суровых погодных явлений таких как бури торнадо водяные смерчи и ураганы,сильные ветра град обильные осадки и лесные пожары являются проявлениями и эффектами суровых погодных явлений таких как буря торнадо водяные смерчи и ураганы,0.0435,0.0064,13.74,23
исследователи университета сообщили что эти два соединения вступают друг с другом в реакцию образуя кристаллы которые могут блокировать работу почек,исследователи университета сообщили что эти два соединения вступают друг с другом в реакцию образуя кристаллы которые могут блокировать работу почек,0.0,0.0,10.68,20
для людей может быть неожиданным что терпение и понимание необходимо проявлять и к путешественникам вернувшимся домой,для людей может быть неожиданным что терпение и понимание необходимо проявлять и к путешественникам вернувшимся домой,0.0,0.0,10.14,16
хотя никто не знает наверняка кто его написал известно что в начале своего существования этот большой пергаментный документ размером 29¾ на 24½ дюйма был свёрнут для более удобного хранения,хотя никто не знает наверняка кто его написал известно что в начале своего существования этот большой перкометный документ размером 293 чет на 2412 дюйма был свернут для более удобного хранения,0.1724,0.0582,17.1,29
шпалы начали применяться довольно давно для того чтобы удерживать рельсы на месте однако впоследствии стало ясно что пути были более эффективны при полосе из железа сверху,шпалы начали применяться довольно давно для того чтобы удерживать рельсы на месте однако впоследствии стало ясно что пути были более эффективными при полосе из железа сверху,0.0385,0.0117,13.08,26
во всех научных вопросах включая психологию были приняты взгляды аристотеля,во всех научных вопросах включая психологию были приняты взгляды аристотеля,0.0,0.0,9.6,10
исследуя архипелаги или посещая озера вы вполне сможете обойтись и без яхты,исследуя архипелаги или посещая озер вы вполне сможете обойтись и без яхты,0.0833,0.0133,6.54,12
виртуальные команды придерживаются тех же стандартов мастерства что и обычные команды но имеются небольшие различия,виртуальные команды придерживаются тех же стандартов мастерства что и обычные команды но имеются небольшие различия,0.0,0.0,8.76,15
национальный парк плитвицкие озёра сильно зарос лесом в основном буками елями и пихтами и представляет собой смесь альпийской и средиземноморской растительности,национальный парк литвицкие озера сильно зарос лесом в основном буками елями и пихтами и представляет собой смесь альпийской и средиземноморской растительности,0.0952,0.0125,12.48,21
в итоге сплочённая работа организации с целью преодолеть препятствие может привести к новому инновационному процессу который будет отвечать интересам клиента,в итоге сплоченная работа организации с целью преодолеть препятствия может привести к новому инновационному процессу который будет отвечать интересам клиента,0.1,0.0127,10.14,20
важно различать глаголы и дополнения,важно различать глаголы и дополнения,0.0,0.0,4.56,5
профессор памела фергюсон из университета данди отмечает что журналисты похоже и вправду ходят по опасной грани публикуя фотографии и прочие данные о подозреваемых,профессор памел фергусон из университета данди отмечает что журналисты похожи и вправду ходят по опасной грани публикуя фотографии и прочие данные о подозреваемых,0.1304,0.0184,15.36,23
но шенгенская зона в этом плане функционирует как единая страна,но шенгенская зона в этом плане функционирует как единая страна,0.0,0.0,5.94,10
согласно ядерному управлению японии на заводе были обнаружены радиоактивный цезий и йод,согласно ядерному управлению японии на заводе были обнаружены радиоактивные цезии и йод,0.1667,0.023,6.9,12
она тоньше под лунными морями и толще под нагорьями,она тоньше под лунными морями и толще под нагорьями,0.0,0.0,6.84,9
данный город сильно отличается от других городов страны так как в нем преобладает арабский колорит а не африканский,данный город сильно отличается от других городов страны так как в нем преобладает арабский колорит а не африканский,0.0,0.0,10.32,18
парижане слывут эгоцентричными грубыми и надменными,парижане словут эгоцентричными грубыми и надменными,0.1667,0.0196,4.92,6
в немецкой выпечке часто используются миндаль фундук и другие древесные орехи зачастую популярные торты отлично сочетаются с чашкой крепкого кофе,в немецкой выпечке часто используются миндаль фундук и другие древесные орехи зачастую популярные торты отлично сочетаются с чашкой крепкого кофе,0.0,0.0,10.68,20
некоторые атомы имеют нестабильное ядро что означает что они склонны распадаться при малом воздействие или без него,некоторые атомы имеют нестабильное ядро что означает что они склонны распадаться при малом воздействии или без него,0.0588,0.0087,9.48,17
развлекательноновостной сайт tmz полагает что фотограф остановил свой автомобиль на противоположной стороне бульвара сепульведа и попытался сделать снимки остановки полицейскими перед тем как перейти дорогу и продолжить полицейский калифорнийского дорожного патруля остановивший движение дважды был вынужден приказать ему перейти обратно,развлекательный новостной сайт tmz полагает что фотограф остановил свой автомобиль на противоположной стороне бульвара сыльпульведа и попытался сделать снимки остановки полицейскими перед тем как перейти дорогу и продолжить полицейский калифорнийского дорожного патруля остановивший движение дважды был вынужден приказать ему перейти обратно,0.075,0.0178,23.46,40
коллегирестлеры тоже отдали луне дань уважения,коллеги рестлеры тоже отдали луне дань уважения,0.3333,0.0217,6.84,6
виртуальный скаффолдинг помогающий в обучении встроен в программное обеспечение и предназначен для того чтобы напоминать объяснять и задавать вопросы насчёт процедур с которыми обучающемуся возможно было бы слишком трудно справиться в одиночку,виртуальный скафолдинг помогающий в обучении встроен в программное обеспечение и предназначен для того чтобы напоминать объяснять и задавать вопросы насчет процедур с которыми обучающимся возможно было бы слишком трудно справиться в одиночку,0.0938,0.0165,19.68,32
прерывание сна это процесс целенаправленного пробуждения во время обычного сна и повторного засыпания через короткое время 1060 минут,прерывание сна это процесс целенаправленного пробуждения во время обычного сна и повторного засыпания через короткое время 1060 минут,0.0,0.0,10.62,18
глажка влажной одежды помогает ей высохнуть многие отели предоставляют напрокат утюг и гладильную доску даже если они отсутствуют в номере,глажка влажной одежды помогает ей высохнуть многие отели предоставляют напрокат утюг и глодильную доску даже если они отсутствуют в номері,0.1,0.0145,11.1,20
звуковое и световое шоу на фоне пирамиды является одним из самых интересных мероприятий в этой местности для детей,звуковое и световое шоу на форами является одним из самых интересных мероприятий в этой местности для детей,0.1111,0.0614,10.32,18
среди большинства граждан и народов в 1920е годы преобладали такие настроения как пацифизм и изоляция,среди большинства граждан и народов в 1920 годы преобладали такие настроения как пацифизм и изоляция,0.0667,0.0099,12.48,15
эта стратегия доказала свою эффективность отрезав жизненно важные военные и гражданские поставки хотя эта блокада нарушала принятые повсеместно международные законы изложенные в нескольких международных соглашениях за последние двести лет,эта стратегия доказала свою эффективность отрезав жизненно важные военные и гражданские поставки хотя эта блокада нарушала принятые повсеместные международные законы изложенные в нескольких международных соглашениях за последние 200 лет,0.069,0.0336,15.84,29
будучи всесторонне развитым атлетом тигр может взбираться на деревья хотя и не очень хорошо плавать прыгать на большие расстояния и тянуть с силой пяти крепких человек,будучи всесторонне развитым атлетом тигр может взбираться на деревья хотя и не очень хорошо плавать прыгать на большие расстояния и тянуть силой пяти крепких человек,0.0385,0.012,13.38,26
например ежегодно учащиеся школы беннет в северной каролине создают сайт о своём посещении столицы штата и каждый год этот сайт обновляется но доступ к старым версиям попрежнему сохраняется они служат памятным альбомом,например ежегодно учащиеся школы беннет в северной каролине создают сайт о своем посещении столицы штата и каждый год этот сайт обновляется но доступ к старым версиям попрежнему сохраняется они служат памятным альбомом,0.0312,0.0046,15.72,32
в некоторых местах достаточно прокипятить воду в течение минуты в других потребуется несколько минут,в некоторых местах достаточно прокипятить воду в течение минуты в других потребуется несколько минут,0.0,0.0,10.2,14
правящая партия организация народов югозападной африки свапо также сохранила большинство на парламентских выборах,правящая партия организации народов югозападной африки сапо также сохранила большинство на парламентских выборах,0.1538,0.0177,9.9,13
после несчастного случая гибсон был доставлен в больницу но вскоре скончался,после несчастного случая гибсон был доставлен в больницу но вскоре скончался,0.0,0.0,5.88,11
интернет сочетает в себе элементы как массовых так и межличностных коммуникаций,интернет сочетает в себе элементы как массовых так и межличностных коммуникаций,0.0,0.0,8.7,11
одна из бомб взорвалась возле офиса генералгубернатора,одна из бомб взорвалась возле офиса генералгубернатора,0.0,0.0,7.26,7
вчера мартейи привёл к присяге новый временный избирательный совет вис состоящий из девяти участников,вчера мартей привел к присяге новый временный избирательный совет виз состоящий из девяти участников,0.2143,0.0297,8.46,14
к сожалению сложно изучать интенсивность движения автотранспорта потому что нельзя со стопроцентной вероятностью предсказать поведение водителя,к сожалению сложно изучать интенсивность движения автотранспорта потому что нельзя с 100 вероятностью предсказать поведение водителя,0.125,0.0979,10.68,16
в древнем китае использовали уникальный способ обозначения периодов времени каждый этап китая или каждая семья находившаяся у власти были особой династией,в древнем китае использовали уникальный способ обозначения периодов времени каждый этап китая или каждая семья находившаяся у власти были особой династией,0.0,0.0,15.06,21
получите новую смесь перемешав два сухих порошка в одной емкости а затем чистыми влажными руками слепите из этой смеси шарик,получите новую смесь перемешав два сухих порошка в одной емкости а затем чистыми влажными руками слепите из этой смеси шарик,0.0,0.0,13.92,20
представьте что лыжный маршрут это пешеходный маршрут,представьте что лыжный маршрут это пешеходный маршрут,0.0,0.0,6.18,7
использование видеозаписи привело к важным открытиям в сфере интерпретации микровыражений движений лица длительностью несколько миллисекунд,использование видеозаписи привело к важным открытия в сфере интерпретации микровыражений движения лица длительностью несколько миллисекунд,0.1333,0.0144,9.96,15
в том же месяце другой авиалайнер выкатился за пределы взлетной полосы в мешхеде и врезался в стену погибли семнадцать человек,в том же месяце другой авиалайнер выкатился за пределы взлетной полосы в мешхеде и врезался в стену погибли 17 человек,0.05,0.0794,9.48,20
большинство зданий по краям комплекса было перестроено чтобы дать туристам более точное представление о том как они выглядели изначально,большинство зданий по краям комплекса было перестроено чтобы дать туристам более точное представление о том как они выглядели изначально,0.0,0.0,9.54,19
этот осадок требовался для формирования пляжей и песчаных отмелей являвшихся местом обитания диких животных,этот осадок требовался для формирования пляжей и песчаных отмелей являвшихся местом обитания диких животных,0.0,0.0,10.38,14
даниэль лантань эксперт оон по вопросам данной болезни заявила что вспышка вероятно была вызвана миротворцами,даниэль лонтань эксперт оон по вопросам данной болезни заявила что вспышка вероятно была вызвана миротворцами,0.0667,0.0092,8.88,15
профессор памела фергюсон из университета данди отмечает что журналисты похоже и вправду ходят по опасной грани публикуя фотографии и прочие данные о подозреваемых,профессор памел фергисон из университета данди отмечает что журналисты похоже и вправду ходят по опасной грани публикуя фотографии и прочие данные о подозреваемых,0.087,0.0123,11.04,23
взаимосвязь между патологией мозга и поведением используется учёными в их исследованиях,взаимосвязь между патологией мозга и поведением используются учеными в их исследованиях,0.1818,0.023,7.2,11
например самый распространённый в мире формат для статических фотографий 35 мм и именно этот размер был доминирующим размером плёнки на закате аналоговой эры,например самый распространенный в мире формат для статических фотографий 35 мм и именно этот размер был доминирующим размером пленки на закате аналоговой эры,0.087,0.0127,15.0,23
некоторые атомы имеют нестабильное ядро что означает что они склонны распадаться при малом воздействие или без него,некоторые атомы имеют нестабильное ядро что означает что они склонны распадаться при малом воздействии или без него,0.0588,0.0087,8.82,17
однако изза медленных каналов связи стили на западе могут отставать на 2530 лет,однако изза медленных каналов связи стиле на западе могут отставать на 2530 лет,0.0769,0.0127,6.96,13
во время борьбы за независимость организованной движением мау мирное собрание в городе привело к убийству верховного вождя тупуа тамсесе леалофи iii,во время борьбы за независимость организованное движением мау мирное собрание в городе привело к убийству верховного вождя тупуго танцеса леолофи iii,0.1905,0.0473,12.48,21
прерывание сна это процесс целенаправленного пробуждения во время обычного сна и повторного засыпания через короткое время 1060 минут,прерывание сна это процесс целенаправленного пробуждения во время обычного сна и повторного засыпания через короткое время 1060 минут,0.0,0.0,10.56,18
слава о нем как о центре роскоши пошла около 400 г н э и продолжалась примерно до 1100 г н э,слава о нем как о центре роскоши прошла около 400 года нашей эры и продолжалась примерно до 1000 года нашей эры,0.381,0.2174,9.78,21
блоггерство является инструментом стимулирующим сотрудничество и оно мотивирует учащихся распространить процесс приобретения знаний далеко за пределы традиционного учебного дня,блогерство является инструментом стимулирующим сотрудничество и оно мотивирует учащихся распространить процесс приобретения знаний далеко за пределы традиционного учебного дня,0.0526,0.0057,11.88,19
отбойное течение течение создаваемое волнами которые разбиваются о берег или иногда об риф или чтото подобное,отбойное течение течение создаваемое волнами которые разбиваются об берег или иногда обрив или чтото подобное,0.1875,0.0275,10.86,16
сплавы по существу представляют собой смесь двух или более металлов не забывайте что в периодической таблице много элементов,сплавы по существу представляют собой смесь двух или более металлов не забывайте что в периодической таблице много элементов,0.0,0.0,9.96,18
выкладывание экскурсии в виртуальное пространство для всеобщего обозрения это также отличный способ освежить в памяти экскурсию и поделиться своим полученными знаниями с будущими классами,выкладывание экскурсии в виртуальное пространство для всеобщего обозрения это также отличный способ освежить память и экскурсию и поделиться своим полученным знанием с будущими классами,0.1667,0.0374,13.74,24
этот город также является отправной точкой для восхождения на вулкан ньирагонго а также здесь можно посмотреть на горных горилл в дикой природе по одной из самых дешёвых цен в африке,этот город также является отправной точкой для восхождения на вулкан ниерагонга а также здесь можно посмотреть на горный горил в дикой природе по одной из самых дешевых цен в африке,0.1333,0.033,14.28,30
официальной валютой фолклендских островов является фунт фолкендских островов fkp стоимость которого эквивалентна стоимости одного британского фунта стерлингов gbp,официальной валютой фолклендских островов является фунт фолкландских островов fkp стоимость которого эквивалентна стоимости одного британского фунта стерлингов gbp,0.0556,0.0123,12.96,18
правила отмены заказов могут отличаться но по состоянию на конец марта большая часть правил связанных с коронавирусом не распространяется на июль 2020 года когда были запланированы олимпийские игры,правила отмены заказов могут отличаться но по состоянию на конец марта большая часть правил связанных с коронавирусом не распространяется на июль 2020 года когда были запланированы олимпийские игры,0.0,0.0,20.28,28
круизы в санктпетербург включают прогулки по городу пассажиры круизов освобождены от визовых требований уточните условия,круизы в санктпетербург включают прогулки по городу пассажиры круизов освобождены от визовых требований уточните условия,0.0,0.0,12.9,15
управление по чрезвычайным ситуациям северных марианских островов заявило что в стране не было сообщений о причинённом ущербе,управление по чрезвычайным ситуациям северных марианских островов заявило что в стране не было сообщений о причиненном ущербе,0.0588,0.008,12.72,17
итальянский язык также является повседневным языком для большинства людей работающих в государстве в то время как латынь зачастую используется в религиозных церемониях,итальянский язык также является повседневным языком для большинства людей работающих в государстве в то время как латынь зачастую используется в религиозных церемониях,0.0,0.0,12.96,22
скаффолдинг это не метод обучения а скорее форма помощи тем кто проходит через новый опыт обучения такой как использование новой компьютерной программы или начало нового проекта,скафолдинг это не метод обучения а скорее форма помощи тем кто проходит через новый опыт обучения такой как использование новой компьютерной программы или начало нового проекта,0.0385,0.0056,12.6,26
до прибытия войск государство гаити не сталкивалось с проблемами касающимися данного заболевания с начала 19 века,до прибытия войск государство гаити не сталкивалось с проблемами касающимися данного заболевания с начала xix века,0.0625,0.0265,8.16,16
группа aerosmith отменила оставшиеся концерты в своем турне,группа аэро смит отменила оставшиеся концерты в своем турне,0.25,0.1525,5.46,8
в некоторых круизных брошюрах представлен берлин германия как вы можете видеть на карте наверху берлин находится вдали от моря и визит в город не включён в цену круиза,в некоторых круизных брошюрах представлен берлин германия как вы можете видеть на карте наверху берлин находится вдале от моря и визит в город не включен в цену круиза,0.0714,0.012,14.22,28
после несчастного случая гибсон был доставлен в больницу но вскоре скончался,после несчастного случая гибсон был доставлен в больницу но вскоре скончался,0.0,0.0,6.0,11
если вы не привыкли ездить по сельским дорогам будьте начеку преобладают крутые склоны узкие переулки и резкие повороты,если вы не привыкли ездить по сельским дорогам будьте начеку преобладают крутые склоны узкие переулки и резкие поворота,0.0556,0.0084,10.74,18
изучение движения отдельных водителей и автомобилей между двумя точками и их взаимодействие друг с другом осуществляется в рамках исследования транспортных потоков,изучение движения отдельных водителей и автомобилей между двумя точками их взаимодействия друг с другом осуществляется в рамках исследования транспортных потоков,0.0952,0.0184,12.0,21
горячий шоколад отвечает стандартам бельгии хотя фруктовые соки стоят дорого они имеют превосходное качество,горячий шоколад отвечает стандартам бельгии хотя фруктовые соки стоят дорого они имеют превосходное качество,0.0,0.0,8.16,14
официальными языками барселоны являются каталанский и испанский примерно половина населения предпочитает разговаривать на каталанском большинство понимают его и практически все знают испанский,официальными языками барселоны являются каталанский и испанский примерно половина населения предпочитает разговаривать на каталанском большинство понимают его и практически все знают испанский,0.0,0.0,13.92,22
подобные площадки которые посетило большое количество людей были организованы во многих других городах италии и в остальном мире в частности в польше,подобные площадки которые посетило большое количество людей были организованы во многих других городах италии и в остальном мире в частности в польше,0.0,0.0,14.4,22
не оскверняйте это место нанося или выцарапывая граффити на объекты вокруг,не оскверняйте это место нанося или выцарапывая граффити на объекты вокруг,0.0,0.0,8.94,11
он также атаковал все что входило в воду даже гигантский динозавр такой как тиранозавр не сравнился бы с ним,он также атаковал все что входило в воду даже гигантский динозавр такой как тиранозавр не сравнился бы с ним,0.0,0.0,8.64,19
если вы пересекаете северную часть балтийского моря зимой узнайте насчёт расположения каюты так как прохождение по льду приводит к довольно жуткому шуму который может мешать спать наиболее чувствительным людям,если вы пересекаете северную часть балтийского моря зимой узнайте насчет расположения каюты так как прохождение по льду приводит к довольно жуткому шуму который может мешать спать наиболее чувствительным людям,0.0345,0.0048,15.72,29
перри заявил что вернётся в техас чтобы оценить результаты сегодняшнего партийного собрания и определить стоит ли мне продолжать гонку но позже сказал что он её продолжит и будет участвовать в предварительных выборах в южной каролине 21 января,перри заявил что вернется в техас чтобы оценить результаты сегодняшнего партийного собрания и определить стоит ли мне продолжать гонку но позже сказал что он ее продолжит и будет участвовать в предварительных выборах в южной каролине 21 января,0.0541,0.0082,16.98,37
прерывание сна это процесс целенаправленного пробуждения во время обычного сна и повторного засыпания через короткое время 1060 минут,прерывание сна это процесс целенаправленного пробуждения во время обычного сна и повторного засыпания через короткое время 1060 минут,0.0,0.0,10.68,18
также после революции открылись возможности работы открылись всем мужчинам что позволило самым амбициозным и талантливым добиться успеха,также после революции открылись возможности работы открылись всем мужчинам что позволило самым амбициозным и талантливым добиться успеха,0.0,0.0,11.76,17
нынешняя сенатор и первая леди аргентины кристина фернандес де киршнер анонсировала выдвижение своей кандидатуры на пост президента вчера вечером в лаплате городе в 50 километрах 31 милях от буэносайреса,нынешняя сенатор и первая леди аргентины кристина фернандес дершнер анонсировала выдвижение своей кандидатуры на пост президента вчера вечером в лаплате в городе в 50 км31 милях от буэносайреса,0.1724,0.069,19.68,29
сундарбан это крупнейший пояс прибрежных мангровых зарослей простирающийся от берега на 80 км 50 миль вглубь континента в бангладеше и индии,сундарбан это крупнейший пояс прибрежных мангровых зарослей простирающийся от берега на 80 км 50 миль вглубь континентов бангладеше и индии,0.0952,0.0143,12.6,21
они вернулись в париж в карете окружённые толпой людей которые выкрикивали угрозы королю и королеве,они вернулись в париж в карете окруженные толпой людей которые выкрикивали угрозы королю и королеве,0.0667,0.0101,7.98,15
джанкарло физикелла потерял контроль над управлением своим автомобилем и завершил гонку вскоре после старта,джанкарло физикелло потерял контроль над управлением своим автомобилем и завершил гонку вскоре после старта,0.0714,0.0093,8.46,14
дюваль который женат и имеет двух совершеннолетних детей не произвел большого впечатления на миллера которому рассказали эту историю,дюваль который женат и имеет двух совершеннолетних детей не произвел большого впечатления на миллера которому рассказали эту историю,0.0,0.0,13.68,18
касабланка одно из наименее интересных мест для шопинга во всем марокко,косабланка одно из наименее интересных мест для шопинга во всем марокко,0.0909,0.0141,8.64,11
однако это неправда хотя чтото и написано на обороте документа это не карта сокровищ,однако это неправда хотя чтото и написано на обороте документа это не карта сокровищ,0.0,0.0,9.42,14
заявление было сделано после того как трамп провел телефонный разговор с президентом турции реджепом тайипом эрдоганом,заявление было сделано после того как трамп провел телефонный разговор с президентом турции реджипом таипом эрдоганом,0.125,0.0169,9.36,16
среди других номинаций лучшая картина режиссёр операторская работа дизайн костюмов монтаж фильма оригинальная музыка художникпостановщик звуковой монтаж звук и оригинальный сценарий,среди других номинаций лучшая картина режиссер операторская работа дизайн костюмов монтаж фильма оригинальная музыка художник постановщик звуковой монтаж звук и оригинальный сценарий,0.1429,0.011,16.14,21
всего за 2 недели силы свободной франции и американцы освободили южную францию и отправились в сторону германии,всего за две недели силы свободной франции и американцы освободили южную францию и отправились в сторону германии,0.0588,0.027,8.34,17
мы согласны с заявлением usoc о том что интересам наших спортсменов клубов а также их видов спорта больше соответствует проведение реформ внутри нашей организации а не аннулирование ее сертификации,мы согласны с заявлением usoc о том что интересам наших спортсменов клубов а также их видов спорта больше соответствует проведение реформ внутри нашей организации а не аннулирование ее сертификации,0.0,0.0,13.92,29
это не станет прощанием это закрытие одной главы и открытие новой,это не станет прощанием это закрытие одной главы и открытие новой,0.0,0.0,6.96,11
чтобыу видеть самые живописные места гонконга следует покинуть остров и направиться на побережье полуострова цзюлун что находится напротив,чтобы видеть самые живописные места гонконга следует покинуть остров и направиться на побережье полуострова дюлун что находится напротив,0.1111,0.0217,10.32,18
хоть гома и является достаточно безопасным местом следует заранее уточнять информацию насчёт любых поездок за пределы гомы чтобы понять в каком состоянии находятся боевые действия ведущиеся в провинции северное киву,хоть гома и является достаточно безопасным местом следует заранее уточнять информацию насчет любых поездок за пределы гомы чтобы понять в каком состоянии находятся боевые действия ведущиеся в провинции северное киву,0.0333,0.0047,22.08,30
интернет сочетает в себе элементы как массовых так и межличностных коммуникаций,интернет сочетает в себе элементы как массовых так и межличностных коммуникаций,0.0,0.0,6.78,11
в тёплом климате ближнего востока дом не имел особого значения,в теплом климате ближнего востока дом не имел особого значения,0.1,0.0161,4.62,10
центр церковной власти базировался в риме на протяжении более тысячи лет и такое сосредоточение могущества и богатства привело к тому что многие усомнились а соблюдается ли этот догмат,центр церковной власти базировался в риме на протяжении более тысячи лет и такое сосредоточение могущества и богатства привело к тому что многие усомнились а соблюдается ли этот догмат,0.0,0.0,12.84,28
звуковое и световое шоу на фоне пирамиды является одним из самых интересных мероприятий в этой местности для детей,звуковое и световое шоу на фоне пирамиды являются одним из самых интересных мероприятий в этой местности для детей,0.0556,0.0088,8.52,18
всего за 2 недели силы свободной франции и американцы освободили южную францию и отправились в сторону германии,всего за две недели силы свободной франции и американцы освободили южную францию и отправились в сторону германии,0.0588,0.027,12.78,17
в последствие он был перемещён в госпиталь адденбрук в кембридже,впоследствии он был перемещен в госпиталь эденбрук в кембридже,0.4,0.0781,6.0,10
энергия кундалини энергия просветления в кундалинийоге пробуждается через позы йоги дыхательные упражнения мантры и визуализации,энергия кундалини энергия просветления в кундалине йоге пробуждается через позы йоги дыхательные упражнения мантры и визуализации,0.1333,0.0156,14.04,15
апиа столица самоа город расположен на острове уполу и имеет население чуть менее 40 000 жителей,апия столица самоа город расположен на острове уполу и имеет население чуть менее 40 тысяч жителей,0.125,0.0625,7.98,16
мозазавр был самым грозным хищником своего времени поэтому он не боялся никого кроме других мозазавров,мазозавр был самым грозным хищником своего времени поэтому он не боялся никого кроме других мазозавров,0.1333,0.0392,8.64,15
например ежегодно учащиеся школы беннет в северной каролине создают сайт о своём посещении столицы штата и каждый год этот сайт обновляется но доступ к старым версиям попрежнему сохраняется они служат памятным альбомом,например ежегодно учащиеся школы бенет в северной каролине создают сайт о своем посещении столице штата и каждый год этот сайт обновляется но доступ к старым версиям попрежнему сохраняется и служат памятным альбомом,0.125,0.0229,15.96,32
поздно вечером в воскресенье президент сша дональд трамп через пресссекретаря заявил что войска сша покинут сирию,поздно вечером в воскресенье президент сша дональд трамп через пресссекретаря заявил что войска сша покинут сирию,0.0,0.0,9.66,16
почти все более мелкие острова являются независимыми государствами или ассоциированы с францией и известны как шикарные пляжные курорты,почти все более мелкие острова являются независимыми государствами или ассоциированы с францией и известны как шикарные пляжные курорты,0.0,0.0,10.68,18
учёные надеются понять как образуются планеты особенно то как образовалась земля поскольку кометы сталкивались с землёй очень давно,ученые надеются понять как образуются планеты особенно то как образовалась земля поскольку кометы сталкивались с землей очень давно,0.1111,0.0153,10.44,18
использование кораблей для транспортировки товаров является безусловно самым эффективным способом перевозки большого количества людей и грузов через океаны,использование кораблей для транспортировки товаров является безусловно самым эффективным способом перевозки большого количества людей и грузов через океаны,0.0,0.0,8.94,18
но оказавшись в глубоких тропиках лишь в нескольких градусах к северу от экватора вам придется справляться как с жарой постоянно так и с сильным солнцем при безоблачном небе реже,но оказавшись в глубоких тропиках лишь нескольких градусов к северу от экватора вам придется справляться как с жарой постоянно так и с сильным солнцем при безоблачном небе реже,0.069,0.0225,12.84,29
nextgen это система которая по заверению федеральной авиационной администрации сша позволит самолетам летать по сокращенным маршрутам и ежегодно экономить миллионы галлонов топлива а также снизить выбросы углерода,нестжен это система которая по заверению федеральной авиационной администрации сша позволит самолетам летать по сокращенным маршрутам и ежегодно экономить миллионы галлонов топлива а также снизить выбросы углерода,0.037,0.0329,21.96,27
путешественники направляющиеся в страны с высоким налогообложением могут иногда сэкономить значительную сумму особенно на таких товарах как спиртные напитки и табак,путешественники направляющиеся в страны с высоким налогообложением могут иногда сэкономить значительную сумму особенно на таких товарах как спиртные напитки и табак,0.0,0.0,15.72,21
древние культуры и племена начали оставлять их себе чтобы иметь под рукой молоко шерсть мясо и шкуру,древние культуры и племена начали оставлять их себе чтобы иметь под рукой молоко шерсть мясо и шкуру,0.0,0.0,8.52,17
население ватикана составляет около 800 человек это самая маленькая независимая страна в мире а также страна имеющая наименьшее население,население ватикана составляет около 800 человек это самая маленькая и независимая страна в мире а также страна имеющая наименьшее население,0.0526,0.0146,11.28,19
европа относительно маленький континент но на нём много независимых государств в обычных обстоятельствах путешествие через множество стран означало бы необходимость подачи прошений для получения визы и многократного прохождения паспортного контроля,европа относительно маленький континент но на нем много независимых государств в обычных обстоятельствах путешествие через множество стран означало бы необходимость подачи прошений для получения визы и многократного прохождения паспортного контроля,0.0333,0.004,17.16,30
массовое владение автомобилями также приводит к увеличению числа дтп на дорогах что приводит к изобретению в здравоохранении новых методов лечения полученных травм,массовое владение автомобилями также приводит к увеличению числа дтп на дорогах что приводит к изобретению здравоохранения новых методов лечения полученных травм,0.0909,0.0184,12.48,22
спутник был доставлен в космос ракетой ученые используют телескопы в космосе потому что атмосфера земли в некоторой степени искажает наш свет и обзор,спутник был доставлен в космос ракетой ученые используют телескопы в космосе потому что атмосфера земли в некоторой степени искажает наш свет и обзор,0.0,0.0,11.52,23
ученые смогли сделать вывод что темная материя воздействует на другую темную материю так же как и в случае с обычной материей,ученые смогли сделать вывод что темная материя воздействует на другую темную материю так же как и в случае с обычной материей,0.0,0.0,11.94,21
исследователи университета сообщили что эти два соединения вступают друг с другом в реакцию образуя кристаллы которые могут блокировать работу почек,исследователи университета сообщили что эти два соединения вступают друг с другом в реакцию образуя кристаллы которые могут блокировать работу почек,0.0,0.0,10.8,20
такие элементы как кальций и калий считаются металлами конечно также есть такие металлы как серебро и золото,такие элементы как кальций и калий считаются металлами конечно также есть такие металлы как серебро и золото,0.0,0.0,8.58,17
дети передаются под опеку по множеству разнообразных причин от беспризорности до жестокого обращения и даже вымогательств,дети передаются под опеку по множеству разнообразных причин от беспризорности до жестокого обращения и даже вымогательств,0.0,0.0,9.0,16
ее очень нелегко обнаружить даже тому кто знает о ее существовании в пещере человек оказывается в полной изоляции,ее очень нелегко обнаружить даже тому кто знает о ее существовании в пещере человек оказывается в полной изоляции,0.0,0.0,9.54,18
бишкек был описан одним обозревателем как погружающийся в состояние анархии поскольку группы людей бегали по улицам и грабили магазины с потребительскими товарами,бишкек был описан одним обозревателем как погружающийся в состояние анархии поскольку группа людей бегали по улицам и грабили магазины с потребительскими товарами,0.0455,0.0062,11.4,22
учебные экскурсии очень важны для любого класса очень часто учителям хочется отвезти своих учеников туда куда нельзя доехать на автобусе,учебные экскурсии очень важны для любого класса очень часто учителям хочется отвести своих учеников туда куда нельзя доехать на автобусе,0.05,0.0074,9.42,20
выкладывание экскурсии в виртуальное пространство для всеобщего обозрения это также отличный способ освежить в памяти экскурсию и поделиться своим полученными знаниями с будущими классами,выкладывание экскурсии в виртуальное пространство для всеобщего обозрения это также отличный способ освежить в памяти экскурсию и поделиться своими полученными знаниями с будущими классами,0.0417,0.0053,15.0,24
неблагоприятные метеоусловия это общий термин для обозначения любого опасного явления погоды способного причинить какойлибо ущерб вызвать серьёзные социальные потрясения или привести к человеческим жертвам,неблагоприятные метеоусловия это общий термин для обозначения любого опасного явления погоды способного причинить какойлибо ущерб вызвать серьезные социальные потрясения или привести к человеческим жертвам,0.0417,0.0049,15.84,24
вчера утром возле главного полицейского управления газиантепа турция был подорван автомобиль в результате чего погибли 2 полицейских и еще более 20 человек получили ранения,вчера утром возле главного полицейского управления газиантепо турции был подорван автомобиль в результате чего погибли двое полицейских и еще более 20 человек площади ранения,0.1667,0.064,12.54,24
на прошлой недели министерство экономики труда и промышленности объявило что apple проинформировала его о 34 дополнительных случаях перегрева которые компания назвала несерьёзными,на прошлой неделе в министерстве экономики труда и промышленности объявило что apple проинформировала его о 34 дополнительных случаях перегрева которые компания назвала несерьезными,0.1818,0.0279,13.32,22
слово цивилизация происходит от латинского civilis что означает гражданский и является родственником латинских слов civis означающего гражданин и civitas означающего город или городгосударство и оно также определенным образом выражает размер общества,слово цивилизация происходит от латинского сивилис что означает гражданский и является родственником латинских слов сивис означающего гражданин и сивитас означающего город или город государства и оно также определенным образом выражает размер общества,0.1613,0.084,19.44,31
скаффолдинг это не метод обучения а скорее форма помощи тем кто проходит через новый опыт обучения такой как использование новой компьютерной программы или начало нового проекта,скафолдинг это не метод обучения а скорее форма помощи тем кто проходит через новый опыт обучения такой как использование новой компьютерной программы или начало нового проекта,0.0385,0.0056,13.02,26
великая пирамида в гизе это единственное из семи чудес света которое существует сегодня,великая пирамида в гизе это единственное из семи чудес света которая существует сегодня,0.0769,0.023,10.02,13
будучи всесторонне развитым атлетом тигр может взбираться на деревья хотя и не очень хорошо плавать прыгать на большие расстояния и тянуть с силой пяти крепких человек,будучи всесторонне развитым атлетом тигр может сбираться на деревья хотя и не очень хорошо плавать прыгать на большие расстояния и тянуть с силой пяти крепких человек,0.0385,0.012,12.12,26
чем меньше число россби тем менее активна звезда по отношению к инверсиям магнитного поля,чем меньше число розби тем менее активна звезда по отношению к инверсиям магнитного поля,0.0714,0.0225,10.2,14
за пять минут до начала салюта ветер начал усиливаться минутой позже ветер достиг скорости 70 километров в час затем начался дождь такой сильный и крупный будто на тебя падают иголки потом с неба посыпался град люди в панике кричали и сталкивались друг с другом,за пять минут до начала салюта ветер начал усиливаться минутой позже ветер достиг скорости семьдесят километров в час затем начался дождь такой сильный и крупный будто на тебя падают иголки потом с неба посыпался град и люди в панике кричали и сталкивались друг с другом,0.0455,0.0421,24.9,44
романтизм во многом включал в себя культурный детерминизм почерпнутый у таких писателей как гёте фихте и шлегель,романтизм во многом включал в себя культурный детерминизм подчеркнутый у таких писателей как готы фихты и шлегель,0.1765,0.0446,12.78,17
хотя никто не знает наверняка кто его написал известно что в начале своего существования этот большой пергаментный документ размером 29¾ на 24½ дюйма был свёрнут для более удобного хранения,хотя никто не знает наверняка кто его написал известно что в начале своего существования этот большой пергаментный документ размером 293 четвер на 2401 дюйма был свернут для более удобного хранения,0.1379,0.0582,17.52,29
как и во всех южноафриканских национальных парках в этом парке существует ежедневная плата за его охрану и посещение,как и во всех южноафриканских национальных парках в этом парке существует ежедневная плата за его охрану и посещение,0.0,0.0,8.88,18
на некоторых маршрутах у более крупных компаний есть свои собственные самолёты но для других маршрутов и более мелких компаний с этим была проблема,на некоторых маршрутах у более крупных компаний есть свои собственные самолеты но для других маршрутов и более мелких компаний с этим была проблема,0.0435,0.0068,14.76,23
одна из бомб взорвалась возле офиса генералгубернатора,одна из бомб взорвалась возле офиса генералгубернатора,0.0,0.0,5.4,7
обратный поток сосредоточен в нескольких более глубоких участках где может образовываться быстрое течение уходящее на большую глубину изза подобной подводной топологии,обратный поток сосредоточен в нескольких более глубоких участках где может образовываться быстрое течение уходящее на большую глубину изза подобной подводной топологии,0.0,0.0,15.3,21
сейчас люди пишут сообщения на экранах компьютеров и им никогда не приходится иметь дело с точилкой,сейчас люди пишут сообщения на экранах компьютеров им никогда не приходилось миндело с точилкой,0.25,0.101,8.04,16
этот город также является отправной точкой для восхождения на вулкан ньирагонго а также здесь можно посмотреть на горных горилл в дикой природе по одной из самых дешёвых цен в африке,этот город также является отправной точкой для восхождения на вулкан ниерагонга а также здесь можно посмотреть на горных горел в дикой природе по одной из самых дешевых цен в африке,0.1,0.033,17.88,30
сравнительно не далеко к северу расположен романтический и очаровательный городок синтра воспетый лордом байроном и получивший после этого известность во всём мире,сравнительно недалеко к северу расположен романтический и очаровательный городок синдра воспетый лордом байроном и получивший после этого известность во всем мире,0.1818,0.0184,13.92,22
он также атаковал все что входило в воду даже гигантский динозавр такой как тиранозавр не сравнился бы с ним,он также атаковал все что входило в воду даже гигантский динозавр такой как тернозавр не сравнился бы с ним,0.0526,0.0185,9.36,19
гаитянский институт справедливости и демократии сослался на независимое исследование которое предполагает что непальский миротворческий батальон оон непреднамеренно завёз заболевание в гаити,гаитянский институт справедливости и демократии сослался на независимое исследование которое предполагает что непальский миротворческий батальон оон непреднамеренно завез заболевания в гаити,0.0952,0.0105,14.28,21
термин сафари в повседневном использовании означает наземную поездку с целью посмотреть поразительную дикую природу африки особенно в саванне,термин сафари в повседневном использовании означает наземную поездку с целью посмотреть поразительную дикую природу африки особенно в саванне,0.0,0.0,13.32,18
в течение этого периода европейской истории католическая церковь ставшая богатой и сильной оказалась объектом пристального внимания,в течение этого периода европейской истории католическая церковь ставшая богатой и сильной оказалась объектом пристального внимания,0.0,0.0,9.54,16
в статье речь президента оливер сакс описал как люди которые изза повреждения мозга неспособны понимать речь тем не менее могут правильно оценить искренность говорящего,в статье речь президента оливер сакс описал как люди которые изза повреждения мозга не способны понимать речь тем не менее могут правильно оценить искренность говорящего,0.0833,0.006,12.36,24
важно различать глаголы и дополнения,важно различать глаголы и дополнения,0.0,0.0,4.5,5
хоть гома и является достаточно безопасным местом следует заранее уточнять информацию насчёт любых поездок за пределы гомы чтобы понять в каком состоянии находятся боевые действия ведущиеся в провинции северное киву,хоть гома и является достаточно безопасным местом следует заранее уточнять информацию насчет любых поездок за пределы гомы чтобы понять в каком состоянии находятся боевые действия ведущиеся в провинции северное киву,0.0333,0.0047,20.4,30
для женщин всем туристкам рекомендуется говорить что они замужем независимо от их настоящего семейного положения,для женщин всем туристкам рекомендуется говорить что они замужем независимо от их настоящего семейного положения,0.0,0.0,8.16,15
официальной валютой фолклендских островов является фунт фолкендских островов fkp стоимость которого эквивалентна стоимости одного британского фунта стерлингов gbp,официальной валютой фолклендских островов является фунт фолклендских островов fkp стоимость которого эквивалентна стоимостью одного британского фунта стерлингов gbp,0.1111,0.0185,13.38,18
чем меньше число россби тем менее активна звезда по отношению к инверсиям магнитного поля,чем меньше число роспи тем менее активна звезда по отношению к инверсиям магнитного поля,0.0714,0.0225,7.8,14
их отличали дисциплинированная защита мастерство владения мячом и превосходная командная работа и было ясно что обыграть эту команду непросто,их отличали дисциплинированная защита мастерство владения мечом и превосходная командная работа и было ясно что обыграть эту команду непросто,0.0526,0.0071,10.62,19
все во вселенной состоит из материи вся материя состоит из мельчайших частиц называемых атомами,все во вселенной состоит из материи вся материя состоит из мельчайших частиц называемых атомами,0.0,0.0,7.2,14
более традиционные церкви зачастую проводят пасхальное богослужение в субботу вечером во время пасхальных выходных при этом прихожане обычно начинают в полночь празднование воскресения христа,более традиционные церкви зачастую проводят пасхальное богослужение в субботувечером во время пасхальных выходных при этом прихожания обычно начинают в полночь празднования воскресеньста,0.25,0.0524,13.62,24
доктора малар баласубраманиан 29 лет нашли в блюэше штат огайо пригороде примерно в 15 милях к северу от цинциннати он лежал на земле рядом с дорогой в футболке и нижнем белье и повидимому в состоянии сильного наркотического опьянения,доктор малар баласубраманиан 29 лет нашли в блюше штат агайо в пригороде примерно в 15 милях к северу от синценати он лежал на земле рядом с дорогой футболки и нижним белье и повидимому в состоянии сильного наркотического объединения,0.2368,0.0726,21.24,38
плато гиза или же некрополь гизы в египетской долине мёртвых включает несколько пирамид из которых великая пирамида гизы самая большая несколько небольших гробниц несколько храмов и большой сфинкс,плато гиза или же некрополь гизы в египетской долине мертвых включает несколько пирамид из которых великая пирамида гизы самая большая несколько небольших гробниц несколько храмов и большой сфинкс,0.0357,0.0051,14.64,28
лаккха сингх исполнил чхаппан бхог бхаджан певец раджу кханделвал пел вместе с ним,лакхосинг исполнил чхапан бхок бханджан певец раджу канделлал пел вместе с ним,0.4615,0.1098,13.38,13
для женщин всем туристкам рекомендуется говорить что они замужем независимо от их настоящего семейного положения,для женщин всем туристкам рекомендуется говорить что они замужем независимо от их настоящего семейного положения,0.0,0.0,8.28,15
эти пары могут выбрать создание плана усыновления для своего ребёнка,эти пары могут выбрать создание плана усыновления для своего ребенка,0.1,0.0147,6.12,10
получите новую смесь перемешав два сухих порошка в одной емкости а затем чистыми влажными руками слепите из этой смеси шарик,получите новую смесь перемешав два сухих порошка в одной емкости а затем чистыми влажными руками слепите из этой смеси шарик,0.0,0.0,9.9,20
также после революции открылись возможности работы открылись всем мужчинам что позволило самым амбициозным и талантливым добиться успеха,также после революции открылись возможности работы открылись всем мужчинам что позволило самым амбициозным и талантливым добиться успеха,0.0,0.0,13.08,17
в 2002 году город гома был разрушен лавой вулкана ньирагонго которая похоронила под собой большую часть городских улиц особенно центральную часть города,в 2002 году город гома был разрушен лавой вулкана нирагонго которая похоронила под собой большую часть городских улиц особенно центральную часть города,0.0455,0.0066,11.82,22
сундарбан был объявлен объектом всемирного наследия юнеско часть леса в пределах индийской территории называется национальный парк сундарбан,сундарбан был объявлен объектом всемирного наследия юнеско часть леса в пределах индийской территории называется национальный парк сундарбан,0.0,0.0,13.44,17
это привело к тому что два вида рыб вымерли а два других в том числе горбатый голавль попали под угрозу исчезновения,это привело к тому что два вида рыб вымерли а два других в том числе гробатой галавли попали под угрозу исчезновения,0.0952,0.0431,10.5,21
он является одной из главных достопримечательностей южной африки и считается ведущим среди южноафриканских национальных парков sanparks,он является одной из главных достопримечательностей южной африки и считается ведущим среди южноафриканских национальных парков санпаркс,0.0625,0.0593,11.16,16
горячий шоколад отвечает стандартам бельгии хотя фруктовые соки стоят дорого они имеют превосходное качество,горячий шоколад отвечает стандартам бельгии хотя фруктовые соки стоят дорого они имеют превосходные качества,0.1429,0.0185,9.66,14
исследуя архипелаги или посещая озера вы вполне сможете обойтись и без яхты,исследуя архипелаги или посещая озера вы вполне сможете обойтись и без яхты,0.0,0.0,9.24,12
его длинные челюсти были усеяны более чем 70 острейшими зубами вдобавок имелся дополнительный ряд на нёбе так что тем кто встречался на его пути не было спасения,его длинные челюсти были усеяны более чем 70 острейшими зубами в добавок имелся дополнительный ряд на небе так что тем кто встречался на его пути не было спасения,0.1111,0.0124,14.58,27
растения выглядят лучше всего в своей естественной среде обитания поэтому не поддавайтесь искушению взять хотя бы один экземпляр,растения выглядят лучше всего в своей естественной среде обитания поэтому не поддавайтесь искушению взять хотя бы один экземпляр,0.0,0.0,12.66,18
обычно всегда слышен шум от туристов и продавцов история звука и света похожа на книгу с историями,обычно всегда слышим шум от туристов и продавцов история звука и света похожа на книгу с историями,0.0588,0.0204,12.0,17
официальными языками барселоны являются каталанский и испанский примерно половина населения предпочитает разговаривать на каталанском большинство понимают его и практически все знают испанский,официальными языками барселоны являются каталанский и испанский примерно половина населения предпочитает разговаривать на каталанском большинство понимают его и практически все знают испанский,0.0,0.0,18.0,22
в начальный период своего существования это шоу транслировалось только на сайте давно существующего онлайнрадио toginet radio посвященного радиобеседам,в начальный период своего существования это шоу транслировалось только на сайте давно существующего онлайнрадио той же net radio посвященном радиобеседам,0.2222,0.0596,12.72,18
посредством движения устройства в воздухе игроки смогут управлять действиями и движениями в видеоиграх,посредством движения устройства в воздухе игроки смогут управлять действиями и движениями в видеоиграх,0.0,0.0,8.82,13
эпоху в которой происходили данные события принято называть высоким средневековьем периодом европейской истории затрагивающим xi xii и xiii века 10001300 гг н э,эпоху в которой происходили данные события принято называть высоким средневековьем периодом европейской истории затрагивающим xi xii и xiii века 1300 года нашей эры,0.1739,0.0813,18.3,23
тигриный рык не похож на полнозвучный рык льва а больше напоминает выкрикивание предложений из неразборчивых слов,тигриный рык не похож на полнозвучный рык льва а больше напоминает выкрикивание предложений из неразборчивых слов,0.0,0.0,10.98,16
гренландия была слабо заселена в скандинавских сагах повествуется о том что эрика рыжего изгнали из исландии за убийство и продвигаясь дальше на запад он открыл гренландию и дал ей название,гренландия была слабо заселена в скандинавских сагах повествуются о том что эрика рыжего изгнали из исландии за убийство и продвигаясь дальше на запад он открыл гренландию и дал ей название,0.0333,0.0053,14.04,30
аналогичным образом если у вас есть шенгенская виза вам не нужно подавать заявление на получение визы в каждую из странучастниц шенгенского соглашения отдельно что позволит вам сэкономить время и деньги а также избежать бумажной волокиты,аналогичным образом если у вас есть шенгенская виза вам не нужно подавать заявления на получение визы в каждую из стран участниц шенгенского соглашения отдельно что позволит вам сэкономить время и деньги а также избежать бумажной волокиты,0.0857,0.0084,21.84,35
в живых есть ещё много мужчин и женщин которые пережили своё пребывание здесь но есть ещё больше людей чьи близкие были убиты здесь или работали тут до смерти будь то евреи или люди других национальностей,в живых есть еще много мужчин и женщин которые пережили свое пребывание здесь но есть еще больше людей чьи близкие были убиты здесь или работали тут до смерти будь то евреи или люди других национальностей,0.0857,0.0147,15.0,35
великая пирамида в гизе это единственное из семи чудес света которое существует сегодня,великая пирамида в гизе это единственная из семи чудес света которая существует сегодня,0.1538,0.046,6.66,13
позже фотографы заняли место пожилой женщины так как она отлучилась в туалет мендосу застрелили,позже фотографы заняли место пожилой женщины так как она отлучилась в туалет миндосу застрелили,0.0714,0.0105,9.12,14
столицей молдовы является кишинёв местный язык румынский но русский также широко распространён,столицей молдовы является кишинева местный язык румынский но русский также широко распространен,0.1667,0.0319,10.14,12
гжа киршнер объявила о своём намерении баллотироваться на пост президента в аргентинском театре в том же месте где она начала свою предвыборную кампанию в сенат в 2005 году в качестве члена делегации провинции буэносайрес,госпожа киршнер объявила о своем намерении баллотироваться на пост президента в аргентинском театре в том же месте где она начала свою предвыборную кампанию в сенат в 2005 году в качестве члена делегации провинции буэносайрес,0.0588,0.0226,17.58,34
большие области далее к северу довольно редко заселены а некоторые из них практически незаселённая глушь,большие области дали к северу довольно редко заселены а некоторые из них практически не заселенная глушь,0.2,0.0385,8.04,15
высота подмостового габарита составляет 15 метров строительство было завершено в августе 2011 года его не открывали для движения до марта 2017 года,высота подмостового габарита составляет 15 метров строительство было завершено в августе 2011 года его не открывали для движения до марта 2017 года,0.0,0.0,12.96,22
это иногда переполненные народом семейные пляжи с хорошим выбором магазинов расположенных вдоль берега плавать безопасно,это иногда переполненные народом семейные пляжи с хорошим выбором магазинов расположенных вдоль берега плавать безопасно,0.0,0.0,9.12,15
карри это блюдо на основе трав и специй в сочетании с мясом или овощами,карри это блюдо на основе трав и специй в сочетании с мясом или овощами,0.0,0.0,6.48,14
она тоньше под лунными морями и толще под нагорьями,она тоньше под лунными морями и толще под нагорьями,0.0,0.0,7.38,9
в древнем китае использовали уникальный способ обозначения периодов времени каждый этап китая или каждая семья находившаяся у власти были особой династией,в древнем китае использовали уникальный способ обозначения периодов времени каждый этап китая или каждая семья находившаяся у власти были особой династией,0.0,0.0,11.82,21
романтизм во многом включал в себя культурный детерминизм почерпнутый у таких писателей как гёте фихте и шлегель,романтизм во многом включал в себя культурный детерминизм почерпнутые у таких писателей как гьте фихте и шлегель,0.1176,0.0179,9.24,17
султан марокко перестроил город под названием эддарэльбейда а испанские торговцы создавшие тут торговые базы назвали его касабланка,султан марокко перестроил город под названием эд дар эльбейда а испанские торговцы создавшие ту торговую базу назвали его касабланка,0.3529,0.0458,11.04,17
в живых есть ещё много мужчин и женщин которые пережили своё пребывание здесь но есть ещё больше людей чьи близкие были убиты здесь или работали тут до смерти будь то евреи или люди других национальностей,в живых есть еще много мужчин и женщин которые пережили свое пребывание здесь но есть еще больше людей чьи близкие были убиты здесь или работали тут до смерти будь то евреи или люди других национальностей,0.0857,0.0147,15.42,35
первой среди 78 рекомендаций является то что следует реализовать новую дипломатическую инициативу до конца этого года для укрепления иракских границ чтобы не допустить враждебного вмешательства а также для возобновления дипломатических отношений с соседями,первой среди 78 рекомендаций является то что следует реализовать новую дипломатическую инициативу до конца этого года для укрепления иракских границ чтобы не доступить враждебного вмешательства а также для возобновления дипломатических отношений с соседями,0.0303,0.0156,18.24,33
великая пирамида в гизе это единственное из семи чудес света которое существует сегодня,великая пирамида в гизе это единственное из семи чудес света которая существует сегодня,0.0769,0.023,7.44,13
он добавил что их однако не следует просить брать на себя обязательства которые выходят за рамки их стадии разработки ответственности и возможностей,он добавил что их однако не следует просить брать на себя обязательства которые выходят за рамки их стадий разработки ответственности и возможностей,0.0455,0.0068,10.98,22
правящая партия организация народов югозападной африки свапо также сохранила большинство на парламентских выборах,правящая партия организация народов югозападной африки свапо также сохранила большинство на парламентских выборах,0.0,0.0,11.88,13
большинство воззрений на технологический детерминизм разделяют две общие идеи что направление развития технологий практически неподвластно культурному или политическому влиянию и что в свою очередь воздействие технологий на общество обусловлено их собственными свойствами а не обществом,большинство воззрений на технологический детерминизм разделяют две общие идеи что направление развития технологий практически не подвластно культурному или политическому влиянию и что в свою очередь воздействие технологий на общество обусловлено их собственными свойствами а не обществом,0.0571,0.0035,19.32,35
виртуальный скаффолдинг помогающий в обучении встроен в программное обеспечение и предназначен для того чтобы напоминать объяснять и задавать вопросы насчёт процедур с которыми обучающемуся возможно было бы слишком трудно справиться в одиночку,виртуальный скафолдинг помогающий в обучении встроен в программное обеспечение и предназначен для того чтобы напоминать объяснять и задавать вопросы насчет процедур с которыми обучающемуся возможно было бы слишком трудно справиться в одиночку,0.0625,0.0082,23.1,32
звуковое и световое шоу на фоне пирамиды является одним из самых интересных мероприятий в этой местности для детей,звуковое и световое шоу на фоне пирамид являются одним из самых интересных мероприятий в этой местности для детей,0.1111,0.0175,7.62,18
растения производят кислород которым дышит человек и поглощают углекислый газ который человек выдыхает,растения производят кислород которым дышит человек и поглощают углекислый газ который человек выдыхает,0.0,0.0,7.92,13
эта стратегия доказала свою эффективность отрезав жизненно важные военные и гражданские поставки хотя эта блокада нарушала принятые повсеместно международные законы изложенные в нескольких международных соглашениях за последние двести лет,эта стратегия доказала свою эффективность отрезав жизненно важные военные и гражданские поставки хотя эта блокада нарушала принятые повсеместно международные законы изложенные в нескольких международных соглашениях за последние 200 лет,0.0345,0.0252,22.14,29
группа aerosmith отменила оставшиеся концерты в своем турне,группа эвесмит отменила оставшиеся концерты в своем турне,0.125,0.1525,6.96,8
дети передаются под опеку по множеству разнообразных причин от беспризорности до жестокого обращения и даже вымогательств,дети передаются под опеку по множеству разнообразных причин от беспризорности до жестокого обращения и даже вымогательств,0.0,0.0,11.16,16
мозазавр был самым грозным хищником своего времени поэтому он не боялся никого кроме других мозазавров,мазозавр был самым грозным хищником своего времени поэтому он никогда не боялся никого кроме других мозозавров,0.2,0.1078,10.8,15
посредством движения устройства в воздухе игроки смогут управлять действиями и движениями в видеоиграх,посредством движения устройства в воздухе игроки смогут управлять действиями и движениями в виде играх,0.1538,0.0098,8.4,13
растения производят кислород которым дышит человек и поглощают углекислый газ который человек выдыхает,растения производят кислород которым дышит человек и поглощают углекислый газ который человек выдыхает,0.0,0.0,9.84,13
на удалённых островах кредитные карты возможно не будут приниматься хотя британскую и американскую валюту могут принять заранее проясните с владельцами какой способ оплаты является приемлемым,на удаленных островах кредитные карты возможно не будут приниматься хотя британскую и американскую валюту могут принять заранее проясните владельцами какой способ оплаты является приемлемым,0.08,0.0157,15.6,25
таким образом карандаш стал хорошим другом для многих людей когда появился,таким образом карандаш стал хорошим другом для многих людей когда появился,0.0,0.0,8.16,11
его приветствовал заместитель премьерминистра сингапура вонг кан сенг затем он обсудил вопросы торговли и терроризма с премьерминистром сингапура ли сянь луном,его приветствовал заместитель премьерминистра сингапура вонг кан сенг затем он обсудил вопрос о торговле и терроризма с премьерминистром сингапура ли сянь луном,0.1429,0.0189,12.12,21
возможно вам также следует проконсультироваться с другими правительствами помимо своего но их рекомендации направлены на своих граждан,возможно вам также следует проконсультироваться с другими правительствами помимо своего но их рекомендации направлены на своих граждан,0.0,0.0,9.3,17
так же как луна притягивает землю при этом вызывая приливы так и млечный путь воздействует на галактику в стрельце,так же как луна притягивает землю при этом вызывая приливы так им лечный путь воздействует на галактику в стрельце,0.1053,0.0175,9.9,19
соотношение сторон этого формата поделенное на двенадцать чтобы получить соотношение с небольшими целыми числами поэтому принято за 32,соотношение сторон этого формата поделенное на двенадцать чтобы получить соотношения с небольшими целыми числами поэтому принято за 3 к двум,0.2222,0.0597,10.38,18
можно только гадать что станет с клавиатурой с появлением более новых технологий,можно только гадать что станет с клавиатурой с появлением более новых технологий,0.0,0.0,6.18,12
среди большинства граждан и народов в 1920е годы преобладали такие настроения как пацифизм и изоляция,среди большинства граждан и народов в 1920е годы преобладали такие настроения как пацифизм и изоляция,0.0,0.0,10.56,15
блоги также могут улучшить навыки письма у учащихся хотя учащиеся часто начинают свой блог используя неряшливую грамматику и орфографию это как правило меняется изза присутствия аудитории,блоги также могут улучшить навыки письма у учащихся хотя учащиеся часто начинают свой блог используя неряшливую грамматику и орфографию это как правило меняется изза присутствия аудитории,0.0,0.0,13.68,26
растения выглядят лучше всего в своей естественной среде обитания поэтому не поддавайтесь искушению взять хотя бы один экземпляр,растения выглядят лучше всего в своей естественной среде обитания поэтому не поддавайтесь искушению взять хотя бы один экземпляр,0.0,0.0,11.88,18
ионы водорода это протоны от которых отделены электроны атомы водорода состоят из одного протона и одного электрона,ионы водорода это протоны от которых делены электроны атомы водорода состоят из одного протона и одного электрона,0.0588,0.0174,10.32,17
если вы смотрели фильм сокровище нации то можете подумать что на оборотной стороне декларации независимости была изображена карта сокровищ,если вы смотрели фильм сокровища нации то можете подумать что на оборотной стороне к декларации независимости была изображена карта сокровищ,0.1053,0.0217,11.28,19
на другом конце спектра человек превращается в неузнаваемого индивида которому кажется что он должен изменить всё что делала команда и присвоить это себе,на другом конце спектра человек превращается в неузнаваемого индивида которому кажется что он должен изменить все что делала команда и присвоить это себе,0.0435,0.0065,15.0,23
можно только гадать что станет с клавиатурой с появлением более новых технологий,можно только гадать что станет клавиатурой с появлением более новых технологий,0.0833,0.025,6.0,12
губернатор калифорнии арнольд шварценеггер подписал закон запрещающий продажу или прокат видеоигр с применением насилия несовершеннолетним лицам,губернатор калифорнии арнольд шварценеггер подписал закон запрещающий продажу или прокат видеоигр с применением насилия несовершеннолетним лицам,0.0,0.0,10.32,16
в больнице был соблюден протокол инфекционного контроля включая отдельное содержание пациента чтобы предотвратить возможное заражение других пациентов,в больнице был соблюден протокол инфекционного контроля включая отдельное содержание пациента чтобы предотвратить возможные заражения других пациентов,0.1176,0.0133,9.66,17
находка также позволяет ознакомиться с эволюцией перьев у птиц,находка также позволяет ознакомиться с эволюцией перьев у птиц,0.0,0.0,7.44,9
пещера располагается на вершине горы к северу от мекки и полностью изолирована от остального мира,пещера располагается на вершине горы к северу от меки и полностью изолирована от остального мира,0.0667,0.0103,6.48,15
сейчас люди пишут сообщения на экранах компьютеров и им никогда не приходится иметь дело с точилкой,сейчас люди пишут сообщения на экранах компьютеров и им никогда не приходится иметь дело с точилкой,0.0,0.0,9.12,16
на прошлой недели министерство экономики труда и промышленности объявило что apple проинформировала его о 34 дополнительных случаях перегрева которые компания назвала несерьёзными,на прошлой неделе министерство экономики труда и промышленности объявило что apple проинформировало его о 34 дополнительных случаях перегрева которые компания назвала несерьезными,0.1364,0.0168,13.2,22
интернет сочетает в себе элементы как массовых так и межличностных коммуникаций,интернет сочетает в себе элементы как массовых так и межличностных коммуникаций,0.0,0.0,9.0,11
во время войны за независимость сша тринадцать штатов в соответствии со статьями конфедерации впервые сформировали слабое центральное правительство единственным органом которого был конгресс,во время войны за независимость сша 13 штатов в соответствии со статьями конфедерации впервые сформировали слабое центральное правительство единственным органом которого был конгресс,0.0435,0.0526,14.76,23
наличие настоящей невидимой команды ларсон и лафасто 1989 г с 109 также является уникальным компонентом виртуальной команды,наличие настоящей невидимой команды ларсон и лафасто 1989 год с109 также является уникальным компонентом виртуальной команды,0.1765,0.0244,12.24,17
однако эти планы стали неактуальны практически за ночь когда около 800 000 солдат из советской красной армии образовали белорусский и украинский фронты после захвата восточных регионов польши в нарушение рижского мирного соглашения советскопольского пакта о ненападении и других международных соглашений двусторонних и многосторонних,однако эти планы стали не актуальны практически за ночь когда около 800 тысяч солдат из советской красной армии образовали белорусский и украинский фронты после захвата восточных регионов польши в нарушение рижского мирного соглашения советскопольского пакта о ненападении и других международных соглашений двухсторонних и многосторонних,0.093,0.021,23.16,43
дети живущие на улицах возможно пережили тяжёлые формы насилия или травмирования до того как убежать или быть брошенными,дети живущие на улицах возможно пережили тяжелые формы насилия или травмирования до того как убежать или быть брошенными,0.0556,0.0083,10.44,18
не видно ничего кроме чистого прекрасного неба над головой и множества окружающих гор из глубины пещеры можно видеть и слышать лишь очень малую часть этого мира,не видно ничего кроме чистого прекрасного неба над головой и множества окружающих гор из глубины пещеры можно видеть и слышать лишь очень малую часть этого мира,0.0,0.0,12.84,26
исследования которые проводились в двадцатом веке показали что существует два вида генетической вариативности скрытая и выраженная,исследования которые проводились в xx веке показали что существует два вида генетической вариативности скрытое и выраженное,0.1875,0.1,11.22,16
среди других номинаций лучшая картина режиссёр операторская работа дизайн костюмов монтаж фильма оригинальная музыка художникпостановщик звуковой монтаж звук и оригинальный сценарий,среди других номинаций лучшая картина режиссер операторская работа дизайн костюмов монтаж фильма оригинальная музыка художник постановщик звуковой монтаж звук и оригинальный сценарий,0.1429,0.011,19.8,21
кроме того он занимался гравюрным оттиском банкнот для многих стран недавние примеры его работ портреты премьерминистра на лицевой стороне новых банкнот канады номиналом 5 и 100 долларов,кроме того он занимался граверным оттиском банкнот для многих стран недавние примеры его работ портреты премьерминистра на лицевой стороне новых банкнот канады номиналом 5 и 100 долларов,0.037,0.0054,15.36,27
подобные площадки которые посетило большое количество людей были организованы во многих других городах италии и в остальном мире в частности в польше,подобные площадки которые посетили большое количество людей были организованы во многих других городах италии и в остальном мире в частности в польше,0.0455,0.0067,8.76,22
растения питаются от солнца при помощи фотосинтеза кроме того они отбрасывают тень,растения питаются от солнца при помощи фотосинтеза кроме того они отбрасывают тень,0.0,0.0,9.3,12
через два года после окончания войны бывшие союзники стали врагами и началась холодная война,через два года после окончания войны бывшие союзники стали врагами и началась холодная война,0.0,0.0,8.04,14
гренландия была слабо заселена в скандинавских сагах повествуется о том что эрика рыжего изгнали из исландии за убийство и продвигаясь дальше на запад он открыл гренландию и дал ей название,гренландия была слабо заселена в скандинавских сагах повествуется о том что эрика рыжего изгнали из исландии за убийство и продвигаясь дальше на запад он открыл гренландию и дал ей название,0.0,0.0,14.34,30
бишкек был описан одним обозревателем как погружающийся в состояние анархии поскольку группы людей бегали по улицам и грабили магазины с потребительскими товарами,бишкек был описан одним обозревателем как погружающийся в состояние анархии поскольку группа людей бегали по улицам и грабили магазины с потребительскими товарами,0.0455,0.0062,13.32,22
канцелярия губернатора сообщила что 19 из раненных были офицерами полиции,канцелярия губернатора сообщила что 19 из ранены были офицерами полиции,0.1,0.0274,6.72,10
архипелаг располагается в 120 километрах от полуострова крупнейшим остров носит имя короля георга с поселением вильяласэстрельяс,архипелаг располагается в 120 километрах от полуострова крупнейший остров носит имя короля георга с поселением вилье лас эстрельес,0.25,0.0391,10.8,16
путешественникам настоятельно рекомендуется принимать во внимание любые риски связанные с суровой погодой в их районе поскольку они могут повлиять на любые планы поездки,путешественникам настоятельно рекомендуется принимать во внимание любые риски связанные с суровой погодой в их районе поскольку они могут повлиять на любые планы поездки,0.0,0.0,11.64,23
использование видеозаписи привело к важным открытиям в сфере интерпретации микровыражений движений лица длительностью несколько миллисекунд,использование видеозаписи привело к важным открытиям в сфере интерпретации микровыражений движений лица длительностью несколько миллисекунд,0.0,0.0,13.92,15
обратный поток сосредоточен в нескольких более глубоких участках где может образовываться быстрое течение уходящее на большую глубину изза подобной подводной топологии,обратный поток сосредоточен в нескольких более глубоких участках где может образовываться быстрое течение уходящее на большую глубину изза подобной подводной топологии,0.0,0.0,15.36,21
комиссия стала ответом мартелли на массовые протесты против государственного режима начавшиеся в октябре,комиссия стала ответом мартеля на массовые протесты против государственного режима начавшиеся в октябре,0.0769,0.0192,8.4,13
козы повидимому впервые были одомашнены около 10 000 лет назад в иранских горах загрос,козы повидимому впервые были домашины около 10 тысяч лет назад в иранских горах за гроз,0.2857,0.1163,10.32,14
развлекательноновостной сайт tmz полагает что фотограф остановил свой автомобиль на противоположной стороне бульвара сепульведа и попытался сделать снимки остановки полицейскими перед тем как перейти дорогу и продолжить полицейский калифорнийского дорожного патруля остановивший движение дважды был вынужден приказать ему перейти обратно,развлекательно новостной сайт тмз полагает что фотограф остановил свой автомобиль на противоположной стороне бульвара сипульведа и попытался сделать снимки остановки полицейскими перед тем как перейти дорогу и продолжить полицейский калифорнийского дорожного патруля остановивший движение дважды был вынужден приказать ему перейти обратно,0.1,0.0148,29.28,40
каждый является членом общества и использует транспортные системы практически каждый жалуется на эти систем,каждый является членом общества и использует транспортные системы практически каждый жалуется на эти системы,0.0714,0.0093,9.72,14
сейчас люди пишут сообщения на экранах компьютеров и им никогда не приходится иметь дело с точилкой,сейчас люди пишут сообщения на экранах компьютеров им иногда не приходилось иметь дело с точилкой,0.1875,0.0707,11.76,16
если вы пересекаете северную часть балтийского моря зимой узнайте насчёт расположения каюты так как прохождение по льду приводит к довольно жуткому шуму который может мешать спать наиболее чувствительным людям,если вы пересекаете северную часть балтийского моря зимой узнайте насчет расположения каюты так как прохождение по льду приводит к довольно жуткому шуму который может мешать спать наиболее чувствительным людям,0.0345,0.0048,14.46,29
растения производят кислород которым дышит человек и поглощают углекислый газ который человек выдыхает,растения производят кислород которым дышит человек и поглощают углекислый газ который человеку выдыхает,0.0769,0.0098,8.52,13
древние культуры и племена начали оставлять их себе чтобы иметь под рукой молоко шерсть мясо и шкуру,древние культуры и племена начали оставлять их себе чтобы иметь под рукой молоко шерсть мясо и шкуру,0.0,0.0,12.0,17
как правило могут проявляться два типа поведения когда менеджеры начинают руководить людьми ранее равными им по статусу одна крайность спектра это попытка оставаться своим парнем или девушкой,как правило могут появляться два типа поведения когда менеджеры начинают руководить людьми ранее равными им по статусу однако райность спектр это попытка оставаться своим парнем или девушкой,0.1481,0.0262,15.36,27
эйнджел 2006 г объясняет подход континуум как метод используемый для помощи организациям в достижении более высокого уровня эффективности,энжел 2006 года объясняет подход к континуум как метод используемый для помощи организациям в достижении более высокого уровня эффективности,0.1667,0.0511,11.46,18
он уэльс по сути лгал нам с самого начала вопервых действуя так как будто это нужно было сделать по юридическим причинам вовторых делая вид что слушает нас вплоть до своего удаления изображений,он уэльс по сути лгал нам с самого начала вопервых действовал так как будто это нужно было сделать по юридическим причинам вовторых дела вид что слушает нас вплоть до своего удаления изображений,0.0625,0.0259,14.52,32
европа относительно маленький континент но на нём много независимых государств в обычных обстоятельствах путешествие через множество стран означало бы необходимость подачи прошений для получения визы и многократного прохождения паспортного контроля,европа относительно маленький континент но на нем много независимых государств в обычных обстоятельствах путешествие через множество стран означало бы необходимость подачи прошений для получения визы и многократного прохождения паспортного контроля,0.0333,0.004,18.84,30
великая пирамида была возведена египтянами в третьем веке до нашей эры и является одним из множества больших пирамидальных сооружений построенных чтобы почтить память фараона,великая пирамида была возведена египтянами в третьем веке до нашей эры и является одним из множества больших пирамидальных сооружений построенных чтобы почтить память фараона,0.0,0.0,15.24,24
не существует универсального определения того какие произведённые изделия являются антиквариатом некоторые налоговые органы определяют товары которым за 100 лет как антиквариат,не существует универсального определения того какие произведенные изделия являются антиквариатом некоторые налоговые органы определяют товары которым за 100 лет как антиквариат,0.0476,0.0057,11.28,21
принимая во внимание все вышесказанное не стоит удивляться тому что наши предки решили белковую проблему примерно так же как ее решают шимпанзе в саванне по сей день,принимая во внимание все вышесказанное не стоит удивляться тому что наши предки решили белковую проблему примерно так же как ее решают шимпанзе в саванне по сей день,0.0,0.0,12.96,27
территория гонконга была названа в честь острова гонконг места которое многие туристы считают главным объектом своего внимания,территория гонконга была названа в честь острова гонконг место которое многие туристы считают главным объектом своего внимания,0.0588,0.0079,9.96,17
более традиционные церкви зачастую проводят пасхальное богослужение в субботу вечером во время пасхальных выходных при этом прихожане обычно начинают в полночь празднование воскресения христа,более традиционные церкви зачастую проводят пасхальное богослужение в субботу вечером во время пасхальных выходных при этом прихожания обычно начинают в полночь празднования воскресеньста,0.1667,0.0471,14.76,24
все во вселенной состоит из материи вся материя состоит из мельчайших частиц называемых атомами,все во вселенной состоит из материи вся материя состоит из мельчайших частиц называемых атомами,0.0,0.0,8.1,14
их термические характеристики не такие стабильные как у больших пещер на земле которые часто поддерживают почти постоянную температуру но они соответствуют тому что является глубокими ямами в грунте сообщил глен кушинг из отдела планетной геологии геологической службы сша и университета северной аризоны расположенного во флагстаффе аризона,их термические характеристики не такие стабильные как у больших пещерной земля которые часто поддерживают почти постоянную температуру но они соответствуют тому что являются глубокими ямами в грунте сообщил гленн кушинга из отдела планетной геологии геологической службы сша и университета северной аризоны расположенного во флагстафе аризона,0.1522,0.0235,24.18,46
группа aerosmith отменила оставшиеся концерты в своем турне,группа айра смит отменила оставшиеся концерты в своем турне,0.25,0.1525,7.5,8
за ночь было изготовлено 150200 копий теперь известных как листовки данлэпа,за ночь было изготовлено 15200 копий теперь известных как листовки данлопа,0.1818,0.0267,11.64,11
так как у перьев динозавров отсутствует хорошо развитый стержень называемый рахисом но все же имеются другие отличительные черты бородки и бородочки исследователи пришли к выводу что рахис скорее всего появился позднее путем эволюционного развития других отличительных черт,так как у перьев динозавров отсутствует хорошо развитые стержи называемый арахисом но все же имеются другие отличительные черты бородки и бородочки исследователи пришли к выводу что арахис скорее всего появился позднее путем эволюционного развития других отличительных черт,0.1081,0.022,19.02,37
парижане слывут эгоцентричными грубыми и надменными,парижане слывут эгоцентричными грубыми и надменными,0.0,0.0,4.68,6
помимо соревнований в среду карпендо принимал участие в двух индивидуальных соревнованиях на чемпионатах,помимо соревнований в среду карпендо принимал участие в двух индивидуальных соревнованиях на чемпионатах,0.0,0.0,7.32,13
термин жук используется энтомологами формально для обозначения группы насекомых,термин жук используется энтомологами формально для обозначения группы насекомых,0.0,0.0,6.48,9
не подвергайте ткань воздействию слишком высокой температуры что может привести к усадке или в очень редких случаях к ожогу,не подвергайте ткань воздействие слишком высокой температуры что может привести к усадке или в очень редких случаях к ожогу,0.0526,0.0081,10.2,19
падение произошло в высокогорье и как полагают стало результатом вражеского огня,падение произошло в высокогорье и как полагаю стало результатом вражеского огня,0.0909,0.0125,9.66,11
сам автомобиль убрали с места происшествия в тот же день примерно в 1200 по гринвичу,сам автомобиль убрали с места происшествия в тот же день примерно в 1200 по гринвичу,0.0,0.0,10.32,15
в 1960х гг бжезинский занимал должность советника при джоне ф кеннеди затем в администрации линдона б джонсона,в 1960х годах безинский занимал должность советника при джонни ф кеннеди затем в администрации линдона б джонсона,0.1765,0.0636,12.0,17
наиболее доступными растительными ресурсами были бы белки находящиеся в листьях и бобовых но они плохо усваиваются такими приматами как мы если их не готовить,наиболее доступными растительными ресурсами были бы белки находящиеся в листьях и бобовых но они плохо усваиваются такими приматами как мы если их не готовить,0.0,0.0,10.92,24
он находился под управлением вишистских французов эти французы заключили мир с немцами в 1940 году и работали вместе с захватчиками вместо того чтобы им противостоять,он находился под управлением вишистских французов эти французы заключили мир с немцами в 1940 году и работали вместе с захватчиками вместо того чтобы им противостоять,0.0,0.0,17.4,25
к региональным и сезонным опасным явлениям погоды относятся метели снежные бури ледяные и пыльные бури,к региональным и сезонным опасным явлениям погоды относятся метели снежные бури ледяные и пыльные бури,0.0,0.0,9.72,15
с 1966 года сундарбан является заповедником дикой природы и по имеющимся подсчётам на его территории в настоящее время обитают 400 бенгальских тигров и около 30 000 пятнистых оленей,с 1966 года сундарбан является заповедником дикой природы и по имеющимся почетам на его территории в настоящее время обитают 400 бенгальских тигров и около 30 005 оленей,0.1071,0.0773,15.72,28
сплавы по существу представляют собой смесь двух или более металлов не забывайте что в периодической таблице много элементов,сплавы по существу представляют собой смесь двух или более металлов не забывайте что в периодической таблице много элементов,0.0,0.0,8.58,18
в течение этого периода европейской истории католическая церковь ставшая богатой и сильной оказалась объектом пристального внимания,в течение этого периода европейской истории католическая церковь ставшая богатой и сильной оказалась объектом пристального внимания,0.0,0.0,12.0,16
конгресс начал финансировать инициативу по борьбе с развратом в 2005 налоговом году и определил что фбр должно выделить 10 агентов на борьбу со взрослой порнографией,конгресс начал финансировать инициативу по борьбе с развратом в 2005 налоговом году и определил что фбр должно выделить 10 агентов на борьбу со взрослой порнографией,0.0,0.0,11.16,25
по мере того как знание греческого языка ухудшалось запад оказался отрезанным от своих философских и научных греческих корней,по мере того как знание греческого языка ухудшалось запад оказался отрезанным от своих философских и научногреческих корней,0.1111,0.024,10.32,18
если вы сходите на берег только в порядке экскурсии на корабле вам не понадобится отдельная виза с 2009,если вы сходите на берег только в порядке экскурсии на корабле вам не понадобится отдельная виза с 2009,0.0,0.0,8.7,18
термин сафари в повседневном использовании означает наземную поездку с целью посмотреть поразительную дикую природу африки особенно в саванне,термин сафа в повседневном использовании означает наземную поездку с целью посмотреть поразительную дикую природу африки особенно в саванне,0.0556,0.0142,13.2,18
изучение движения отдельных водителей и автомобилей между двумя точками и их взаимодействие друг с другом осуществляется в рамках исследования транспортных потоков,изучение движения отдельных водителей и автомобилей между двумя точками и их взаимодействие друг с другом осуществляется в рамках исследования транспортных потоков,0.0,0.0,11.4,21
на удалённых островах кредитные карты возможно не будут приниматься хотя британскую и американскую валюту могут принять заранее проясните с владельцами какой способ оплаты является приемлемым,на удаленных островах кредитные карты возможно не будут приниматься хотя британскую и американскую валюту могут принять заранее проясните с владельцами какой способ оплаты является приемлемым,0.04,0.0052,14.7,25
поскольку световое загрязнение в период их расцвета не было такой проблемой как сегодня они обычно расположены в городах или в кампусах до которых легче добраться чем до тех которые построены в наше время,поскольку световое загрязнение в период их расцвета не было такой проблемой как сегодня они обычно расположены в городах или в кампусах до которых легче добраться чем до тех которые построены в наше время,0.0,0.0,12.9,33
таким образом карандаш стал хорошим другом для многих людей когда появился,таким образом карандаш стал хорошим другом для многих людей когда появился,0.0,0.0,5.76,11
во время сравнения при помощи инфракрасной фурьеспектроскопии выяснилось что состав этих кристаллов соответствует кристаллам найденным в моче поражённых домашних животных,во время сравнения при помощи инфракрасной фурье спектроскопии выяснилось что состав этих кристаллов соответствует кристаллам найденным в моче пораженных домашних животных,0.15,0.0118,11.7,20
поверхность луны состоит из камней и пыли внешний слой луны называется корой,поверхность луны состоит из камней и пыли внешний слой луны называется корой,0.0,0.0,7.5,12
25 листовок данлэпа известные на настоящее время являются старейшими выжившими копиями документа оригинальная рукописная копия не дошла до нас,двадцать плистовок дамлопа известные на настоящее время являются старейшими выжившими копиями документов оригинальная рукописная копия не дошла до нас,0.2105,0.0915,16.92,19
европа относительно маленький континент но на нём много независимых государств в обычных обстоятельствах путешествие через множество стран означало бы необходимость подачи прошений для получения визы и многократного прохождения паспортного контроля,европа относительно маленький континент но на нем много независимых государств в обычных обстоятельствах путешествие через множество стран означало бы необходимость подачи прошей для получения визы и многократного прохождения паспортного контроля,0.0667,0.0121,17.58,30
шестеро заложников включая детей и пожилых людей освободили раньше как и филиппинских фотографов,шестеро заложников включая детей пожилых людей освободили раньше как и филиппинских фотографов,0.0769,0.0208,9.24,13
он находился под управлением вишистских французов эти французы заключили мир с немцами в 1940 году и работали вместе с захватчиками вместо того чтобы им противостоять,он находился под управлением вишистских французов эти французы заключили мир с немцами в 1940 году и работали вместе с захватчиками вместо того чтобы им противостоять,0.0,0.0,13.32,25
итальянский язык также является повседневным языком для большинства людей работающих в государстве в то время как латынь зачастую используется в религиозных церемониях,итальянский язык также является повседневным языком для большинства людей работающих в государстве в то время как латынь зачастую используется в религиозных церемониях,0.0,0.0,11.94,22
хотя никто не знает наверняка кто его написал известно что в начале своего существования этот большой пергаментный документ размером 29¾ на 24½ дюйма был свёрнут для более удобного хранения,хотя никто не знал наверняка кто его написал известно что в начале своего существования этот большой пергаментный документ размером 293 на 24012 дюйма был свернут для более удобного хранения,0.1379,0.037,20.82,29
эйнджел 2006 г объясняет подход континуум как метод используемый для помощи организациям в достижении более высокого уровня эффективности,angel 2006 года объясняет подход к continuум как метод используемый для помощи организациям в достижении более высокого уровня эффективности,0.2222,0.1314,8.58,18
находка также позволяет ознакомиться с эволюцией перьев у птиц,находка также позволяет ознакомиться с эволюцией перьев у птиц,0.0,0.0,6.0,9
правила отмены заказов могут отличаться но по состоянию на конец марта большая часть правил связанных с коронавирусом не распространяется на июль 2020 года когда были запланированы олимпийские игры,правила отмены заказов могут отличаться но по состоянию на конец марта большая часть правил связанных с коронавирусом не распространяется на июль 2020 года когда были запланированы олимпийские игры,0.0,0.0,17.34,28
во время сравнения при помощи инфракрасной фурьеспектроскопии выяснилось что состав этих кристаллов соответствует кристаллам найденным в моче поражённых домашних животных,во время сравнения при помощи инфракрасной фурье спектроскопии выяснилось что состав этих кристаллов соответствует кристаллам найденным в моче пораженных домашних животных,0.15,0.0118,12.24,20
изучение движения отдельных водителей и автомобилей между двумя точками и их взаимодействие друг с другом осуществляется в рамках исследования транспортных потоков,изучение движения отдельных водителей и автомобилей между двумя точками и их взаимодействие друг с другом осуществляется в рамках исследования транспортных потоков,0.0,0.0,10.56,21
аналогично мужчины должны носить брюки которые бы закрывали колени,аналогично мужчины должны носить брюки которые бы закрывали колени,0.0,0.0,5.76,9
как и во всех южноафриканских национальных парках в этом парке существует ежедневная плата за его охрану и посещение,как и во всех южноафриканских национальных парках в этом парке существует ежедневная плата за его охрану и посещение,0.0,0.0,8.94,18
вопервых большинство наездников носят сапоги для верховой езды с каблуком имеющие гладкую и довольно тонкую подошву,вопервых большинство наездников носят сапоги для верховой езда с каблуком имеющие гладкую и довольно тонкую подошву,0.0625,0.0087,8.16,16
федерация гимнастики сша и олимпийский комитет сша имеют одинаковую цель сделать гимнастику и другие виды спорта настолько безопасными для спортсменов насколько это возможно чтобы они могли стремиться к своим целям в безопасной позитивной среде и были наделены всеми правами,федерация гимнастики сша и олимпийский комитет сша имеют одинаковую цель сделать гимнастику и другие виды спорта настолько безопасными для спортсменов насколько это возможно чтобы они могли стремиться к своим целям в безопасной позитивной среде и были наделены всеми правами,0.0,0.0,22.92,39
если вы сходите на берег только в порядке экскурсии на корабле вам не понадобится отдельная виза с 2009,если вы сходите на берег только в порядке экскурсий на корабле вам не понадобится отдельная виза с 2009,0.0556,0.0097,8.34,18
путешественникам настоятельно рекомендуется принимать во внимание любые риски связанные с суровой погодой в их районе поскольку они могут повлиять на любые планы поездки,путешественникам настоятельно рекомендуется принимать во внимание любые риски связанные с суровой погодой их районе поскольку они могут повлиять на любые планы поездки,0.0435,0.0118,12.12,23
ученые смогли сделать вывод что темная материя воздействует на другую темную материю так же как и в случае с обычной материей,ученые смогли сделать вывод что темная материя воздействует на другую темную материю так же как и в случае с обычной материей,0.0,0.0,10.5,21
конечно же эта традиция имеет христианское теологическое объяснение но это вполне может быть и дохристианский ритуал весны и плодородия,конечно же эта традиция имеет христианское теологическое объяснение но это вполне может быть и дохристианский ритуал весны и плодородия,0.0,0.0,9.12,19
она тоньше под лунными морями и толще под нагорьями,она тоньше под лунными морями и толще под нагорьями,0.0,0.0,6.72,9
простым и популярным блюдом на обед особенно в летнее время является паамболи хлеб с оливковым маслом помидорами и любой имеющейся начинкой такой как сыр тунец и т д,простым и популярным блюдом на обед особенно в летнее время является паамбали хлеб с оливковым маслом помидорами и любой имеющейся начинкой такой как сыр тунец и т,0.0714,0.0182,17.7,28
мы строим наши дома и изготавливаем одежду из растений большая часть нашей пищи это растения без растений животные не смогли бы выжить,мы строим наши дома и изготавливаем одежду из растений большая часть нашей пищи это растения без растений животные не смогли бы выжить,0.0,0.0,10.92,22
к региональным и сезонным опасным явлениям погоды относятся метели снежные бури ледяные и пыльные бури,к региональным и сезонным опасным явлениям погоды относятся метели снежные бури ледяные и пыльные бури,0.0,0.0,8.52,15
федерация гимнастики сша поддерживает письмо олимпийского комитета сша и соглашается с абсолютной необходимостью создания безопасной среды для всех наших спортсменов,федерация гимнастики сша поддерживает письмо олимпийского комитета сша и соглашается с абсолютной необходимостью создания безопасной среды для всех наших спортсменов,0.0,0.0,9.72,20
он назвал эти слухи политической болтовнёй и глупостью,он назвал эти слухи политической болтовней и глупостью,0.125,0.0185,5.82,8
выкладывание экскурсии в виртуальное пространство для всеобщего обозрения это также отличный способ освежить в памяти экскурсию и поделиться своим полученными знаниями с будущими классами,выкладывание экскурсии в виртуальное пространство для всеобщего обозрения это также отличный способ освежить в памяти экскурсию и поделиться своими полученными знаниями с будущими классами,0.0417,0.0053,17.04,24
53летний куомо начал свою деятельность на посту губернатора в начале этого года и подписал законопроект о легализации однополых браков в прошлом месяце,53летний коома начал свою деятельность на посту губернатора в начале этого года и подписал законопроект о легализации однополых браков в прошлом месяце,0.0455,0.0132,16.8,22
заявление было сделано после того как трамп провел телефонный разговор с президентом турции реджепом тайипом эрдоганом,заявление было сделано после того как трамп провел телефонный разговор с президентом турции реджепом таипом эрдаганом,0.125,0.0169,8.94,16
наличие настоящей невидимой команды ларсон и лафасто 1989 г с 109 также является уникальным компонентом виртуальной команды,наличие настоящей невидимой команды ларсон илафаста 1989 год страница 109 также является уникальным компонентом виртуальной команды,0.2353,0.0894,13.56,17
круизы в санктпетербург включают прогулки по городу пассажиры круизов освобождены от визовых требований уточните условия,круизы в санктпетербург включают прогулки по городу пассажиры круизов освобождены от визовых требований уточните условия,0.0,0.0,9.9,15
заявление было сделано после того как трамп провел телефонный разговор с президентом турции реджепом тайипом эрдоганом,заявление было сделано после того как трамп провел телефонный разговор с президентом турции редджепом таипом эрдоганом,0.125,0.0169,8.46,16
пещера располагается на вершине горы к северу от мекки и полностью изолирована от остального мира,пещера располагается на вершине горы к северу от меки и полностью изолирована от остального мира,0.0667,0.0103,8.88,15
высота подмостового габарита составляет 15 метров строительство было завершено в августе 2011 года его не открывали для движения до марта 2017 года,высота подмостового габарита составляет 15 метров строительство было завершено в августе 2011 года его не открывали для движения до марта 2017 года,0.0,0.0,14.04,22
проведенная работа была в основном теоретической но программа была написана для имитации наблюдений галактики в стрельце,проведенная работа была в основном теоретической но программа была написана для имитации наблюдений галактики в стрельце,0.0,0.0,9.72,16
данный город сильно отличается от других городов страны так как в нем преобладает арабский колорит а не африканский,данный город сильно отличается от других городов страны так как в нем преобладает арабский колорит а не африканский,0.0,0.0,8.64,18
обычные объявления в метро делаются только на каталонском языке но незапланированные перебои объявляются автоматизированной системой на самых разных языках включая испанский английский французский арабский и японский,обычные объявления в метро делаются только на каталонском языке но незапланированные перебои объявляются автоматизированной системой на самых разных языках включая испанский английский французский арабский и японский,0.0,0.0,15.18,26
предупреждений о цунами не было и согласно сообщению от джакартского геофизического агентства не будет так как магнитуда землетрясения не достигла 65 балла,предупреждения цунами не было и согласно сообщению аджикарского геофизического агентства не будет так как магнитуда землетрясения не дозы до шести бала,0.3636,0.129,13.14,22
во время войны за независимость сша тринадцать штатов в соответствии со статьями конфедерации впервые сформировали слабое центральное правительство единственным органом которого был конгресс,во время войны за независимость сша 13 штатов в соответствии со статьями конфедерации впервые сформировали слабое центральное правительство единственным органом которого был конгресс,0.0435,0.0526,14.52,23
53летний куомо начал свою деятельность на посту губернатора в начале этого года и подписал законопроект о легализации однополых браков в прошлом месяце,53летний хоома начал свою деятельность на посту губернатора в начале этого года и подписал законопроект о легализации однополых браков в прошлом месяце,0.0455,0.0199,15.78,22
ионы водорода это протоны от которых отделены электроны атомы водорода состоят из одного протона и одного электрона,ионы водорода это протоны от которых отделены электроны атомы водорода состоят из одного протона и одного электрона,0.0,0.0,9.18,17
карри это блюдо на основе трав и специй в сочетании с мясом или овощами,кари это блюдо на основе трав и специй в сочетании с мясом или овощами,0.0714,0.0141,6.42,14
твердо отказывайте мужчинам и не бойтесь стоять на своем такое недопустимо вне зависимости от культурных различий,твердо отказывайте мужчинам и не бойтесь стоять на своем такое недопустимо вне зависимости от культурных различий,0.0,0.0,8.76,16
поверхность луны состоит из камней и пыли внешний слой луны называется корой,поверхность луны состоит из камней и пыли верхний слой луны называется корой,0.0833,0.0395,5.88,12
в докладе содержится резкая критика почти каждого аспекта нынешней политики исполнительной власти в отношении ирака и настоятельный призыв к незамедлительной смене курса,в докладе содержится разная критика почти каждого аспекта нынешней политики исполнительной власти в отношении ирака и настоятельный призыв к незамедлительной смене курса,0.0455,0.0118,11.46,22
кроме того между правлениями каждой династии царила раздробленность и нестабильность самой известной была эпоха троецарствия которая длилась 60 лет во время династий хань и цзинь,кроме того между управлениями каждой династии царила раздробленность и нестабильность самой известной была эпоха тройцарствия которая длилась 60 лет во время династий хань и цынь,0.12,0.0225,12.84,25
так как у перьев динозавров отсутствует хорошо развитый стержень называемый рахисом но все же имеются другие отличительные черты бородки и бородочки исследователи пришли к выводу что рахис скорее всего появился позднее путем эволюционного развития других отличительных черт,так как у перьяв динозавров отсутствует хорошо развитый стержень называемый рахисом но все же имеются другие отличительные черты бородки и бородочки исследователи пришли к выводу что арахис скорее всего появился позднее путем эволюционного развития других отличительных черт,0.0541,0.0073,24.36,37
с другой стороны погодные условия со снегом и льдом являются нормальными во многих странах и дорожное движение продолжается круглый год почти без перерывов,с другой стороны погодные условия со снегом и льдом являются нормальными во многих странах и дорожное движение продолжается круглый год почти без перерывов,0.0,0.0,10.74,23
использование кораблей для транспортировки товаров является безусловно самым эффективным способом перевозки большого количества людей и грузов через океаны,использование кораблей для транспортировки товаров является безусловно самым эффективным способом перевозки большого количества людей и грузов через океаны,0.0,0.0,11.88,18
не существует универсального определения того какие произведённые изделия являются антиквариатом некоторые налоговые органы определяют товары которым за 100 лет как антиквариат,не существует универсального определения того какие произведенные изделия являются антиквариатом некоторые налоговые органы определяют товары которым за 100 лет как антиквариат,0.0476,0.0057,13.08,21
автобусы отправляются с межрайонной автостанции за рекой в течение всего дня хотя большая часть особенно направляющиеся на восток и в джакарбумтанг отбывают с 0630 до 0730,автобусы отправляются в межрайонные автостанции за рекой в течение всего дня хотя большая часть особенно направляющихся на восток и в джикар бумтанг отбывает с 630 до 730 утра,0.3462,0.0819,18.06,26
соотношение сторон этого формата поделенное на двенадцать чтобы получить соотношение с небольшими целыми числами поэтому принято за 32,соотношение сторон этого формата поделенное на двенадцать чтобы получить соотношение с небольшими целыми числами поэтому принято за 3 к двум,0.1667,0.0522,10.74,18
15 августа 1940 года союзники вторглись в южную часть франции вторжение получило название операция драгун,15 августа 1940 года союзники вторглись в южную часть франции вторжение получило название операция драгун,0.0,0.0,13.08,15
поздно вечером в воскресенье президент сша дональд трамп через пресссекретаря заявил что войска сша покинут сирию,поздно вечером в воскресенье президент сша дональд трамп через пресссекретаря заявил что войска сша покинут сирию,0.0,0.0,9.9,16
таким образом вполне вероятно что запись была добавлена просто как пометка,таким образом вполне вероятно что запись была добавлена просто как пометка,0.0,0.0,5.64,11
он не назвал цифру для сокращений бюджетов сказав что они будут сделаны исходя из производительности экономики китая,он не назвал цифры для сокращений бюджетов сказав что они будут сделаны исходя из производительности экономики китая,0.0588,0.0086,9.06,17
это место которое британские колонизаторы забрали себе и если вы ищете доказательства колониального прошлого территории то это хорошее место для начала,это место которое британские колонизаторы забрали себе если вы ищете доказательства колониального прошлого территории то это хорошее место для начала,0.0476,0.0132,12.96,21
их термические характеристики не такие стабильные как у больших пещер на земле которые часто поддерживают почти постоянную температуру но они соответствуют тому что является глубокими ямами в грунте сообщил глен кушинг из отдела планетной геологии геологической службы сша и университета северной аризоны расположенного во флагстаффе аризона,их термические характеристики не такие стабильные как у больших пещер на земле которые часто поддерживают почти постоянную температуру но они соответствуют тому что являются глубокими ямами в грунте сообщил гленн кушинг из отдела планетной геологии и геологической службы сша и университета северной аризоны расположенного во флакстафе аризона,0.087,0.0176,25.5,46
серия asus eee pc ранее представленная во всём мире с ориентацией на такие факторы как экономия средств и функциональность стала горячей темой во время месяца информационных технологий в тайбэе в 2007 году,серия асус и pc ранее представленная во всем мире с ориентацией на такие факторы как экономия средств и функциональность стала горячей темой во время месяца информационных технологий в тайбе в 2007 году,0.125,0.0439,18.06,32
среди других номинаций лучшая картина режиссёр операторская работа дизайн костюмов монтаж фильма оригинальная музыка художникпостановщик звуковой монтаж звук и оригинальный сценарий,среди других номинаций лучшая картина режиссер операторская работа дизайн костюмов монтаж фильма оригинальная музыка художник постановщик звуковой монтаж звук и оригинальный сценарий,0.1429,0.011,18.48,21
очевидно что если владеешь языком романский подгруппы тебе будет проще выучить португальский,очевидно что если владеешь языком романской подгруппы тебе будет проще выучить португальский,0.0833,0.0109,6.66,12
почти все более мелкие острова являются независимыми государствами или ассоциированы с францией и известны как шикарные пляжные курорты,почти все более мелкие острова являются независимыми государствами или ассоциированы с францией и известны как шикарные пляжные курорты,0.0,0.0,10.08,18
с другой стороны погодные условия со снегом и льдом являются нормальными во многих странах и дорожное движение продолжается круглый год почти без перерывов,с другой стороны погодные условия со снегом и льдом являются нормальными во многих странах и дорожное движение продолжается круглый год почти без перерывов,0.0,0.0,10.56,23
шестеро заложников включая детей и пожилых людей освободили раньше как и филиппинских фотографов,шестеро заложников включая детей и пожилых людей освободили раньше как и филиппинских фотографов,0.0,0.0,7.92,13
он однако не является единственным научные исследования также руководствуются экспериментированием эксперимент это проверка используемая чтобы исключить одну или более возможных гипотез задаванием вопросов и проведением наблюдений,он однако не является единственным научные исследования также руководствуются экспериментированием эксперимент это проверка используемая чтобы исключить одну или более возможных гипотез задаванием вопросов и проведением наблюдений,0.0,0.0,22.08,26
растения питаются от солнца при помощи фотосинтеза кроме того они отбрасывают тень,растения питаются от солнца при помощи фотосинтеза кроме того они отбрасывают тень,0.0,0.0,7.26,12
в них обычно предлагается особая еда напитки и развлечения чтобы гости оставались в хорошем настроении и не покидали заведения,в них обычно предлагаются особая еда напитки и развлечения чтобы гости оставались в хорошем настроении и не покидали заведения,0.0526,0.0079,9.48,19
неблагоприятные метеоусловия это общий термин для обозначения любого опасного явления погоды способного причинить какойлибо ущерб вызвать серьёзные социальные потрясения или привести к человеческим жертвам,неблагоприятные метеословия это общий термин для обозначения любого опасного явления погоды способного причинить какойлибо ущерб вызвать серьезные социальные потрясения или привести к человеческим жертвам,0.0833,0.0098,13.2,24
бухта была местом печально известного военноморского противостояния в 1889 году когда семь кораблей из германии сша и британии отказались покидать бухту,бухта была местом печально известного военноморского противостояния в 1889 году когда семь кораблей из германии сша и британии отказались покидать бухту,0.0,0.0,16.8,21
автобус scotturb 403 совершает регулярные рейсы в синтру и делает остановку на мысе рока,автобус скотторп номер четыреста три совершает регулярные рейсы в синдру и делает остановку на мысе рока,0.3571,0.3182,11.76,14
почти все эти пляжи песчаные с безопасным купанием и многие из них тенистые благодаря таким деревьям как похутукава,почти все эти пляжи песчаны с безопасным купанием и многие из них тенистые благодаря таким деревьям как пахутукапа,0.1111,0.0261,8.88,18
так же как луна притягивает землю при этом вызывая приливы так и млечный путь воздействует на галактику в стрельце,так же как луна притягивает землю при этом вызывая приливы так имлечный путь воздействует на галактику в стрельце,0.1053,0.0088,9.84,19
оно гласит что лучше всего помещать главный объект на пересечении линий делящих изображение на три части по вертикали и по горизонтали см пример,он огласит что лучше всего помещать главный объект на пересечении линий делящих изображение на три части по вертикали и по горизонтали смотреть пример,0.1304,0.0556,13.08,23
население ватикана составляет около 800 человек это самая маленькая независимая страна в мире а также страна имеющая наименьшее население,население ватикана составляет около 800 человек это самая маленькая независимая страна в мире а также страна имеющая наименьшее население,0.0,0.0,10.38,19
несмотря на то что ии прочно ассоциируется с научной фантастикой он формирует очень важное направление компьютерных наук рассматривающее поведение и обучение машин и привитие им интеллекта,несмотря на то что ей прочно ассоциируется с научной фантастикой он формирует очень важное направление компьютерных наук рассматривающее поведение и обучение машин и привитие им интеллекта,0.0385,0.0106,13.8,26
людям с античных времен были известны основные химические элементы такие как золото серебро и медь поскольку их все можно встретить в природе в чистом виде и относительно легко добывать с помощью примитивных орудий,людям с античных времен были известны основные химические элементы такие как золото серебро и медь поскольку их все можно встретить в природе в чистом виде и относительно легко добывать с помощью примитивных орудий,0.0,0.0,18.12,33
дети живущие на улицах возможно пережили тяжёлые формы насилия или травмирования до того как убежать или быть брошенными,дети живущие на улицах возможно пережили тяжелые формы насилия или травмирования до того как убежать или быть брошенными,0.0556,0.0083,11.34,18
однако процент людей с туберкулёзом с множественной лекарственной устойчивостью в целой группе больных туберкулезом все еще кажется низким 6000 от общего числа 330 000 зараженных в данный конкретный момент в юар,однако процент людей с туберкулезом с множественной лекарственной устойчивостью в целой группе больных туберкулезом все еще кажется низким 6000 от общего числа 330 тысяч зараженных в данный конкретный момент в юар,0.0645,0.0284,19.08,31
эпоха троецарствия была одним из самых кровавых периодов в истории древнего китая тысячи людей погибли сражаясь за место на троне в большом дворце в сиане,эпоха троецарствия была одним из самых кровавых периодов в истории древнего китая тысячи людей погибли сражая за место на троне в большом дворце в сиане,0.04,0.013,10.26,25
если вы смотрели фильм сокровище нации то можете подумать что на оборотной стороне декларации независимости была изображена карта сокровищ,если вы смотрели фильм сокровища нации то можете подумать что на оборотной стороне декларации независимости была изображена карта сокровищ,0.0526,0.0072,13.68,19
помимо соревнований в среду карпендо принимал участие в двух индивидуальных соревнованиях на чемпионатах,помимо соревнований в среду корпендо принимал участие в двух индивидуальных соревнованиях на чемпионатах,0.0769,0.0096,7.44,13
чем ниже напряжение тем более позитивна присутствующая в вас жизненная сила каждому человеку потенциально дано обрести абсолютные покой и чувство удовлетворения,чем ниже напряжение тем более позитивна присутствующая в вас жизненная сила каждому человеку потенциально дано обрести абсолютный покой и чувство удовлетворения,0.0476,0.0063,13.68,21
часто их не рассматривают как динозавров потому что они имеют перья и способны летать,часто их не рассматривают как динозавров потому что они имеют перья и способны летать,0.0,0.0,6.48,14
такие элементы как кальций и калий считаются металлами конечно также есть такие металлы как серебро и золото,такие элементы как кальций и калий считаются металлами конечно также есть такие металлы как серебро и золото,0.0,0.0,9.84,17
влага на ваших руках вступит в реакцию с верхним слоем что будет необычно затем сформируется подобие оболочки,влага на ваших руках вступит в реакцию с верхним слоем что будет необычно затем сформируется подобие оболочки,0.0,0.0,8.22,17
но шенгенская зона в этом плане функционирует как единая страна,но шенгенская зона в этом плане функционирует как единая страна,0.0,0.0,5.1,10
сильные ветра град обильные осадки и лесные пожары являются проявлениями и эффектами суровых погодных явлений таких как бури торнадо водяные смерчи и ураганы,сильные ветра град обильные осадки и лесные пожары являются проявлениями и эффектами суровых погодных явлений таких как буря торнадо водяные смерчи и ураганы,0.0435,0.0064,14.64,23
это привело к тому что два вида рыб вымерли а два других в том числе горбатый голавль попали под угрозу исчезновения,это привело к тому что два вида рыб вымерли а два других в том числе горбатые головли попали под угрозу исчезновения,0.0952,0.0259,11.64,21
прочие вопросы в повестке дня на бали включают в себя сохранение оставшихся в мире лесов и обмен технологиями чтобы способствовать росту развивающихся стран с меньшими загрязняющими последствиями,прочие вопросы в повестке дня на боли включают в себя сохранение оставшихся в мире лесов и обмен технологиями чтобы способствовать росту развивающихся стран с меньшими загрязняющими последствиями,0.037,0.0051,13.26,27
это привело к тому что два вида рыб вымерли а два других в том числе горбатый голавль попали под угрозу исчезновения,это привело к тому что два вида рыб вымерли а два других в том числе горбатый галабль попали под угрозу исчезновения,0.0476,0.0172,8.88,21
дюваль который женат и имеет двух совершеннолетних детей не произвел большого впечатления на миллера которому рассказали эту историю,дюваль который женат и имеет двух совершеннолетних детей не произвел большого впечатления на миллера которому рассказали эту историю,0.0,0.0,9.96,18
толщина коры составляет около 70 км под океанами и 100 км под материками,толщина коры составляет около 70 км под океанами и 100 км под материками,0.0,0.0,8.1,13
мухаммед очень интересовался темами не связанными с мирской жизнью он часто посещал пещеру которая стала известна как хира на горе нур свет для размышлений,мухаммед очень интересовался темами не связанными с мирской жизнью он часто посещал пещеру которая стала известна как хира на горе нур свет для размышлений,0.0,0.0,12.12,24
в них обычно предлагается особая еда напитки и развлечения чтобы гости оставались в хорошем настроении и не покидали заведения,в них обычно предлагается особая еда напитки и развлечения чтобы гости оставались в хорошем настроении и не покидали заведения,0.0,0.0,9.72,19
либеральная критика усилий по восстановлению сосредоточивалась на том что контракты на восстановительные работы отдавались предположительно имеющим связи с правительством,либеральная критика усилий по восстановлению сосредоточила на том что контракты на восстановительные работы отдавались предположительно имеющим связи с правительством,0.0526,0.0235,12.6,19
на другом конце спектра человек превращается в неузнаваемого индивида которому кажется что он должен изменить всё что делала команда и присвоить это себе,на другом конце спектра человек превращается в неузнаваемого индивида которому кажется что он должен изменить все что делала команда и присвоить это себе,0.0435,0.0065,13.92,23
толщина коры составляет около 70 км под океанами и 100 км под материками,толщина коры составляет около 70 км под океанами и 100 км под материками,0.0,0.0,7.2,13
к сожалению сложно изучать интенсивность движения автотранспорта потому что нельзя со стопроцентной вероятностью предсказать поведение водителя,к сожалению сложно изучать интенсивность движения автотранспорта потому что нельзя со 100 процентной вероятностью предсказать поведение водителя,0.125,0.028,8.76,16
джанкарло физикелла потерял контроль над управлением своим автомобилем и завершил гонку вскоре после старта,джанкарло физикелла потерял контроль над управление своим автомобилем и завершил гонку вскоре после старта,0.0714,0.0093,7.56,14
поздно вечером в воскресенье президент сша дональд трамп через пресссекретаря заявил что войска сша покинут сирию,поздно вечером в воскресенье президент сша дональд трамп через пресссекретаря заявил что войска сша покинут сирию,0.0,0.0,8.22,16
влага на ваших руках вступит в реакцию с верхним слоем что будет необычно затем сформируется подобие оболочки,влага на наших руках вступит в реакцию с верхним слоем что будет необычно затем сформируются подобие оболочки,0.1176,0.0183,9.78,17
в популярные виды спорта входят футбол баскетбол волейбол водное поло фехтование регби велоспорт хоккей на льду хоккей на роликах и автогонки формулы1,в популярные виды спорта входят футбол баскетбол волейбол водное поло фехтование регби велоспорт хоккей на льту хоккей на роликах и автогонки формулы1,0.0455,0.0067,13.5,22
это связано но обычно не включает пешее восхождение на вершину и затем спуск по неподготовленным склонам так как катание по целине требует более жестких лыж и ботинок,это связано но обычно не включает пешее восхождение на вершину и затем спуск по неподготовленным склонам так как катание по целине требует более жестких лыж и ботинок,0.0,0.0,12.12,27
согласно ядерному управлению японии на заводе были обнаружены радиоактивный цезий и йод,согласно ядерному управлению японии на заводе были обнаружены радиоактивный цезий и йод,0.0,0.0,9.96,12
в частности утверждается что можно определить лжет ли человек при помощи правильной интерпретации его микровыражений,в частности утверждается что можно определить лжетли человек при помощи правильной интерпретации его микровыражений,0.1333,0.0086,10.26,15
дель потро имел раннее преимущество во втором сете но это также потребовало тайбрейка после достижения 66,дель патро имел раннее преимущество во втором сете но это также потребовало тайбрейка после достижения 66,0.0625,0.0095,9.12,16
в тёплом климате ближнего востока дом не имел особого значения,в теплом климате ближнего востока дом не имел особого значения,0.1,0.0161,6.9,10
коллегирестлеры тоже отдали луне дань уважения,коллеги рестлеры тоже отдали луне дань уважения,0.3333,0.0217,6.6,6
это кажется разумной идеей потому что мы не чувствуем что земля движется не так ли,это кажется разумной идеей потому что мы не чувствуем что земля движется не так ли,0.0,0.0,6.18,15
кроме того он занимался гравюрным оттиском банкнот для многих стран недавние примеры его работ портреты премьерминистра на лицевой стороне новых банкнот канады номиналом 5 и 100 долларов,кроме того он занимался граверным оттиском банкнот для многих стран недавние примеры его работ портреты премьерминистра на лицевой стороне новых банкнот канады номиналом 5100 долларов,0.1481,0.0215,12.78,27
15 августа 1940 года союзники вторглись в южную часть франции вторжение получило название операция драгун,15 августа 1940 года союзники вторглись в южную часть франции вторжение получило название операция драгун,0.0,0.0,11.04,15
надлежащее использование блогов может дать учащимся возможность стать более аналитичными и критичными путём активного отклика на интернетматериалы учащиеся могут определять свою позицию в контексте чужих работ а также излагать свои собственные взгляды на конкретные вопросы оравек 2002,надлежащее использование блогов может дать учащимся возможность стать более аналитичными и критичными путем активного отклика на интернетматериалы учащиеся могут определять свою позицию в контексте чужих работ а также излагать свои собственные взгляды на конкретные вопросы ровек2002,0.0811,0.014,20.28,37
падение произошло в высокогорье и как полагают стало результатом вражеского огня,падение произошло в высокогорье и как полагают стало результатом вражеского огня,0.0,0.0,7.2,11
большие области далее к северу довольно редко заселены а некоторые из них практически незаселённая глушь,большие области далее к северу довольно редко заселены а некоторые из них практически незаселенная глушь,0.0667,0.0096,8.16,15
серия asus eee pc ранее представленная во всём мире с ориентацией на такие факторы как экономия средств и функциональность стала горячей темой во время месяца информационных технологий в тайбэе в 2007 году,серия asuc ранее представлены во всем мире с ориентацией на такие факторы как экономия средств и функциональность стала горячей темой во время месяца информационных технологий в тайбе в 2007 году,0.1875,0.0585,14.7,32
этот осадок требовался для формирования пляжей и песчаных отмелей являвшихся местом обитания диких животных,этот осадок требовался для формирования пляжей и песчаных отмелей являвшихся местом обитания диких животных,0.0,0.0,8.4,14
вчера мартейи привёл к присяге новый временный избирательный совет вис состоящий из девяти участников,вчера мартеи привел к присяге новый временный избирательный совет вис состоящий из девяти участников,0.1429,0.0198,12.96,14
центр церковной власти базировался в риме на протяжении более тысячи лет и такое сосредоточение могущества и богатства привело к тому что многие усомнились а соблюдается ли этот догмат,центр церковной власти базировался в риме на протяжении более тысячи лет и такое сосредоточение могущества и богатства привело к тому что многие усомнились а соблюдается ли этот догмат,0.0,0.0,12.96,28
одним из наиболее распространённых методов используемых для иллюстрации важности социализации является иллюстрация нескольких прискорбных случаев когда дети изза отсутствия должного внимания неудачного стечения обстоятельств или умышленного жестокого обращения не контактировали со взрослыми во время своего взросления,одним из наиболее распространенных методов используемых для иллюстрации важности социализации является иллюстрация нескольких прискорбных случаев когда дети изза отсутствия должного внимания неудачного истечения обстоятельств или умышленного жестокого обращения не контактировали со взрослыми во время своего взросления,0.0556,0.0063,21.84,36
в итоге сплочённая работа организации с целью преодолеть препятствие может привести к новому инновационному процессу который будет отвечать интересам клиента,в итоге сплоченная работа организации с целью преодолеть препятствия может привести к новому инновационному процессу который будет отвечать интересам клиента,0.1,0.0127,15.48,20
шок по возвращении в родную страну наступает раньше чем культурный шок здесь более короткий романтичный период длится дольше и может быть более тяжёлым,шок по возвращению в родную страну наступает раньше чем культурный шок здесь более короткий романтичный период длится дольше и может быть более тяжелым,0.087,0.0132,9.36,23
когда все доступные ресурсы эффективно используются во всех функциональных подразделениях организации то могут проявиться креативность и изобретательность,когда все доступные ресурсы эффективно используются во всех функциональных подразделениях организации то могут проявиться креативность и изобретательность,0.0,0.0,13.2,17
атомная бомба работает на том принципе что для того чтобы много протонов и нейтронов находились в одном ядре необходима энергия,атомная бомба работает на том принципе что для того чтобы много протонов и нейтронов находилось в одном ядре необходима энергия,0.05,0.0079,11.4,20
аналогично мужчины должны носить брюки которые бы закрывали колени,аналогично мужчины должны носить брюки которые бы закрывали колени,0.0,0.0,6.6,9
на некоторых маршрутах у более крупных компаний есть свои собственные самолёты но для других маршрутов и более мелких компаний с этим была проблема,на некоторых маршрутах у более крупных компаний есть свои собственные самолеты но для других маршрутов и более мелких компаний с этим была проблема,0.0435,0.0068,10.26,23
большинство современных исследовательских телескопов это огромные сооружения в удаленных местах с благоприятными атмосферными условиями,большинство современных исследовательских телескопов это огромные сооружения в удаленных местах с благоприятными атмосферными условиями,0.0,0.0,10.02,14
между 1000 и 1100 вечера по горному времени заключенные устроили пожар во дворе,между 10 и 11 вечера по горному времени заключенные устроили пожар во дворе,0.1538,0.0506,9.96,13
блоги также могут улучшить навыки письма у учащихся хотя учащиеся часто начинают свой блог используя неряшливую грамматику и орфографию это как правило меняется изза присутствия аудитории,блоги также могут улучшить навыки письма учащихся хотя учащиеся часто начинают свой блог используя нерячливую грамматику и орфографию это как правило меняется изза присутствия аудитории,0.0769,0.016,13.8,26
это представляет хорошую возможность увидеть северное сияние потому что небо будет более или менее тёмным круглые сутки,это представляет хорошую возможность увидеть северное сияние потому что небо будет более или менее темным круглые сутки,0.0588,0.0084,9.6,17
дель потро имел раннее преимущество во втором сете но это также потребовало тайбрейка после достижения 66,дельпотро имел раннее преимущество во втором сете но это также потребовало тайбрейка после достижения 66,0.125,0.0095,12.72,16
по оценке начальника инженерных войск сша 6 дюймов дождевых осадков могли прорвать поврежденные ранее дамбы,по оценке начальника инженерных войск сша 6 дюймов дождевых осадков могли прорвать поврежденные ранее дамбы,0.0,0.0,11.64,15
но еще можно многое сказать о птицах которые всё ещё выглядят как динозавры,но еще многое можно сказать о птицах которые все еще выглядят как динозавры,0.3077,0.1333,6.72,13
вскоре после начала военных действий британия устроила морскую блокаду германии,вскоре после начала военных действий британия устроила морскую блокаду германии,0.0,0.0,7.56,10
находка также позволяет ознакомиться с эволюцией перьев у птиц,находка также позволяет ознакомиться с эволюцией перьев у птиц,0.0,0.0,5.76,9
стандарт 80211n работает на обоих частотах 24 ггц и 50 ггц,стандарт 80211n работает на обоих частотах 24 ггц и 50 ггц,0.0,0.0,9.3,11
они вернулись в париж в карете окружённые толпой людей которые выкрикивали угрозы королю и королеве,они вернулись в париж в карете укруженной толпой людей которые выкриковали угрозы королю и королеве,0.1333,0.0505,8.52,15
эти теории обращаются к тому что же заставляет конкретных людей хотеть делать то что они делают и что их окружении заставляет делать или не делать определённые вещи,эти теории обращаются к тому что же заставляет конкретных людей хотеть делать то что они делают и что их окружение заставляет делать или не делать определенные вещи,0.0741,0.0122,15.6,27
аналогичным образом если у вас есть шенгенская виза вам не нужно подавать заявление на получение визы в каждую из странучастниц шенгенского соглашения отдельно что позволит вам сэкономить время и деньги а также избежать бумажной волокиты,аналогичным образом если у вас есть шенгенская виза вам не нужно подавать заявление на получение визы в каждую из стран участниц шенгенского соглашения отдельно что позволит вам сэкономить время и деньги а также избежать бумажной волокиты,0.0571,0.0042,15.96,35
количество присутствующих было настолько велико что не все смогли попасть на площадь святого петра где проходили похороны,количество присутствующих было настолько велико что они все смогли попасть на площадь святого педра где проходили похороны,0.1176,0.0248,11.34,17
австралиец митчелл гурли пришел к финишу одиннадцатым в соревнованиях по супергиганту для мужчин в классе стоя чех олдрич елинек пришел к финишу шестнадцатым в соревнованиях по супергиганту для мужчин в классе сидя,австралиец митчелл гурли пришел к финишу 11 в соревнованиях по супергиганту для мужчин в классе стоя чех олдч еллинек пришел к финишу 16 в соревнованиях по супергиганту для мужчин в классе сидя,0.125,0.1262,18.06,32
наиболее доступными растительными ресурсами были бы белки находящиеся в листьях и бобовых но они плохо усваиваются такими приматами как мы если их не готовить,наиболее доступными растительными ресурсами были бы белки находящиеся в листьях и бобовых но они плохо усваиваются такими приматами как мы если их не готовить,0.0,0.0,13.74,24
центр церковной власти базировался в риме на протяжении более тысячи лет и такое сосредоточение могущества и богатства привело к тому что многие усомнились а соблюдается ли этот догмат,центр церковной власти базировался в риме на протяжении более тысячи лет и такое сосредоточение могущества и богатство привело к тому что многие усомнились а соблюдается ли этот догмат,0.0357,0.0054,13.32,28
национальный парк плитвицкие озёра сильно зарос лесом в основном буками елями и пихтами и представляет собой смесь альпийской и средиземноморской растительности,национальный парк литвицкие озера сильно зарос лесом в основном буками елями и пихтами и представляет собой смесь альпийской и средиземноморской растительности,0.0952,0.0125,15.0,21
простым и популярным блюдом на обед особенно в летнее время является паамболи хлеб с оливковым маслом помидорами и любой имеющейся начинкой такой как сыр тунец и т д,простым и популярным блюдом на обед особенно в летнее время являются памп оли хлеб с оливковым маслом помидорами и любой имеющийся начинкой такой как сыр тунец и тд,0.2143,0.0364,12.54,28
долина кочамо главное направление в чили для альпинизма она известна как йосмит южной америки и имеет большое количество больших гранитных стен и скал,долина кочама главное направление в чили для альпинизма она известна как юсмит южной америки и имеет большое количество больших гранитных стен и скал,0.087,0.02,11.04,23
каждый является членом общества и использует транспортные системы практически каждый жалуется на эти систем,каждый является членом общества и использует транспортные системы практически каждый жалуется на эти системы,0.0714,0.0093,9.78,14
даниэль лантань эксперт оон по вопросам данной болезни заявила что вспышка вероятно была вызвана миротворцами,даниэль лонталь эксперт оон по вопросам данной болезни заявила что вспышка вероятно была вызвана миротворцами,0.0667,0.0183,8.88,15
вчера мартейи привёл к присяге новый временный избирательный совет вис состоящий из девяти участников,вчера мартей привел к присяге новый временный избирательный совет виз состоящий из девяти участников,0.2143,0.0297,8.82,14
в популярные виды спорта входят футбол баскетбол волейбол водное поло фехтование регби велоспорт хоккей на льду хоккей на роликах и автогонки формулы1,в популярные виды спорта входят футбол баскетбол волейбол водное поло фехтование регби велоспорт хоккей на льду хоккей на роликах и автогонки формулы один,0.0909,0.0333,13.62,22
конечно же эта традиция имеет христианское теологическое объяснение но это вполне может быть и дохристианский ритуал весны и плодородия,конечно же эта традиция имеет христианское теологическое объяснение но это вполне может быть итохристианский ритуал весны и плодородия,0.1053,0.0148,13.92,19
львы самые социальные кошки живущие в больших группах которые называются прайдами,львы самые социальные кошки живущие в больших группах которые называются прайдами,0.0,0.0,8.28,11
отбойное течение течение создаваемое волнами которые разбиваются о берег или иногда об риф или чтото подобное,отбойное течение течение создаваемое волнами которые разбиваются оберег или иногда обрив или чтото подобное,0.25,0.0275,9.48,16
как правило могут проявляться два типа поведения когда менеджеры начинают руководить людьми ранее равными им по статусу одна крайность спектра это попытка оставаться своим парнем или девушкой,как правило могут проявляться два типа поведения когда менеджеры начинают руководить людьми ранее равными им по статусу одна крайность спектра это попытка оставаться своим парнем или девушкой,0.0,0.0,14.52,27
скаффолдинг это не метод обучения а скорее форма помощи тем кто проходит через новый опыт обучения такой как использование новой компьютерной программы или начало нового проекта,скафолдинг это не метод обучения а скорее форма помощи тем кто проходит через новый опыт обучения такой как использование новой компьютерной программы или начало нового проекта,0.0385,0.0056,10.86,26
он находился под управлением вишистских французов эти французы заключили мир с немцами в 1940 году и работали вместе с захватчиками вместо того чтобы им противостоять,он находился под управлением вишистских французов эти французы заключили мир с немцами в 1940 году и работали вместе с захватчиками вместо того чтобы им противостоять,0.0,0.0,13.92,25
также может быть выгодно купить wild card которая позволяет посещать национальные парки юар либо выборочно либо все,также может быть выгодно купить вайлдкард которая позволяет посещать национальные парки юар либо выборочно либо все,0.1176,0.0783,10.8,17
цивилизация это отдельная культура носителями которой является достаточно большая группа людей живущих и работающих вместе общество,цивилизация это отдельная культура носителями которой является достаточно большая группа людей живущих и работающих вместе общества,0.0625,0.0076,12.72,16
количество присутствующих было настолько велико что не все смогли попасть на площадь святого петра где проходили похороны,количество присутствующих было настолько велико что не все смогли попасть на площадь святого петра где проходили похороны,0.0,0.0,8.7,17
на севере регион ограничен сахелем а на юге и западе атлантическим океаном,на севере регион ограничен с ахелем а на юге и западе атлантическим океаном,0.1667,0.0135,7.68,12
учебные экскурсии очень важны для любого класса очень часто учителям хочется отвезти своих учеников туда куда нельзя доехать на автобусе,учебные экскурсии очень важны для любого класса очень часто учителям хочется отвести своих учеников туда куда нельзя доехать на автобусе,0.05,0.0074,10.32,20
он однако не является единственным научные исследования также руководствуются экспериментированием эксперимент это проверка используемая чтобы исключить одну или более возможных гипотез задаванием вопросов и проведением наблюдений,он однако не является единственным научные исследования также руководствуются экспериментированием эксперимент это проверка используемая чтобы исключить одну или более возможную гипотезу с задаванием вопросов и проведением наблюдений,0.1154,0.0217,15.96,26
несмотря на то что ии прочно ассоциируется с научной фантастикой он формирует очень важное направление компьютерных наук рассматривающее поведение и обучение машин и привитие им интеллекта,несмотря на то что ии прочно ассоциируется с научной фантастикой он формирует очень важное направление компьютерных наук рассматривающее поведение и обучение машин и привитие им интеллекта,0.0,0.0,14.64,26
хьюн ушел в отставку и в кабинете министров его заменит член парламента эд дейви ожидается что член парламента норман ламб займет принадлежащий дейви пост министра по делам бизнеса,хьюн ушел в отставку и в кабинете министров его заменит член парламента эд дэви ожидается что член парламента норман ламп займет принадлежащий дэви пост министра по делам бизнеса,0.1071,0.0278,13.68,28
нынешняя сенатор и первая леди аргентины кристина фернандес де киршнер анонсировала выдвижение своей кандидатуры на пост президента вчера вечером в лаплате городе в 50 километрах 31 милях от буэносайреса,нынешняя сенатор и первая леди аргентины кристины фернандес де кишнер анонсировала выдвижение своей кандидатуры на пост президента вчера вечером в лаплате городе в 50 км31 милях от буэносайреса,0.1379,0.0542,20.76,29
этот осадок требовался для формирования пляжей и песчаных отмелей являвшихся местом обитания диких животных,этот осадок требовался для формирования пляжей и песчаных отмелей являвшихся местом обитания диких животных,0.0,0.0,11.88,14
в начальный период своего существования это шоу транслировалось только на сайте давно существующего онлайнрадио toginet radio посвященного радиобеседам,в начальный период своего существования это шоу транслировалось только на сайте давно существующего онлайнрадио тогиnет радио посвященного радиобеседам,0.1111,0.0728,13.5,18
в больнице был соблюден протокол инфекционного контроля включая отдельное содержание пациента чтобы предотвратить возможное заражение других пациентов,в больнице был соблюден протокол инфекционного контроля включая отдельное содержание пациента чтобы предотвратить возможные заражения других пациентов,0.1176,0.0133,9.72,17
если вы не привыкли ездить по сельским дорогам будьте начеку преобладают крутые склоны узкие переулки и резкие повороты,если вы не привыкли ездить по сельским дорогам будьте начеку преобладают крутые склоны узкие переулки и резкие повороты,0.0,0.0,8.64,18
начальник полиции чандра шехар соланки заявил что обвиняемые были представлены перед судьями с закрытыми лицами,начальник полиции чандра шар саланки заявил что обвиняемые были представлены перед судьями с закрытыми лицами,0.1333,0.027,8.64,15
коллегирестлеры тоже отдали луне дань уважения,коллегирестлеры тоже отдали луне дань уважения,0.0,0.0,4.8,6
роландо мендоса выстреливал из своей винтовки м16 в туристов,орландо ментоса выстреливал из своей винтовки м16 туристов,0.3333,0.0833,7.32,9
он добавил что их однако не следует просить брать на себя обязательства которые выходят за рамки их стадии разработки ответственности и возможностей,он добавил что их однако не следует просить брать на себя обязательства которые выходят за рамки их стадии разработки ответственности и возможностей,0.0,0.0,13.92,22
слово цивилизация происходит от латинского civilis что означает гражданский и является родственником латинских слов civis означающего гражданин и civitas означающего город или городгосударство и оно также определенным образом выражает размер общества,слово цивилизация происходит от латинского цивилес что означает гражданский и является родственником латинских слов цивис означающего гражданин и цивитас означающего город или город государства и оно также определенным образом выражает размер общества,0.1613,0.084,24.06,31
проведенная работа была в основном теоретической но программа была написана для имитации наблюдений галактики в стрельце,проведенная работа была в основном теоретической но программа была написана для имитации наблюдений галактики в стрельце,0.0,0.0,11.52,16
он однако не является единственным научные исследования также руководствуются экспериментированием эксперимент это проверка используемая чтобы исключить одну или более возможных гипотез задаванием вопросов и проведением наблюдений,он однако не является единственным научные исследования также руководствуются экспериментированием эксперимент это проверка используемая чтобы исключить одну или более возможную гипотезу с задаванием вопросов и проведением наблюдений,0.1154,0.0217,16.98,26
всё же следуйте рекомендациям органов власти подчиняйтесь всем знакам и обратите пристальное внимание на предупреждения о безопасности,все же следуйте рекомендациям органов власти подчиняйтесь всем знакам и обратите пристальное внимание на предупреждения о безопасности,0.0588,0.0075,11.22,17
несмотря на то что нашлась экспериментальная вакцина способная снизить смертность от вируса эбола пока еще ни одно лекарство не продемонстрировало явного эффекта в лечении существующей инфекции,несмотря на то что нашлась экспериментальная вакцина способная снизить смертность от вируса ebol пока еще ни одно лекарство не продемонстрировало явного эффекта в лечении существующей инфекции,0.0385,0.0259,15.24,26
роландо мендоса выстреливал из своей винтовки м16 в туристов,роландо мендоса выстреливал из своей винтовки м16 в туристов,0.0,0.0,9.12,9
по сообщениям ему было от 20ти до 30ти лет в заявление бибер сказал хотя я и не присутствовал при трагическом инциденте и не был вовлечён в него напрямую мои мысли и молитвы с семьёй жертвы,по сообщениям ему было от 20 до 30 лет в заявлении бибер сказал хотя я и не присутствовал при трагическом инциденте и не был вовлечен в него напрямую мои мысли и молитвы с семьей жертвы,0.1429,0.037,17.16,35
первоначально он был госпитализирован в госпитале джеймса педжета в грейтярмуте,первоначально он был госпитализирован в госпитале джеймса пэджета в грейд ярмоте,0.3,0.0506,6.6,10
получите новую смесь перемешав два сухих порошка в одной емкости а затем чистыми влажными руками слепите из этой смеси шарик,получите новую смесь перемешав два сухих порошка в одной емкости а затем чистыми влажными руками слепите из этой смеси шарик,0.0,0.0,10.2,20
целые 20 процентов воды поступаемой из рек нашей планеты в океаны текут из амазонки,целые двадцать процентов воды поступаемой из рек нашей планеты в океаны текут из амазонки,0.0714,0.0964,6.48,14
тигриный рык не похож на полнозвучный рык льва а больше напоминает выкрикивание предложений из неразборчивых слов,тигреный рык не похож на полнозвучный рык льва а больше напоминает выкрикивание предложений из неразборчивых слов,0.0625,0.0088,9.24,16
перри заявил что вернётся в техас чтобы оценить результаты сегодняшнего партийного собрания и определить стоит ли мне продолжать гонку но позже сказал что он её продолжит и будет участвовать в предварительных выборах в южной каролине 21 января,перезаявил что вернется в техас чтобы оценить результаты сегодняшнего партийного собрания и определить стоит ли мне продолжать гонку но позже сказал что он ее продолжит и будет участвовать в предварительных выборах в южной каролине 21 января,0.1081,0.0206,22.44,37
это место которое британские колонизаторы забрали себе и если вы ищете доказательства колониального прошлого территории то это хорошее место для начала,это место которое британские колонизаторы забрали себе и если вы ищете доказательства колониального прошлого территории то это хорошее место для начала,0.0,0.0,10.44,21
многие считали что он прав но многие верили в противоположное что солнечная система вращается вокруг земли включая солнце и даже другие звезды,многие считали что он прав но многие верили в противоположное что солнечная система вращается вокруг земли включая солнце и даже другие звезды,0.0,0.0,15.12,22
дети живущие на улицах возможно пережили тяжёлые формы насилия или травмирования до того как убежать или быть брошенными,дети живущие на улицах возможно пережили тяжелые формы насилия или травмирования до того как убежать или быть брошенными,0.0556,0.0083,12.42,18
в состав прайда входит от одного до трех взрослых самцов находящихся в родстве а также самок и детенышей число которых может доходить до тридцати,в состав прайда входит от одного до трех взрослых санцов находящихся в родстве а также самок и детенышей число которых может доходить до тридцати,0.0417,0.0069,12.84,24
взаимосвязь между патологией мозга и поведением используется учёными в их исследованиях,взаимосвязь между патологией мозга и поведением используются учеными в их исследованиях,0.1818,0.023,7.56,11
блоггерство является инструментом стимулирующим сотрудничество и оно мотивирует учащихся распространить процесс приобретения знаний далеко за пределы традиционного учебного дня,блогерство является инструментом стимулирующим сотрудничество и оно мотивирует учащихся распространить процесс приобретения знаний далеко за пределы традиционного учебного дня,0.0526,0.0057,13.86,19
конгресс начал финансировать инициативу по борьбе с развратом в 2005 налоговом году и определил что фбр должно выделить 10 агентов на борьбу со взрослой порнографией,конгресс начал финансировать инициативу по борьбе с развратом в 2005 налоговом году и определил что фбр должно выделить 10 агентов на борьбу со взрослой порнографией,0.0,0.0,14.52,25
энергия кундалини энергия просветления в кундалинийоге пробуждается через позы йоги дыхательные упражнения мантры и визуализации,энергия кундалини энергия просветления в кундалине йоги пробуждается через позы йоги дыхательные упражнения мантры и визуализации,0.1333,0.0234,14.04,15
либеральная критика усилий по восстановлению сосредоточивалась на том что контракты на восстановительные работы отдавались предположительно имеющим связи с правительством,либеральная критика усилий по восстановлению сосредоточивалась на том что контракты на восстановительные работы отдавались предположительно имеющим связи с правительством,0.0,0.0,14.1,19
однако эти планы стали неактуальны практически за ночь когда около 800 000 солдат из советской красной армии образовали белорусский и украинский фронты после захвата восточных регионов польши в нарушение рижского мирного соглашения советскопольского пакта о ненападении и других международных соглашений двусторонних и многосторонних,однако эти планы стали не актуальны практически за ночь когда около 800 тысяч солдат из советской красной армии образовали белорусский и украинский фронты после захвата восточных регионов польши в нарушение рижского мирного соглашения советскопольского пакта о ненападении и других международных соглашений двусторонних и многосторонних,0.0698,0.018,21.48,43
до прибытия войск государство гаити не сталкивалось с проблемами касающимися данного заболевания с начала 19 века,до прибытия войск государство гаити не сталкивалось с проблемами касающимися данного заболевания с начала xix века,0.0625,0.0265,11.04,16
спутник был доставлен в космос ракетой ученые используют телескопы в космосе потому что атмосфера земли в некоторой степени искажает наш свет и обзор,спутник был доставлен в космос ракетой ученые используют телескопы в космосе потому что атмосфера земли в некоторой степени искажает наш свет и обзор,0.0,0.0,12.42,23
пускай часто это всего лишь ложный стереотип всё же лучший способ преуспеть в париже это вести себя наилучшим образом как bien élevé хорошо воспитанный человек это значительно облегчит адаптацию в этом городе,пускай часто это всего лишь ложный стереотип все же лучший способ преуспеть в париже это вести себя наилучшим образом как хороший воспитанный человек это значительно облегчит адаптацию в этом городе,0.125,0.0673,15.6,32
горячий шоколад отвечает стандартам бельгии хотя фруктовые соки стоят дорого они имеют превосходное качество,горячий шоколад отвечает стандартам бельгии хотя фруктовые соки стоят дорого они имеют превосходное качество,0.0,0.0,7.8,14
оно гласит что лучше всего помещать главный объект на пересечении линий делящих изображение на три части по вертикали и по горизонтали см пример,он огласит что лучше всего помещать главный объект на пересечении линий делящих изображение на три части по вертикали и горизонтали смотреть пример,0.1739,0.0764,11.58,23
в результате актёры курят косяки с марихуаной на сцене и сам театр поощряет публику присоединиться,в результате актеры курят косяки с марихуаной на сцене и сам театр поощряет публику присоединиться,0.0667,0.0102,11.64,15
львы самые социальные кошки живущие в больших группах которые называются прайдами,львы самые социальные кошки живущие в больших группах которые называются прайдами,0.0,0.0,8.16,11
представьте что лыжный маршрут это пешеходный маршрут,представьте что лыжный маршрут это пешеходный маршрут,0.0,0.0,6.96,7
долина кочамо главное направление в чили для альпинизма она известна как йосмит южной америки и имеет большое количество больших гранитных стен и скал,долина кочамо главное направление в чили для альпинизма она известна как йосмит южной америке имеет большее количество больших гранитных стен и скал,0.1304,0.0267,13.32,23
в репортажах по телевидению сообщается о белом дыме идущем от завода,в репортажах по телевидению сообщается о белом дыме идущем от завода,0.0,0.0,8.64,11
количество присутствующих было настолько велико что не все смогли попасть на площадь святого петра где проходили похороны,количество присутствующих было настолько велико что не все смогли попасть на площадь святого петра где проходили похороны,0.0,0.0,8.04,17
согласно плану мост полностью войдёт в эксплуатацию в сентябре 2017 года когда бразильские пункты таможенной проверки как ожидается будут завершены,согласно плану мост полностью войдет в эксплуатацию в сентябре 2017 года когда бразильские пункты таможенной проверки как ожидается будут завершены,0.05,0.0068,15.6,20
касабланка одно из наименее интересных мест для шопинга во всем марокко,косабланка одно из наименее интересных мест для шопинга во всем марокко,0.0909,0.0141,6.0,11
хоть гома и является достаточно безопасным местом следует заранее уточнять информацию насчёт любых поездок за пределы гомы чтобы понять в каком состоянии находятся боевые действия ведущиеся в провинции северное киву,хоть гома является достаточно безопасным местом следует заранее уточнять информацию насчет любых поездок за пределы гомы чтобы понять в каком состоянии находятся боевые действия ведущиеся в провинции северной киво,0.1333,0.0233,15.48,30
первой среди 78 рекомендаций является то что следует реализовать новую дипломатическую инициативу до конца этого года для укрепления иракских границ чтобы не допустить враждебного вмешательства а также для возобновления дипломатических отношений с соседями,первой среди 78 рекомендаций является то что следует реализовать новую дипломатическую инициативу до конца этого года для укрепления иракских границ чтобы не допустить враждебного вмешательства а также для возобновления дипломатических отношений с соседями,0.0,0.0,16.38,33
вереницу зданий образующих линию горизонта гонконга сравнивают со сверкающей столбчатой диаграммой подчеркнутой водой бухты виктория,вереницу зданий образующих линию горизонта гонконга сравниваются со сверкающей столбчатой диаграммой подчеркнутой водой бухты виктория,0.0667,0.0152,13.56,15
хьюн ушел в отставку и в кабинете министров его заменит член парламента эд дейви ожидается что член парламента норман ламб займет принадлежащий дейви пост министра по делам бизнеса,хьюн ушел в отставку и в кабинете министров его заменит член парламента эд дэйви ожидается что член парламента норман ламп займет принадлежащий дэйви пост министра по делам бизнеса,0.1071,0.0167,15.18,28
собственные стили начали развиваться в западной европе к концу средневековья одним из самых больших достижений того времени благодаря крестовым походам стало использование пуговиц для застегивания одежды,собственные стили начали развиваться в западной европе к концу средневекови одним из самых больших достижений того времени благодаря крестовым походам стало использование пуговиц для застегивания одежды,0.0385,0.0099,14.16,26
губернатор калифорнии арнольд шварценеггер подписал закон запрещающий продажу или прокат видеоигр с применением насилия несовершеннолетним лицам,губернатор калифорнии арнольд шварценеггер подписал закон запрещающий продажу прокат видеоигр с применением насилия несовершеннолетним лицам,0.0625,0.0278,9.84,16
исследователи университета сообщили что эти два соединения вступают друг с другом в реакцию образуя кристаллы которые могут блокировать работу почек,исследователи университета сообщили что эти два соединения вступают друг с другом в реакцию образуя кристаллы которые могут блокировать работу почек,0.0,0.0,10.56,20
в некоторых местах достаточно прокипятить воду в течение минуты в других потребуется несколько минут,в некоторых местах достаточно прокопятить воду в течение минуты в других потребуется несколько минут,0.0714,0.01,8.88,14
nextgen это система которая по заверению федеральной авиационной администрации сша позволит самолетам летать по сокращенным маршрутам и ежегодно экономить миллионы галлонов топлива а также снизить выбросы углерода,некшен это система которая по заверению федеральной авиационной администрации сша позволит самолетам летать по сокращенным маршрутам и ежегодно экономить миллионы галлонов топлива а также снизить выбросы углерода,0.037,0.0329,15.78,27
это связано но обычно не включает пешее восхождение на вершину и затем спуск по неподготовленным склонам так как катание по целине требует более жестких лыж и ботинок,это связано но обычно не включает пешее восхождение на вершину и затем спуск по неподготовленным склонам так как катание по целине требует более жестких лыж и ботинок,0.0,0.0,11.88,27
на севере регион ограничен сахелем а на юге и западе атлантическим океаном,на севере регион ограничен сахелем на юге и западе атлантическим океаном,0.0833,0.027,7.62,12
блоггерство является инструментом стимулирующим сотрудничество и оно мотивирует учащихся распространить процесс приобретения знаний далеко за пределы традиционного учебного дня,блогерство является инструментом стимулирующим сотрудничество и оно мотивирует учащихся распространить процесс приобретения знаний далеко за пределы традиционного учебного дня,0.0526,0.0057,12.24,19
вскоре после начала военных действий британия устроила морскую блокаду германии,вскоре после начала военных действий британия устроила морскую блокаду германии,0.0,0.0,4.92,10
они вернулись в париж в карете окружённые толпой людей которые выкрикивали угрозы королю и королеве,они вернулись в париж в кареде окруженные толпой людей которые выкрикивали угрозы королю и королеве,0.1333,0.0202,7.56,15
всего за 2 недели силы свободной франции и американцы освободили южную францию и отправились в сторону германии,всего за 2 недели силы свободной франции и американцы освободили южную францию и отправились в сторону германии,0.0,0.0,11.7,17
многие считали что он прав но многие верили в противоположное что солнечная система вращается вокруг земли включая солнце и даже другие звезды,многие считали что он прав но многие верили в противоположное что солнечная система вращается вокруг земли включая солнце и даже другие звезды,0.0,0.0,8.82,22
сцены показывают на пирамидах и разные пирамиды освещаются,сцены показывают на пирамидах и разные пирамиды освещаются,0.0,0.0,8.04,8
вы можете по гома на бодабода мототакси обычная местная цена 500 конголезских франков за короткую поездку,вы можете погома на бодабода мототакси обычная местная цена 500 кангалетских франков за короткую поездку,0.1875,0.0381,9.6,16
философ аристотель считал что всё состоит из смеси одного или нескольких из четырёх элементов это были земля вода воздух и огонь,философ аристотель считал что все состоит из смесей одного или нескольких из четырех элементов это были земля вода воздух и огонь,0.1429,0.0312,10.98,21
это называется ph химического вещества вы можете сделать индикатор при помощи сока красной капусты,это называется пиаж химического вещества вы можете сделать индикатор при помощи сока красной капусты,0.0714,0.0408,8.1,14
поиск в интернете по фразе курс по безопасности во враждебной среде возможно выдаст адрес местной компании,поиск в интернете по фразе курс по безопасности во враждебной среде возможно выдаст адрес местной компании,0.0,0.0,12.12,16
атомная бомба работает на том принципе что для того чтобы много протонов и нейтронов находились в одном ядре необходима энергия,атомная бомба работает на том принципе что для того чтобы много протонов и нейтронов находилось в одном ядре необходима энергия,0.05,0.0079,10.98,20
это называется ph химического вещества вы можете сделать индикатор при помощи сока красной капусты,это называется пиаж химического вещества вы можете сделать индикатор при помощи свока красной капусты,0.1429,0.051,8.1,14
сундарбан был объявлен объектом всемирного наследия юнеско часть леса в пределах индийской территории называется национальный парк сундарбан,сундарбан был объявлен объектом всемирного наследия юнеско часть леса в пределах индийской территории называется национальный парк сундарбан,0.0,0.0,11.1,17
стандарт 80211n работает на обоих частотах 24 ггц и 50 ггц,стандарт 80211 работает на обоих частотах 24 ггц и 50 ггц,0.0909,0.0172,11.34,11
это представляет хорошую возможность увидеть северное сияние потому что небо будет более или менее тёмным круглые сутки,это представляет хорошую возможность увидеть северное сияние потому что небо будет более или менее темным круглые сутки,0.0588,0.0084,12.84,17
все существительные а также слово sie означающее вы всегда пишутся с большой буквы даже в середине предложения,все существительные а также слово се означающее вы всегда пишутся с большой буквы даже в середине предложения,0.0588,0.0273,12.84,17
