ref,hyp,wer,cer,duration_sec,n_ref_words
в древнем китае использовали уникальный способ обозначения периодов времени каждый этап китая или каждая семья находившаяся у власти были особой династией,в древнем китай использовали уникальный способ обозначения передов времени каждый этап китай или каждое семья находившаяся у власти были особо династии,0.2857,0.0584,16.92,21
мадагаскар намного больше других и является самобытным континентом в том что касается дикой природы,модогаскар намного больше других и является самобытным континентом в то что касается дикой природы,0.1429,0.0303,11.52,14
во всех научных вопросах включая психологию были приняты взгляды аристотеля,во всех научных вопросах включая психологию были приняты взгляды рестотеля,0.1,0.0267,8.64,10
в различных местах рима были установлены большие телевизионные экраны с помощью которых люди могли наблюдать за церемонией,в различных местах рима были установлены большей телевизионные экраны с помощью которых люди могли наблюдать с ремонией,0.1765,0.0492,7.92,17
причиной дебатов стали разногласия относительно затрат на оказание материальной поддержки и восстановление зданий после урагана катрина который некоторые фискальные консерваторы в шутку назвали новоорлеанской сделкой буша,причиной дебатов стали разногласия относительно затратно оказания материальной поддержки и восстановления станей после урогана катрина который некоторые фискальные консерваторы в шутку назвали новарлянской сделкой буши,0.3077,0.0588,19.44,26
в 1990 году он был добавлен в список всемирного наследия находящегося под угрозой изза опасности со стороны песков пустыни,в 1990 году он был добавлен в список в семерного наследия находящаяся под огроза из опасности со стороны писков пустыни,0.3158,0.0902,10.44,19
согласно ядерному управлению японии на заводе были обнаружены радиоактивный цезий и йод,соклассной ядерному управлению епонии на заводе были обнаружены радиоактивной цивей иют,0.5,0.1379,7.2,12
надлежащее использование блогов может дать учащимся возможность стать более аналитичными и критичными путём активного отклика на интернетматериалы учащиеся могут определять свою позицию в контексте чужих работ а также излагать свои собственные взгляды на конкретные вопросы оравек 2002,на длижащее использование блогов может дать учащимся возможность стать более аналитичными и критичными путем активного отклика на интернетматериалы учащейся могут определять свою позицию в контексте чужих работ а также излагарь свой собственный эксклядный наканкетные вопросы,0.3243,0.1018,27.0,37
только мутации в клетках зародышевой линии могут передаваться далее детям в то время как мутации гдето ещё могут привести к гибели клеток или раку,только мутации в клетках зародашего линии могут передаваться далее где это может привести гиблик леток или раку,0.5417,0.2945,11.52,24
не оскверняйте это место нанося или выцарапывая граффити на объекты вокруг,не оскверняйте это место но вся или выцироповая графитина объекта вокруг,0.5455,0.1216,5.94,11
когда все доступные ресурсы эффективно используются во всех функциональных подразделениях организации то могут проявиться креативность и изобретательность,когда все доступные ресурсы эффективно используются в всех функциональных подразделения организации то могут появиться креативность и изобретательность,0.1765,0.0195,15.12,17
серия asus eee pc ранее представленная во всём мире с ориентацией на такие факторы как экономия средств и функциональность стала горячей темой во время месяца информационных технологий в тайбэе в 2007 году,серия asus и pc ранее представленная во всем мире сориноцией на такие факторы как экономия средств и функциональность стало горячей темы во время месяца информационных технологий в тайбе 2007 году,0.25,0.0683,16.32,32
переносчиками являются свиньи от которых через комаров болезнь затем передаётся человеку,переночками являются свиньи вот которых через кумуров болезнят затем передается человеку,0.4545,0.0909,7.92,11
также может быть выгодно купить wild card которая позволяет посещать национальные парки юар либо выборочно либо все,также может быть выходным купить вилкар которая позволяет посещать национальные парки и ор либо выброшну либо все,0.3529,0.1565,9.18,17
только мутации в клетках зародышевой линии могут передаваться далее детям в то время как мутации гдето ещё могут привести к гибели клеток или раку,только мутации в клетках зародышевые линии могут передаваться далее детям в то время к мутации гдето еще могут привести гиблик лет о клираку,0.3333,0.0959,11.28,24
энергия кундалини энергия просветления в кундалинийоге пробуждается через позы йоги дыхательные упражнения мантры и визуализации,анария кундалине анария просветления в кундалине йойе пробуждается через позиогие дыхательные упражнения мантр и визолизации,0.6,0.1328,11.82,15
султан марокко перестроил город под названием эддарэльбейда а испанские торговцы создавшие тут торговые базы назвали его касабланка,сультан морока перестроил город по названием эдар эльбейда айспанский торговц создавший тут торговый базов назвали его косабланка,0.6471,0.1221,11.76,17
так же как луна притягивает землю при этом вызывая приливы так и млечный путь воздействует на галактику в стрельце,также как луна претягивает землю при этом вызывая приливы так и млеечный путь воздействует на галактику стрельцы,0.3158,0.0526,8.28,19
в частности утверждается что можно определить лжет ли человек при помощи правильной интерпретации его микровыражений,в частности кто ожидается что можно определить в жот лечеловек при помощи правильной интерпретации его микроворожений,0.4,0.1034,8.34,15
53летний куомо начал свою деятельность на посту губернатора в начале этого года и подписал законопроект о легализации однополых браков в прошлом месяце,503 лет никого начался в seu деятельность на постугубернатора в начале этого года и подписался законопроект олегализации на полых браков прошлом месяце,0.5909,0.1589,11.64,22
большинство зданий по краям комплекса было перестроено чтобы дать туристам более точное представление о том как они выглядели изначально,большинство зданий по краям комплекса было перестроено чтобы дать туристам более точное представление о том как они выгляли изначально,0.0526,0.0147,11.34,19
лаккха сингх исполнил чхаппан бхог бхаджан певец раджу кханделвал пел вместе с ним,лак и синхис полнил чхапан хоп хаджан вец раджу кханделвал пил вместе с ним,0.6923,0.1585,8.88,13
показатель ph определяется степенью насыщенности ионами водорода h в ph исследуемого химического соединения,показатель пиаж определяется с крепими у насыщенности и онами водорода аж пиаж исследоваем его в ахимического соединения,0.9231,0.2523,9.72,13
в результате актёры курят косяки с марихуаной на сцене и сам театр поощряет публику присоединиться,в результате актера куляет косики с морехоны на сцене и сам театр поощряет публику при сайдинице,0.4,0.1837,7.56,15
обычные объявления в метро делаются только на каталонском языке но незапланированные перебои объявляются автоматизированной системой на самых разных языках включая испанский английский французский арабский и японский,обучные объявления в метро делаются только на католонском языке но не запланированные перебои объявляются автоматизированные системы на самых разных языках включая испанский англинский французский арабский и японский,0.2692,0.037,17.46,26
учёные надеются понять как образуются планеты особенно то как образовалась земля поскольку кометы сталкивались с землёй очень давно,ученые надеются понять как образуется планета особенно то как образовалась земля поскольку кометы сталкивались землей очень давно,0.2778,0.0458,9.6,18
между 1000 и 1100 вечера по горному времени заключенные устроили пожар во дворе,между 10ю и 11 вечера по горному времени заключенные устроили пожар в одворе,0.3077,0.0759,8.04,13
например ежегодно учащиеся школы беннет в северной каролине создают сайт о своём посещении столицы штата и каждый год этот сайт обновляется но доступ к старым версиям попрежнему сохраняется они служат памятным альбомом,например ежегодную чащееся школу баннад все в尷尬 на коррине создают сайта с вами посещение столица штата и каждый год этот сайт опновляется но доступ к старым версиям по прежнему сохраняется они служат памятным альбомом,0.5,0.1284,17.76,32
долина кочамо главное направление в чили для альпинизма она известна как йосмит южной америки и имеет большое количество больших гранитных стен и скал,дарина качамма главна направления в челель для альпинизма она известно как ее смет южной америки и имеет большое количество больших границных стен из кал,0.4783,0.1333,11.88,23
начиная с 1988 года урны для избирательных бюллетеней должны быть прозрачными чтобы избиратели и наблюдатели могли убедиться в том что в начале голосования внутри нет конвертов и что к ним не добавлены какиелибо другие конверты кроме конвертов тех людей которых допустили к участию в голосовании и голоса которых подсчитали надлежащим образом,ночиная с 1888 года урнодля из бирательных билетений должны быть прозрачными чтобы избиратели и наблюдатели могли убилиться в том что в начале голосования внутри нет конвертов и что к ним не добавленные какиелибо другие конверты кроме конвертов всех людей которых допустили к участию в голосовании и голоса,0.2549,0.152,33.84,51
чем ниже напряжение тем более позитивна присутствующая в вас жизненная сила каждому человеку потенциально дано обрести абсолютные покой и чувство удовлетворения,чем ниже напряжение тем более позитивно присутствующая ваше жизни наисила каждому человеку потенциально на дно обрести абсолютно и покой и чувство удовлетворения,0.4286,0.0938,12.3,21
людям с античных времен были известны основные химические элементы такие как золото серебро и медь поскольку их все можно встретить в природе в чистом виде и относительно легко добывать с помощью примитивных орудий,людям сантичных времен были известны основные химические элементы такие как золото серебро иметь поскольку их все можно встретить в природе в чистом виде и относительно легко добывать с помощью примитивных орудий,0.1212,0.014,20.04,33
за ночь было изготовлено 150200 копий теперь известных как листовки данлэпа,занеж был изготовлен в 150 км теперь известных как листовки дан лопа,0.7273,0.2133,8.16,11
все во вселенной состоит из материи вся материя состоит из мельчайших частиц называемых атомами,все во вселенной состоит из материи все материи состоит из мельчаших частиц называемых атомами,0.2143,0.0316,8.52,14
великая пирамида была возведена египтянами в третьем веке до нашей эры и является одним из множества больших пирамидальных сооружений построенных чтобы почтить память фараона,великая пирамента была возвести на эгиптянами в третьей инвеке до нашей эры и является одним из множеств в больших пираментальных соружений построенных чтобы почтить память фрауна,0.4583,0.1092,11.82,24
сердцем тибетской медитации считается йога божеств посредством визуализации разнообразных божеств чистятся энергетические каналы запускаются чакры и достигается просветлённость сознания,серкцем тебецком медитации считается йога божеств по средствам визуализации разнообразных божеств чистятся энергетические каналы запускаются чайкры и достигаются просветлённые сознания,0.3684,0.0703,13.32,19
шпалы начали применяться довольно давно для того чтобы удерживать рельсы на месте однако впоследствии стало ясно что пути были более эффективны при полосе из железа сверху,шпалы начали применяться довольно давно для того чтобы удерживать резью на месте однако в последствии стало ясно что пути были более эффективны при полосе изжли за сверху,0.1923,0.0468,12.3,26
мадагаскар намного больше других и является самобытным континентом в том что касается дикой природы,манда госкар намного больше других и является самобытным континетом что касается дикой природы,0.3571,0.101,8.1,14
если вы хотите находиться рядом со сценой вам нужно приехать заранее чтобы найти место для кемпинга вблизи от музыки,если вы хотите находиться рядом со сценой вам нужно приехать за ранее чтобы найти место для компенков в президент музыке,0.3158,0.1207,8.34,19
львиные прайды ведут себя очень похоже со стаями волков или собак животных которые по повадкам удивительно похожи на львов но не других крупных кошек и тоже очень опасны для своих жертв,левиной прайды ведут себя очень похожа на волков или собак животных которые по поваткам удивительно похожа на левов но не других крупных кошек и тоже очень опасный для своих жертв,0.2581,0.0865,18.12,31
поскольку световое загрязнение в период их расцвета не было такой проблемой как сегодня они обычно расположены в городах или в кампусах до которых легче добраться чем до тех которые построены в наше время,поскольку световое загрязление вперею ты их рассвета не было такое проблема и как сегодня они обычно расположены в кородах или в компусах до которых легче добраться чем до тех которые построены в наше время,0.2727,0.0686,14.16,33
он не смог принять препараты необходимые для облегчения боли так как они запрещены в играх,он не смог принять препараты необходимые для облегчения более так как они запрещены в играх,0.0667,0.0222,7.56,15
25 листовок данлэпа известные на настоящее время являются старейшими выжившими копиями документа оригинальная рукописная копия не дошла до нас,25 ст дамлаба известнее на настоящие время и являются старейшими выжившими копиями документа оригинальная руку песная копия не дошла до нас,0.3684,0.1127,13.56,19
ее очень нелегко обнаружить даже тому кто знает о ее существовании в пещере человек оказывается в полной изоляции,ее очень нелегко обнаружить даже тому кто знает ее существование в пещере человека казывается в полной изоляции,0.2222,0.0442,12.6,18
султан марокко перестроил город под названием эддарэльбейда а испанские торговцы создавшие тут торговые базы назвали его касабланка,султан марокка перестроил город под названием этдар эльпейта а из панский торговцы создавшие тут торговые базы назвали его кассоблонка,0.3529,0.084,11.16,17
гжа киршнер объявила о своём намерении баллотироваться на пост президента в аргентинском театре в том же месте где она начала свою предвыборную кампанию в сенат в 2005 году в качестве члена делегации провинции буэносайрес,госпожа киршнер объявила своё вномерение и балотироваться на пост президента воргентинском театре в том же месте ввенана челасвью предвыборную компанию в сенаде 2005 году в качестве члена делегации провинции бояна сайрес,0.4706,0.1403,16.32,34
цивилизация это отдельная культура носителями которой является достаточно большая группа людей живущих и работающих вместе общество,цивилизация это отдельная культура носителями которые являются достаточно большая группа людей живущих работающих вместе общество,0.1875,0.0382,11.7,16
круизы в санктпетербург включают прогулки по городу пассажиры круизов освобождены от визовых требований уточните условия,курей изза в санктпетербург включают прогулки по городу по сожире курейзов освобождены от визовых требований уточните условие,0.4,0.1167,10.44,15
людям с античных времен были известны основные химические элементы такие как золото серебро и медь поскольку их все можно встретить в природе в чистом виде и относительно легко добывать с помощью примитивных орудий,людям с анчичных времен были известны остальные химические элементы такие к вызову то есть я люблю иметь поскольку их все можно встретить природе в чистом виде это действительно легко добавайте с помощью примитивных рудей,0.4242,0.1776,14.58,33
подобные площадки которые посетило большое количество людей были организованы во многих других городах италии и в остальном мире в частности в польше,подубные площадки которые посетило большое количество людей были организованы во многих других городах и талей и в остальном мире в частности в польше,0.1364,0.0268,13.86,22
сегрегация и рекомбинация с каждым поколением тасуют вариации между двумя пулами,сегрегация и рекоменация с каждым поколением тасует вариацией между двумя пулами,0.2727,0.0625,7.92,11
спутник был доставлен в космос ракетой ученые используют телескопы в космосе потому что атмосфера земли в некоторой степени искажает наш свет и обзор,спутник был доставлен в космос ракеты ученые используют юлитскопы в космосе потому что атмосфера земли в некоторой степени и скажет наш свет и отзор,0.2174,0.0604,11.52,23
чтобыу видеть самые живописные места гонконга следует покинуть остров и направиться на побережье полуострова цзюлун что находится напротив,чтобы увидеть самый же в описании с таком конгоследует покинуть остров и направиться на побережье и полустровать всю лун что находится на против,0.8333,0.1957,9.96,18
на прошлой недели министерство экономики труда и промышленности объявило что apple проинформировала его о 34 дополнительных случаях перегрева которые компания назвала несерьёзными,на прошлой неделе министерства экономики труда и промышленности объявило что apple про информировала его от 345полнительных случаях перегрева которые компания называла несередлёзными,0.4091,0.0615,17.76,22
согласно плану мост полностью войдёт в эксплуатацию в сентябре 2017 года когда бразильские пункты таможенной проверки как ожидается будут завершены,согласно плану мост полностью идет в эксплуатацию сентября 2016 года когда образился пункт и там можно и проверки как ожидается будут завершены,0.5,0.1429,11.16,20
в репортажах по телевидению сообщается о белом дыме идущем от завода,в репортажах по телевизне сообщается обелым дыне и тучим от завода,0.4545,0.1618,5.7,11
цивилизация это отдельная культура носителями которой является достаточно большая группа людей живущих и работающих вместе общество,цивилизация это отдельная культура на сикле мы которая является бы достаточно большая группа людей живущих и работающих вместе,0.375,0.1603,11.28,16
вопервых большинство наездников носят сапоги для верховой езды с каблуком имеющие гладкую и довольно тонкую подошву,вопервых большинство наъездников носятся поги для верховую езду из каблуком имеющие галатку и довольно тонкую подушку,0.5,0.1217,8.58,16
после строительства плотины в 1963 году сезонные паводки распространявшие по реке отложения прекратились,после стрейдей стоплотины в 1963 году сезонные паватки распространявшие парики отложения прикортились,0.4615,0.1635,11.4,13
сегрегация и рекомбинация с каждым поколением тасуют вариации между двумя пулами,сыгрегация рекомпинация с каждым поколением то сутворяться и между двумя пулами,0.5455,0.1875,8.04,11
в последствие он был перемещён в госпиталь адденбрук в кембридже,в последствии он был перемещен в госпиталь один брок в кембринже,0.5,0.125,5.46,10
в результате бригады пожарных потушили пожар к 2335,в результате бригады пожарных потушили пожар к 2335,0.0,0.0,6.72,8
переносчиками являются свиньи от которых через комаров болезнь затем передаётся человеку,перенучеками являются свинь от которых через комаров болезда тем передаются человеку,0.4545,0.1023,7.08,11
это кажется разумной идеей потому что мы не чувствуем что земля движется не так ли,это кажется разумный идея потому что мы не чувствуем что земля движется не так ли,0.1333,0.0366,9.24,15
комиссия стала ответом мартелли на массовые протесты против государственного режима начавшиеся в октябре,комиссия стала ответом марта илина массовый протесту просягу садарственного режима начавшейся в аксювре,0.6154,0.1827,7.5,13
стрекозы и поденки являются единственными насекомыми которые не могут складывать крылья назад,стрекозы и паденки являются единственными на секомами которые не могут складывать крылья назад,0.25,0.0323,7.32,12
как и во всех южноафриканских национальных парках в этом парке существует ежедневная плата за его охрану и посещение,как и во всех и женафриканских национальных парках в этом парке существует и жидемная плата за его охрану и посещение,0.2222,0.0776,10.62,18
роландо мендоса выстреливал из своей винтовки м16 в туристов,роландомин доса быстрееливал из своей винтовки м16 в туристов,0.3333,0.0833,8.94,9
и наконец многие маленькие кошки включая гуляющих домашних кошек едят и охотятся на намного более многочисленных мелких животных наподобие насекомых грызунов ящериц и птиц,и наконец многие маленькие кошки включая гуляющих домашний кошек идят и охотится на намного более много численных мелких животных на подобие на секомах грузинов ящелец и птиц,0.4583,0.0643,14.28,24
четыре лыжницы в женской сидячей группе не смогли завершить свои заезды и 45 из 117 лыжниц в гигантском слаломе не сумели занять места в гонке,4 лыжницы в женской сидячей группе не смогли завершить свои заезды и 45 из 17 лыжницы в гигантском слалами не сумели занять места в гонке,0.16,0.0704,14.76,25
апиа столица самоа город расположен на острове уполу и имеет население чуть менее 40 000 жителей,опя столица самого города расположен на острове уполом и имеет население чуть менее 40 тысяч в пожителей,0.4375,0.1771,9.48,16
прочие вопросы в повестке дня на бали включают в себя сохранение оставшихся в мире лесов и обмен технологиями чтобы способствовать росту развивающихся стран с меньшими загрязняющими последствиями,впрочи вопросы в повестке дня на боли включают себя сохранение оставшихся в мире лесов и обмен технологиями чтобы способствовать рост развивающихся стран с меньшими цикресняющими последствиями,0.1852,0.0564,13.86,27
итальянский язык также является повседневным языком для большинства людей работающих в государстве в то время как латынь зачастую используется в религиозных церемониях,итальянский язык также является повседневным языкам для большинства людей в работающую в государстве в то время как латын зачастую используется в религиях разных царемониях,0.3182,0.0719,12.48,22
поверхность луны состоит из камней и пыли внешний слой луны называется корой,поверхность слуны состоит из ко мне и пыли в нежней слои длуны называются корой,0.6667,0.1316,6.6,12
севернее посетите также великий храм фатимской богоматери усыпальница место всемирно известных явлений девы марии,все вернее по сути так же великий храм в отимской богоматере у запальница место всемирной известных явлений девы марии,0.8571,0.1327,9.12,14
после строительства плотины в 1963 году сезонные паводки распространявшие по реке отложения прекратились,после строительства плотины в 1963 году сезонные павотки распространявшие перекетложения прекрасились,0.3846,0.0577,13.26,13
философ аристотель считал что всё состоит из смеси одного или нескольких из четырёх элементов это были земля вода воздух и огонь,филосов арестутили считал что всё состоит из смесь и одного или несколько из четырех элементов это были земля вода воздух и огонь,0.2857,0.0781,14.52,21
это кажется разумной идеей потому что мы не чувствуем что земля движется не так ли,это кажется разумная идея потому что мы не чувствуем что земля движется не так ли,0.1333,0.0488,6.12,15
возможно вам также следует проконсультироваться с другими правительствами помимо своего но их рекомендации направлены на своих граждан,возможно вам также следует про консультироваться с другими правительствами поднимо своего но их рекомендация направлены на свои граждан,0.2941,0.0373,8.76,17
целые 20 процентов воды поступаемой из рек нашей планеты в океаны текут из амазонки,целые 20 воды поступаем из диреку наши планеты в океаны текут из омозонки,0.3571,0.2289,8.4,14
он также атаковал все что входило в воду даже гигантский динозавр такой как тиранозавр не сравнился бы с ним,он так же отоковал все что входило в воду даже гигантский динозавр такой как тиранозавр не сравнился бы с ним,0.1579,0.0278,11.88,19
каждый является членом общества и использует транспортные системы практически каждый жалуется на эти систем,каждый является членом общества использует транспортные системы практически каждый жаловится на эти системы,0.2143,0.0561,8.28,14
кроме того между правлениями каждой династии царила раздробленность и нестабильность самой известной была эпоха троецарствия которая длилась 60 лет во время династий хань и цзинь,кроме того между правлениями каждой династии царила раздробленность и не стабильность самое известное было эпоха троит сарствия которое для 660 лет во время династии хань и дзин,0.48,0.1067,13.56,25
первоначально он был госпитализирован в госпитале джеймса педжета в грейтярмуте,первая начальна он был госпитализирован в госпитале james apagreta в грейт и армуте,0.7,0.2911,7.8,10
помните что даже если музыка на главных сценах может уже закончится на фестивале могут быть участки на которых будут продолжать играть музыку до поздней ночи,помните что даже если музыка на главных сценах может уже закончиться на фестивале могут быть участки на которых будут продолжать играть музыку до поздней ночи,0.04,0.0064,10.92,25
в докладе содержится резкая критика почти каждого аспекта нынешней политики исполнительной власти в отношении ирака и настоятельный призыв к незамедлительной смене курса,в докладе содержится резкая критика почти каждого аспекта нанишней политики исполнительной власти в отношении рака и настоящие ли призыв к не замедлительной смейникурса,0.3182,0.0828,11.34,22
оттава это прелестная двуязычная столица канады с огромным количеством художественных галерей и музеев открывающих прошлое и настоящее канады,оттого это прилестная двоязычная столица канады с огромным количеством художественной калерей и музеев открывающих прошлое и настоящие канады,0.3333,0.0638,10.98,18
сравнительно не далеко к северу расположен романтический и очаровательный городок синтра воспетый лордом байроном и получивший после этого известность во всём мире,сорвительный недалеко к северу расположен романтический и очаровательный городок синтра поспетый лордом байраном и получивший после этого известность во всем мире,0.2727,0.0552,11.64,22
севернее посетите также великий храм фатимской богоматери усыпальница место всемирно известных явлений девы марии,северное посетите также великий храм в отимской богоматере у супальница место всемирные известные их явления девомории,0.7857,0.1416,11.28,14
он не смог принять препараты необходимые для облегчения боли так как они запрещены в играх,он не смог принять препараты необходимы для облегчения более так как они запрещены в играх,0.1333,0.0333,6.84,15
львы самые социальные кошки живущие в больших группах которые называются прайдами,львы самый социальный кошки живущий в больших группах которые называются прайдами,0.2727,0.037,6.36,11
в начальный период своего существования это шоу транслировалось только на сайте давно существующего онлайнрадио toginet radio посвященного радиобеседам,в начальной период своего существования это шоу транслировалось только на сайте давно твыщего онлайн радиотоги нет радио посвященного радио беседом,0.4444,0.1589,11.34,18
эпоха троецарствия была одним из самых кровавых периодов в истории древнего китая тысячи людей погибли сражаясь за место на троне в большом дворце в сиане,эпоха треется что я была одним из самых кровавых переводов в истории древнего китае тысячи людей погибли сражая за место на троне в большом дворце в сиане,0.24,0.0844,11.52,25
большинство воззрений на технологический детерминизм разделяют две общие идеи что направление развития технологий практически неподвластно культурному или политическому влиянию и что в свою очередь воздействие технологий на общество обусловлено их собственными свойствами а не обществом,большинство возрений на технологический дитерминизм развея две общие идеи что направление развития технологии практически не подгласно культурному или политическому влиянию и что в свою очередь воздействие технологии на общество обословлено их собственными свойствами а не лопестом,0.2571,0.0559,20.16,35
но оказавшись в глубоких тропиках лишь в нескольких градусах к северу от экватора вам придется справляться как с жарой постоянно так и с сильным солнцем при безоблачном небе реже,но оказавшись глубоких тропиков лишь несколько градусов к северой текватера вам придется справляться как с жарой постоянно так и сильным солнцем приблизывочным небе реже,0.3793,0.1461,12.48,29
не подвергайте ткань воздействию слишком высокой температуры что может привести к усадке или в очень редких случаях к ожогу,не подвергайте ткань воздействию слишком высокотембратурой что может привести к усадки или очень редкий случай кажугу,0.4211,0.122,9.06,19
финляндия отличное место для лодочного туризма в стране тысячи озёр также есть тысячи островов на озёрах и в прибрежных архипелагах,финляндия отлично место для лодочного туризма странят тысяча зер также есть тысяча островов на зерах и в прибрежных архипилагах,0.4,0.0916,12.78,20
15 августа 1940 года союзники вторглись в южную часть франции вторжение получило название операция драгун,15 августа 1940 года союзники вторблить в южную часть франции вторжение получило название операции драгун,0.1333,0.0286,10.32,15
таким образом вполне вероятно что запись была добавлена просто как пометка,таким образом вполне вероятно что запись было добавлено просто как пометка,0.1818,0.027,7.74,11
не видно ничего кроме чистого прекрасного неба над головой и множества окружающих гор из глубины пещеры можно видеть и слышать лишь очень малую часть этого мира,не видно ничего кроме чистого прекрасного неба над головой и множество окружающих гор из глубины пещера можно видеть и слышать лишь очень малую часть этого мира,0.0769,0.0125,11.28,26
мадагаскар намного больше других и является самобытным континентом в том что касается дикой природы,матогаскара намного больше других и является самобытным континетом в том что касается дикой природы,0.1429,0.0404,8.04,14
по мере того как знание греческого языка ухудшалось запад оказался отрезанным от своих философских и научных греческих корней,по мере того как знания греческого языка ухуршалась запад оказался отрезанным от своих филосовских и научных греческих корней,0.1667,0.032,10.38,18
это не станет прощанием это закрытие одной главы и открытие новой,это не станет прощанием это закрытие одной главы и открытие новый,0.0909,0.0154,8.88,11
сам автомобиль убрали с места происшествия в тот же день примерно в 1200 по гринвичу,сам автомобиль убрали сместо происшествия в тот же день примерно в 12 часов по гренечу,0.3333,0.131,7.56,15
кроме того между правлениями каждой династии царила раздробленность и нестабильность самой известной была эпоха троецарствия которая длилась 60 лет во время династий хань и цзинь,кроме того между правлениями каждой династии царила раздробляность и не стабильность самое известное была эпоха троитсарствие которое длез 60 лет во время династихань и дзынь,0.44,0.1124,12.96,25
стрекозы и поденки являются единственными насекомыми которые не могут складывать крылья назад,столько из и подденки является единственным на секомы который ему складывать крылья назад,0.75,0.1935,7.56,12
оттава это прелестная двуязычная столица канады с огромным количеством художественных галерей и музеев открывающих прошлое и настоящее канады,оттава это прилестная двоязычная столица канады с огромным количеством художественной галерей и музеев открывающее прошлое и настоящая канады,0.2778,0.0567,11.58,18
территория гонконга была названа в честь острова гонконг места которое многие туристы считают главным объектом своего внимания,тереторе аганконга была названа в честь острова ганконг место которая многитуристы считают главным объектом своего внимания,0.4118,0.0952,9.48,17
федерация гимнастики сша поддерживает письмо олимпийского комитета сша и соглашается с абсолютной необходимостью создания безопасной среды для всех наших спортсменов,федерация гимнастики сша поддерживает письмо олим писька в комитетах сша и соглашается с абсолютно необходимостью создания безопасности редид для всех наших спортменов,0.4,0.0909,11.28,20
эти пары могут выбрать создание плана усыновления для своего ребёнка,эти пары могут выбрать создание плана усыновления для своего ребенка,0.1,0.0147,5.58,10
возможно вам также следует проконсультироваться с другими правительствами помимо своего но их рекомендации направлены на своих граждан,возможно вам также следует проконсультироваться с другими провительствуем помимо своего но их рекомендации направлены на свои граждан,0.1176,0.0373,11.22,17
работа моряков традиционно заключается в том чтобы обеспечивать способность страны перемещать свои народ и товары а также одновременно препятствовать возможности врага перемещать свои народ и товары,работом о реках страдиционно заключается в том чтобы обеспечивать способность страны примечать свои народ и товар а также на времена препятствовать возможность европе примечать свои народы товар,0.5385,0.1465,14.04,26
это иногда переполненные народом семейные пляжи с хорошим выбором магазинов расположенных вдоль берега плавать безопасно,это иногда переполнен народом семейные пляжи с хорошим выбором магазинов в расположенных вдоль берег плавать безопасно,0.2,0.05,8.58,15
ионы водорода это протоны от которых отделены электроны атомы водорода состоят из одного протона и одного электрона,и он в водорода это протоны от которых отделены электроны а там и водорода состоят из одного протона и одного электрона,0.3529,0.0609,8.88,17
например самый распространённый в мире формат для статических фотографий 35 мм и именно этот размер был доминирующим размером плёнки на закате аналоговой эры,на примере самый распространенный в мире формата для статических фотографий 35 мм и именно этот размер был доминирующим размером пленки на закате аналоговой р,0.2609,0.0446,15.6,23
официальными языками барселоны являются каталанский и испанский примерно половина населения предпочитает разговаривать на каталанском большинство понимают его и практически все знают испанский,официальным языком бросил он и является католанский из пански примерно половина населения предпочитает разговаривать на католанском большинство понимает его и практически все знают из пански,0.5909,0.1042,10.44,22
для спрингбокс это прервало пятиматчевую серию поражений,для спринг бокс это прервало 5 мочего серию поражений,0.5714,0.1786,7.08,7
плато гиза или же некрополь гизы в египетской долине мёртвых включает несколько пирамид из которых великая пирамида гизы самая большая несколько небольших гробниц несколько храмов и большой сфинкс,плотокиза или женикропольгизы в египетской долине мёртых включает несколько пирамид из которых великой пирамидогизы самая большая несколько небольшая гробниц несколько храмов и большой сфингс,0.3929,0.0714,12.72,28
сплавы по существу представляют собой смесь двух или более металлов не забывайте что в периодической таблице много элементов,с плавы по существу представляются бы с месяц двух или более металлов не забывайте что в периодически таблицам много летов,0.5,0.1371,11.88,18
можно только гадать что станет с клавиатурой с появлением более новых технологий,можно только гадать что станет склавиатуры с появлением более новых технологий,0.1667,0.0375,9.48,12
между 1000 и 1100 вечера по горному времени заключенные устроили пожар во дворе,между 10 и 11 вечера по горному времени заключённую строле пожар в дворе,0.3846,0.1392,7.62,13
путешественники направляющиеся в страны с высоким налогообложением могут иногда сэкономить значительную сумму особенно на таких товарах как спиртные напитки и табак,путешественники направляющиеся в страны с высоким налога обложениям могут иногда сэкономить значительную сумму особенно на таких товарах как спиртные напитки и табак,0.0952,0.0183,14.64,21
столицей молдовы является кишинёв местный язык румынский но русский также широко распространён,столицы молодого является кишинеев местный язык руминский но русский также широко распространен,0.4167,0.0957,8.76,12
львиные прайды ведут себя очень похоже со стаями волков или собак животных которые по повадкам удивительно похожи на львов но не других крупных кошек и тоже очень опасны для своих жертв,ливинные прайдеры ведут себя очень похожи со стайми волков или собак животных которые по поваткам удивительно похожи на левов но и не других крупных кошек и тоже очень опасный для своих жертв,0.2581,0.0595,14.16,31
хьюн ушел в отставку и в кабинете министров его заменит член парламента эд дейви ожидается что член парламента норман ламб займет принадлежащий дейви пост министра по делам бизнеса,хьюну шел в оставку и в кабинете министров его заменечки анпорламента это david ожедается что членпорламента нормного ламба займет принадлежащий дайви пост министр по делам бизнеса,0.5357,0.1556,15.6,28
мухаммед очень интересовался темами не связанными с мирской жизнью он часто посещал пещеру которая стала известна как хира на горе нур свет для размышлений,мухамят очень интересовался темами несвязанными смирской жизнью он часто посещал пещер who raced a la известно как хира на горенную свет для размышлений,0.5417,0.1484,12.3,24
сердцем тибетской медитации считается йога божеств посредством визуализации разнообразных божеств чистятся энергетические каналы запускаются чакры и достигается просветлённость сознания,серзам тебецкая медитация считается ее габожест посредственного визуализация разнообразных пожест чистец энергетических каналы запускаются чакры и достигается просветленность сознания,0.5789,0.1514,14.04,19
управление по чрезвычайным ситуациям северных марианских островов заявило что в стране не было сообщений о причинённом ущербе,управление почте звучальным ситуациям северных морянских островов за ибило что в стране не было сообщение о причине на мущербе,0.5294,0.144,13.08,17
всё же следуйте рекомендациям органов власти подчиняйтесь всем знакам и обратите пристальное внимание на предупреждения о безопасности,все же следуйте рекомендация марганов власти починиайтесь с энзнаком и обратите пристальное внимание на предупреждение обезопасности,0.5294,0.1045,10.62,17
вчера утром возле главного полицейского управления газиантепа турция был подорван автомобиль в результате чего погибли 2 полицейских и еще более 20 человек получили ранения,вчера утром возле главного полицейского управления газиан тепа турции был подорван автомобиль в результате чего погибли два полицейских и еще более 20 человек получили ранение,0.2083,0.0349,18.48,24
термин жук используется энтомологами формально для обозначения группы насекомых,термин жук используется энтомологами формально для обозначения группы на ськомах,0.2222,0.038,8.76,9
стрекозы и поденки являются единственными насекомыми которые не могут складывать крылья назад,стрекозы и поденки являются единственными на секомами которые не могут складывать крылья назад,0.1667,0.0215,7.44,12
во время борьбы за независимость организованной движением мау мирное собрание в городе привело к убийству верховного вождя тупуа тамсесе леалофи iii,вовремя борьбы за независимость организованной движения мау мирная собрания в городе привилок убийства уверховного вождя тупо там все селялов и третьего,0.7143,0.1824,16.98,21
так как у перьев динозавров отсутствует хорошо развитый стержень называемый рахисом но все же имеются другие отличительные черты бородки и бородочки исследователи пришли к выводу что рахис скорее всего появился позднее путем эволюционного развития других отличительных черт,так как у переведенезаров отсутствует хорошо развитая стержень называемый рахи сам но все же имеются другие отличительные черты бородки и бородочки если вы дает ли пришли к выводу что рахи скорее всего появился поезне путем эволюционного развития других отличительных черт,0.2973,0.0842,20.76,37
у них лапы с чешуёй и когтями они откладывают яйца и ходят на двух задних лапах как тирекс,у них лапы с чушью и как тями они откладывают яйца и ходят на двух за них лапах как тирекс,0.2778,0.0889,12.12,18
работа моряков традиционно заключается в том чтобы обеспечивать способность страны перемещать свои народ и товары а также одновременно препятствовать возможности врага перемещать свои народ и товары,работа моряков треницовно заключается в том чтобы обеспечивать способные страны перемещать свои народ и товары а также да временно припятствовать возможность и врага перемещать свои народ и товары,0.2692,0.0707,13.08,26
многие считали что он прав но многие верили в противоположное что солнечная система вращается вокруг земли включая солнце и даже другие звезды,многие считали что он прав но многие верили в противоположное что солнечная система вращается вокруг земли включая солнца и даже другие звезды,0.0455,0.007,10.68,22
его длинные челюсти были усеяны более чем 70 острейшими зубами вдобавок имелся дополнительный ряд на нёбе так что тем кто встречался на его пути не было спасения,его длинные челюсти были усейны более чем 7хидесятью астрейшими зубами добавок имелся дополнительные ряд нанеби так что тем кто встречался на его пути не было спасение,0.2963,0.1056,12.96,27
пещера располагается на вершине горы к северу от мекки и полностью изолирована от остального мира,пещера располагается на вершине горы к северу отмейки и полностью экзалированат остального мира,0.2667,0.0722,9.36,15
массовое владение автомобилями также приводит к увеличению числа дтп на дорогах что приводит к изобретению в здравоохранении новых методов лечения полученных травм,масовое владение в тому биле мы также приводит к увеличению числа даты по нагрогах что приводит к изобретению с ровохранения новых методов влечение полученных травм,0.5,0.1411,12.72,22
в 1990 году он был добавлен в список всемирного наследия находящегося под угрозой изза опасности со стороны песков пустыни,в 1990 году он был добавлен список семерного наследия находящегося под угроза и запасности со стороны пусков пустыне,0.3684,0.0902,10.44,19
на некоторых маршрутах у более крупных компаний есть свои собственные самолёты но для других маршрутов и более мелких компаний с этим была проблема,на некоторых маршрутах более крупных компаний есть свои собственные самолеты но для других маршрутов и более мелких компаний с этим была проблема,0.087,0.0204,11.64,23
например самый распространённый в мире формат для статических фотографий 35 мм и именно этот размер был доминирующим размером плёнки на закате аналоговой эры,например самый распространенный в мире форма для статических фотографий 35 мм и именно этот размер был доминирующим размером пленки на закате аналоговой р,0.1739,0.0318,15.12,23
это обеспечит его обратную совместимость с 80211a 80211b и 80211g при условии что у базовой станции есть двойной приемник,это обеспечит его обратную совместимость с 800211a 800211b и 800211g при условии что у базовой станции есть в войной приемник,0.2632,0.0413,13.32,19
отбойное течение течение создаваемое волнами которые разбиваются о берег или иногда об риф или чтото подобное,от бой на течение течение с создаваемой оволными которые разбиваются оберик или иногда обрив или чтото подобное,0.625,0.1284,11.88,16
если вы хотите находиться рядом со сценой вам нужно приехать заранее чтобы найти место для кемпинга вблизи от музыки,если вы хотите находиться рядом со сцены вам нужно приехать заранее чтобы найти место для компенгов в близи от музыки,0.2105,0.0603,10.08,19
слава о нем как о центре роскоши пошла около 400 г н э и продолжалась примерно до 1100 г н э,слава о нем как о центре роскоши пошла около 4го года нашей р и продолжалась примерно до тысячи сотого года нашей р,0.4286,0.337,10.26,21
в тёплом климате ближнего востока дом не имел особого значения,в теплом климатем в ближнем восток от дом не имел особо значение,0.8,0.1935,6.84,10
документ согласно утечке информации будет касаться спора насчёт границ которые палестина хочет установить на основе тех что существовали до начала шестидневной войны 1967 года,до комент согласного сечки информации будет касаться споронащадграниц который полистинок хочет установить на основе тех что существовали до начала 6 дневной войны тысячи вецсочи 60ххвы года,0.5833,0.2514,11.88,24
однако изза медленных каналов связи стили на западе могут отставать на 2530 лет,однакая изза медленноканала в связи стиленно за подимугуто отставать на 2530 лет,0.5385,0.2025,7.32,13
через два года после окончания войны бывшие союзники стали врагами и началась холодная война,через два года после кончени войны бывшие союзники стали врагами началась холодная война,0.1429,0.0543,7.44,14
не подвергайте ткань воздействию слишком высокой температуры что может привести к усадке или в очень редких случаях к ожогу,не подвергайте ткань воздействовать слишком высокотемператоры что может рвести кусатки или в очень редкий случай кажу,0.5263,0.1626,8.88,19
гаитянский институт справедливости и демократии сослался на независимое исследование которое предполагает что непальский миротворческий батальон оон непреднамеренно завёз заболевание в гаити,готянский институт справедливости и демократии со слалцы на независимые исследования которые предполагают что не пальцкий мертворский ботолён он непреднамеренно загазаболевания в гаити,0.6667,0.1316,14.34,21
капустный сок меняет цвет в зависимости от того насколько кислотным или щелочным является химическое вещество,капусный сок меняет цвет для 8 от того насколько кислотным и лишилочным является химическое вещество,0.3333,0.1651,10.74,15
бухта была местом печально известного военноморского противостояния в 1889 году когда семь кораблей из германии сша и британии отказались покидать бухту,бухт был аместом печальный известного военноморского противостояния в 1889 году когда сим кораблей из германии сша и британии отказались покидать бухту,0.2381,0.0461,12.36,21
учёные надеются понять как образуются планеты особенно то как образовалась земля поскольку кометы сталкивались с землёй очень давно,ученые надеются как образуются планеты особенно то как образовалась земля поскольку кометы сталкивались землей очень давно,0.2222,0.084,9.36,18
атомная бомба работает на том принципе что для того чтобы много протонов и нейтронов находились в одном ядре необходима энергия,атомная буба работает на том принципе что для того чтобы много протона и нейтронов находились в одном дедре не походима энергии,0.3,0.0787,11.7,20
канцелярия губернатора сообщила что 19 из раненных были офицерами полиции,консляря губернат расаобщила что 19 из раненных пыли официром и полиции,0.6,0.1507,6.24,10
большинство современных исследовательских телескопов это огромные сооружения в удаленных местах с благоприятными атмосферными условиями,большинство современных исследовательских телескопов это огромные соружения в удаленных местах с блока приятными от мосверными условиями,0.3571,0.0593,10.8,14
вчера утром возле главного полицейского управления газиантепа турция был подорван автомобиль в результате чего погибли 2 полицейских и еще более 20 человек получили ранения,вчера утром после главного полицейского управления газиан тепа турция был подорова на автомобиль в результате чего погибли два полицейских и еще 222 человек получили ранение,0.375,0.0988,16.68,24
джанкарло физикелла потерял контроль над управлением своим автомобилем и завершил гонку вскоре после старта,джан карла физикелла потерял контроль над управлением своими автомобилями и завершил гонку в скорей после старта,0.4286,0.0654,8.28,14
ученые смогли сделать вывод что темная материя воздействует на другую темную материю так же как и в случае с обычной материей,в ученой смогли сделать вывод что темно материать поезде и стручить на другую темно материю так же как и в случае с обычной материи,0.4286,0.176,9.12,21
одним из наиболее распространённых методов используемых для иллюстрации важности социализации является иллюстрация нескольких прискорбных случаев когда дети изза отсутствия должного внимания неудачного стечения обстоятельств или умышленного жестокого обращения не контактировали со взрослыми во время своего взросления,одним из наиболее распространенных методов используемых для элестрации важности социализации является элестрация нескольких при скоробных случаях когда дети из ассусска должны во внимание неудачного сечения обстоялись или умышленного жестокого обращения неконтактировали со взоросными во время своего взоросления,0.4722,0.1069,23.16,36
дюваль который женат и имеет двух совершеннолетних детей не произвел большого впечатления на миллера которому рассказали эту историю,дюваль который женат имеет двух совершеннолетних детей не призвал большого впечатления на милляра которому рассказывали о этой истории,0.3889,0.0909,11.7,18
либеральная критика усилий по восстановлению сосредоточивалась на том что контракты на восстановительные работы отдавались предположительно имеющим связи с правительством,либиральные критика усилию по восстановлению сосредоточивалась на том что контракты на восстановительной работы отдавались предположительно и меющим связи с правительством,0.2632,0.0412,12.12,19
в различных местах рима были установлены большие телевизионные экраны с помощью которых люди могли наблюдать за церемонией,в различных местах арима были установлены большей телевизионные экраны с помощью которых люди могли наблюдать за церемонией,0.1176,0.0246,9.72,17
он назвал эти слухи политической болтовнёй и глупостью,он назвал эти слухи политической болтовнёи и глупостью,0.125,0.0185,5.22,8
и наконец многие маленькие кошки включая гуляющих домашних кошек едят и охотятся на намного более многочисленных мелких животных наподобие насекомых грызунов ящериц и птиц,и наконец многие маленькие кошки включая гуляющие домашних кошек идяты охотятся на много более много численных мелких животных нападобенно секома грозонов я сейчас рецептить,0.5,0.1637,13.86,24
бишкек был описан одним обозревателем как погружающийся в состояние анархии поскольку группы людей бегали по улицам и грабили магазины с потребительскими товарами,пишкик было описано от него возривателем как погружающийся в состоянии онархии поскольку группы людей бегали по улицам и грабили магазины с потребительским венталорами,0.4545,0.1296,12.12,22
мозазавр был самым грозным хищником своего времени поэтому он не боялся никого кроме других мозазавров,моза завар был сам грозным хищником своего времени поэтому он не боялся никого кроме других мозаза заваров,0.3333,0.0784,7.98,15
сам автомобиль убрали с места происшествия в тот же день примерно в 1200 по гринвичу,сам автомобиль убрали с места происшествия в тот же день примерно 12 часов погримить,0.2667,0.1429,7.56,15
однако процент людей с туберкулёзом с множественной лекарственной устойчивостью в целой группе больных туберкулезом все еще кажется низким 6000 от общего числа 330 000 зараженных в данный конкретный момент в юар,однако процент людей с туперкулесом с множественной лекарственной устойчивостью в целый группе больных туперкулесов все еще кажется низким 6000 от общего числа 3300 зараженных в данный конкретный момент в юр,0.1935,0.0521,16.14,31
соотношение сторон этого формата поделенное на двенадцать чтобы получить соотношение с небольшими целыми числами поэтому принято за 32,садношение сторон этого формата подзеленная на 12 чтобы получить отношение с небольшими целыми числами поэтому принято за тригтву,0.2778,0.1866,10.56,18
федерация гимнастики сша поддерживает письмо олимпийского комитета сша и соглашается с абсолютной необходимостью создания безопасной среды для всех наших спортсменов,федерация гимнастики сша поддерживает письмо лимпийского комитета сша и соглашается с абсолютно необходимостью создания безопасности редей для всех наших спортменов,0.25,0.0545,11.88,20
однако после потери калитки капитана индия совершила лишь 36 пробегов потеряв 7 калиток для завершения иннингсов,однако после потеря колитки капитана индия совершила лишь 36 пробегов потеря всем колиток для завершения и нингсов,0.4375,0.0714,11.1,16
он не назвал цифру для сокращений бюджетов сказав что они будут сделаны исходя из производительности экономики китая,он не назвал цифру для сокращения бюджетов сказав что они будут сделаны исходя из производительности экономики китая,0.0588,0.0086,11.82,17
к региональным и сезонным опасным явлениям погоды относятся метели снежные бури ледяные и пыльные бури,крыгиональным и сезоном опасными явлением погода относится митерия с нежной буре ледяны и пульной буре,0.9333,0.1961,9.48,15
взаимосвязь между патологией мозга и поведением используется учёными в их исследованиях,за имасвязь между потологей и мозга и поведением используется ученными в их исследованиях,0.4545,0.1034,8.16,11
правящая партия организация народов югозападной африки свапо также сохранила большинство на парламентских выборах,в правящей партии организация народа фьюга западной африке с вапу также сохранила большинство на парламентских выборах,0.6923,0.1239,9.42,13
севернее посетите также великий храм фатимской богоматери усыпальница место всемирно известных явлений девы марии,северание посетить и также великий храм по теньски богоматери усупадится место всемерной известных явлений дево мории,0.6429,0.2124,9.36,14
сундарбан это крупнейший пояс прибрежных мангровых зарослей простирающийся от берега на 80 км 50 миль вглубь континента в бангладеше и индии,сундр бан это крупнейший поиспредорежных мангровых зарослей простирающийся от берега на 80 километров 50 м в глубоконтенента банглудайша и инди,0.5238,0.2071,13.74,21
помимо соревнований в среду карпендо принимал участие в двух индивидуальных соревнованиях на чемпионатах,помимо соревнований в среду карпенда принимал участие двух индивидуальных соревнованиях в начем бенадах,0.3846,0.0962,7.08,13
таким образом карандаш стал хорошим другом для многих людей когда появился,таким образом карандаш стал хорошим другом для многих людей когда появился,0.0,0.0,8.58,11
если вы хотите находиться рядом со сценой вам нужно приехать заранее чтобы найти место для кемпинга вблизи от музыки,если вы хотите находиться рядом с отцены вам нужно приехать заранее чтобы найти место для кампинга в близет музыки,0.2632,0.0862,9.96,19
глажка влажной одежды помогает ей высохнуть многие отели предоставляют напрокат утюг и гладильную доску даже если они отсутствуют в номере,глажка влажна одежда помогает в ее высохнуть многие актели продоставляют на прокату тюг и гладильную доску даже если они отсутствуют в номере,0.45,0.087,12.66,20
эпоху в которой происходили данные события принято называть высоким средневековьем периодом европейской истории затрагивающим xi xii и xiii века 10001300 гг н э,эпоху в которой происходили данные события принято называть высоким средневековым передом европейской истории затрагивающим один из 12 и 13 пивика тыс 1400 годы нашей р,0.5217,0.2,19.56,23
представьте что лыжный маршрут это пешеходный маршрут,представьте что лыжный маршрут это пешеходный маршрут,0.0,0.0,6.18,7
собственные стили начали развиваться в западной европе к концу средневековья одним из самых больших достижений того времени благодаря крестовым походам стало использование пуговиц для застегивания одежды,собственно и стили начали развиваться в западной европе в концу с средневекове одним из самых больших достижений того времени долго дря крестовым походам стало использование пуговей с листёдивания одежды,0.3846,0.1084,14.22,26
nextgen это система которая по заверению федеральной авиационной администрации сша позволит самолетам летать по сокращенным маршрутам и ежегодно экономить миллионы галлонов топлива а также снизить выбросы углерода,наxtjohn это система которая позаверененю федеральный авиационный администрации сша позволит самолетом летать по сокращенным маршрутам и ежегодно экономить миллионы голонов топлива а также снизить выбросы углерода,0.2593,0.061,19.56,27
львиные прайды ведут себя очень похоже со стаями волков или собак животных которые по повадкам удивительно похожи на львов но не других крупных кошек и тоже очень опасны для своих жертв,левиной прайды ведут себя очень похожи с остами волков или собак животных которые по поваткам удивительно похожи на львов но не на других крупных кошек и тоже очень опасный для своих жертв,0.2258,0.0649,18.12,31
но еще можно многое сказать о птицах которые всё ещё выглядят как динозавры,но еще можно много из казати оптицах которые все еще выглядит как динозавры,0.5385,0.12,6.12,13
когда лиггинс работал в больнице в свободное от работы время он начал расследовать случаи преждевременных родов,когда лигин сработал в больнице свободное отработав время он начал расследовать случаи прежде племенных родов,0.4375,0.0991,12.24,16
в некоторых местах достаточно прокипятить воду в течение минуты в других потребуется несколько минут,в некоторых местах достаточно прокипятить воду в течение минуты в других потребуется несколько минут,0.0,0.0,10.62,14
в результате бригады пожарных потушили пожар к 2335,в результате бригады пожарных потушили пожар 2335,0.125,0.0392,6.06,8
на удалённых островах кредитные карты возможно не будут приниматься хотя британскую и американскую валюту могут принять заранее проясните с владельцами какой способ оплаты является приемлемым,на удаленных островах кредитные карты возможно не будут приниматься хотя британскую и американскую валюту могут принять в заранее прознительство сладельцами какой способ оплаты является приемлемым,0.2,0.0576,13.32,25
вы можете по гома на бодабода мототакси обычная местная цена 500 конголезских франков за короткую поездку,вы можете погома на будубода матератакси обычно местное цена 500 гн франков за кротку по еску,0.625,0.2571,12.66,16
с момента основания асунсьона в 1537 парагваю в основном удалось сохранить большую часть своего самобытного характера и идентичности,с момента основания осусть юна 1537 году прогвая в основном удалось охранить большую часть своего суммобытного характера и дантичности,0.3889,0.1515,12.42,18
он не назвал цифру для сокращений бюджетов сказав что они будут сделаны исходя из производительности экономики китая,он не назвал цифру для сокращений бюджетов сказал что он не будут сделаны исходя из производительности экономики кетая,0.2353,0.0431,10.8,17
канцелярия губернатора сообщила что 19 из раненных были офицерами полиции,конслярия губернатора сообщила что 19 из раненных были офицерами полиции,0.1,0.0411,7.02,10
отбивающие мячи среднего звена сачин тендулкар и рахул дравид хорошо выступили и заработали в тандеме результат в сто баллов,отбивающие мещи среднего звена сочинтендукар и рахулдровит хорошо выступили из работливтандем и результат стабалов,0.6316,0.1613,10.02,19
как правило могут проявляться два типа поведения когда менеджеры начинают руководить людьми ранее равными им по статусу одна крайность спектра это попытка оставаться своим парнем или девушкой,как правило могут проявляться два типа поведения когда мы начинают руководить людьми ранние равными импостатусу однако крайне спектра это попытка оставаться своим парнем или девушкой,0.2593,0.089,14.28,27
в частности утверждается что можно определить лжет ли человек при помощи правильной интерпретации его микровыражений,в частности утверждается что можно определить лечеловек при помощи правильной интерпретации его микроворожений,0.2667,0.069,9.36,15
губернатор калифорнии арнольд шварценеггер подписал закон запрещающий продажу или прокат видеоигр с применением насилия несовершеннолетним лицам,губернатор калифорнии армольд шварц негер подписал закон запрещающий продажу или прокат видеоигрс применением насилия не совершенно летним лицам,0.5,0.0417,14.4,16
чем меньше число россби тем менее активна звезда по отношению к инверсиям магнитного поля,чем меньше число розби тем менее активно звезда по отношению к инверсиям магнитного поля,0.1429,0.0337,9.6,14
для людей может быть неожиданным что терпение и понимание необходимо проявлять и к путешественникам вернувшимся домой,для людей может быть неожиданным что терпение понимания не по диму проявлять и путешественников вернувшимся домой,0.375,0.1026,9.72,16
с момента основания асунсьона в 1537 парагваю в основном удалось сохранить большую часть своего самобытного характера и идентичности,с момента основания осумсионов тысячи 50037 прогваю в основном удалось сохранить большую часть своего самобытного характера и динтичности,0.2778,0.1364,12.12,18
он уэльс по сути лгал нам с самого начала вопервых действуя так как будто это нужно было сделать по юридическим причинам вовторых делая вид что слушает нас вплоть до своего удаления изображений,он куэльс посотил галном самого начала вопервых действовать так как будто это нужно было сделать по юридическим причинам вовторых дело вид что слушает нас в плоте своего удаления изображений,0.3125,0.1088,14.28,32
это обеспечит его обратную совместимость с 80211a 80211b и 80211g при условии что у базовой станции есть двойной приемник,это обеспечит его обратно совместимость с 82112a 82112a 82a 82a 112a 112a 112a 112a 112a 112a 112a 112a 112a 112a 112a 112a 112a 112a 112a 112a 112a 112a 112a 112a 112a 112a 112a 112a 112a 112a 112a 112a 112a 112a 112a 112a 112a 112a 112a 112a 112a 112a 112a 112a 112a 112a 112a 112a 112a 112a 112a 112a 112a 112a 112a 112a 112a 112a 112a 112a 112a 112a 112a 112a 112a 112a 112a 112a 112a 112a 112a 112a 112a 112a 112a 112a 112a 112a 112a 112a 112a 112a 112a 112a 112a 112a 112a 112a 112a 112a 112a 112a 112a 112a 112a 112a 112a 112a 112a 112a 112a 112a 112a 112a 112a 112a,5.6316,4.2066,13.86,19
отбивающие мячи среднего звена сачин тендулкар и рахул дравид хорошо выступили и заработали в тандеме результат в сто баллов,оббивающее мечи среднего звена сочин тен долгар и арху дровит хорошо выступили из работы в тендейме результат в стабалов,0.6316,0.1774,12.48,19
оттава это прелестная двуязычная столица канады с огромным количеством художественных галерей и музеев открывающих прошлое и настоящее канады,оттава это прилестное двоязычное столицу канады согромным количеством художительных галерей и музеев открывающих прошло и настоящие канады,0.4444,0.1064,14.76,18
нам точно не известно но не исключается что его язык был раздвоен он питался черепахами большими рыбами прочими мозазавры а мог быть и каннибалом,нам точно неизвестно но не исключается что его язык был раздвое он питался черепахами большими рыбами прочими моза завры а мог быть и конебалом,0.25,0.0414,13.68,24
в результате бригады пожарных потушили пожар к 2335,в результате бригады пожарных потушили пожар к 2335,0.0,0.0,7.56,8
козы повидимому впервые были одомашнены около 10 000 лет назад в иранских горах загрос,козы поведем ему впервые пыли о домашнины около 10 тысяч лет назад в иранский карак загрес,0.6429,0.1977,8.4,14
великая пирамида была возведена египтянами в третьем веке до нашей эры и является одним из множества больших пирамидальных сооружений построенных чтобы почтить память фараона,великая пирамита была возвести на египтянами в третьем веке до нашей эры и является одним из множеств об больших пирамедальных сооружений построенных чтобы почти тпамить в рауна,0.4167,0.092,12.48,24
все кто собирается ехать по высокоширотной области или по горным перевалам должны учитывать возможность снега льда или морозов,все кто собирается ехать по высоко широтной области или по горным перевалам должны учитывать возможность снега льда и морозов,0.1667,0.0238,13.56,18
будучи всесторонне развитым атлетом тигр может взбираться на деревья хотя и не очень хорошо плавать прыгать на большие расстояния и тянуть с силой пяти крепких человек,будучи все сторонние разве там от летом тигр может сбраться на деревья хотя они очень хорошо плавать прыгать на большие расстояния и тяну силы пяти крепких человек,0.4615,0.1138,13.38,26
конгресс начал финансировать инициативу по борьбе с развратом в 2005 налоговом году и определил что фбр должно выделить 10 агентов на борьбу со взрослой порнографией,конгресс начал финансировать и нацатируем его по борьбе с раз вратам в 2005м налогом году и я предидел что фбр одолжен выделить 10 гентов на борьбу со взрослой партнографии,0.48,0.1697,13.32,25
неблагоприятные метеоусловия это общий термин для обозначения любого опасного явления погоды способного причинить какойлибо ущерб вызвать серьёзные социальные потрясения или привести к человеческим жертвам,неблагоприятное иметью условия это общий термин для обозначения любого опасного явления погоды способного причинить какойлибо ущерб вызвать серьезные социальные потрясения или привести к человеческим жертвам,0.1667,0.0293,19.44,24
с 1966 года сундарбан является заповедником дикой природы и по имеющимся подсчётам на его территории в настоящее время обитают 400 бенгальских тигров и около 30 000 пятнистых оленей,с 1996 года сундарпан гибляется за повенником цикоприероды и помейшимся по отчетам на его территории в настоящие время обитают 4 г и около 30 тысяч пик не издыхалиний,0.6071,0.3039,15.72,28
растения выглядят лучше всего в своей естественной среде обитания поэтому не поддавайтесь искушению взять хотя бы один экземпляр,о растения выглядит лучше всего в своей естественной среде обитания поэтому не поддавайте с искушенью взять хотя бы один экземпляр,0.2778,0.0469,11.94,18
в 2002 году город гома был разрушен лавой вулкана ньирагонго которая похоронила под собой большую часть городских улиц особенно центральную часть города,в 2000м году город глома был разрушен лавой вулкана нира гломга которая похоронила под собой большую часть грязких улиц особенно центральную часть города,0.2273,0.0789,12.06,22
на видимой стороне может быть больше лунных морей потому что там кора тоньше лаве было легче подняться на поверхность,на видимости ранее может быть больше лунных морей потому что там коротонишь лави было легче подняться на поверхность,0.2632,0.094,11.88,19
начальник полиции чандра шехар соланки заявил что обвиняемые были представлены перед судьями с закрытыми лицами,начальник полиции чандр ошибар саланки заявил что ввеняемы были представлены перед судими закрытыми лицами,0.4,0.1171,8.28,15
одна из бомб взорвалась возле офиса генералгубернатора,одна из бомп взорвалась после офиса генерала губерната,0.5714,0.1296,7.56,7
когда лиггинс работал в больнице в свободное от работы время он начал расследовать случаи преждевременных родов,когда леин сработал в больнице субводные отработы время он начал расследовать с лучей прежде временных родов,0.625,0.1441,8.76,16
целые 20 процентов воды поступаемой из рек нашей планеты в океаны текут из амазонки,целый 20 воды поступаем из рек нашей планеты вакиан идти кут и с amazonки,0.6429,0.3494,7.32,14
документ согласно утечке информации будет касаться спора насчёт границ которые палестина хочет установить на основе тех что существовали до начала шестидневной войны 1967 года,документ согласного утечки информации будет касаться спорночат границ который полестина хочет установить на основе тех что существовали до начала шести ненавеной 1907 года,0.375,0.1086,12.66,24
однако после потери калитки капитана индия совершила лишь 36 пробегов потеряв 7 калиток для завершения иннингсов,одна капусли потеря колитки капитана индия совершила лишь 36 пробегов потеря в 7 колита для завершения и ненгсов,0.5625,0.1161,12.84,16
только мутации в клетках зародышевой линии могут передаваться далее детям в то время как мутации гдето ещё могут привести к гибели клеток или раку,только мутации в клетках зародашего линии могут придаваться далее в то время к мутации гдето еще могут пристить гибели клеток лераку,0.375,0.1438,8.94,24
более традиционные церкви зачастую проводят пасхальное богослужение в субботу вечером во время пасхальных выходных при этом прихожане обычно начинают в полночь празднование воскресения христа,более традиционный церкви зачастую проводит пасхальная богослужения в субуту вечером во время пасхальных выходных при этом прихожания обычно начинают в полночь праздывание поскресениях реста,0.375,0.0785,17.28,24
высота подмостового габарита составляет 15 метров строительство было завершено в августе 2011 года его не открывали для движения до марта 2017 года,высота под мостового губарита составляет 15 метров стратився что было завершено в августе 2011 года и его не открывали для движения до марта 2017 года,0.2727,0.0816,13.2,22
шпалы начали применяться довольно давно для того чтобы удерживать рельсы на месте однако впоследствии стало ясно что пути были более эффективны при полосе из железа сверху,шпал на челюпоременяться довольно дарного для того чтобы удерживать рельсеномести однако в последствии стало ясно чтобы у тебя были более эффективно при полосе и железо сверху,0.5769,0.152,13.74,26
большие области далее к северу довольно редко заселены а некоторые из них практически незаселённая глушь,большие области далее ксеверо довольно редко заселены а некоторые из них практически не заселенные оглуши,0.3333,0.0769,8.16,15
в репортажах по телевидению сообщается о белом дыме идущем от завода,в репортажах потелевиднее сообщеится убилом дыме и дущу от завода,0.6364,0.1765,6.84,11
федерация гимнастики сша и олимпийский комитет сша имеют одинаковую цель сделать гимнастику и другие виды спорта настолько безопасными для спортсменов насколько это возможно чтобы они могли стремиться к своим целям в безопасной позитивной среде и были наделены всеми правами,федерация гемнастике сша и олимпийской комитет сша имют одинаковую цель сделать гемнастику и другие виды спорта настолько безопасными для спортсменов насколько это возможно чтобы они могли стремиться к своим цельям в безопасной посетивной среде и были наделены всеми правами,0.1538,0.0292,23.46,39
он является одной из главных достопримечательностей южной африки и считается ведущим среди южноафриканских национальных парков sanparks,он является одной из главных стопримечательности южной африки и считается ведущим среди южнафрика с кемцианальных парков,0.3125,0.163,10.56,16
мы строим наши дома и изготавливаем одежду из растений большая часть нашей пищи это растения без растений животные не смогли бы выжить,мы строим наши дома и из катавливаема одежду из растений больше часть нашей пищи от растения без растений животные не смогли бы выжить,0.1818,0.0597,9.96,22
твердо отказывайте мужчинам и не бойтесь стоять на своем такое недопустимо вне зависимости от культурных различий,твёрдат отказывайте мужчинам и не бойтесь стоять на своем такой недопустима вне зависимости от культурных различий,0.1875,0.0442,9.48,16
апиа столица самоа город расположен на острове уполу и имеет население чуть менее 40 000 жителей,апя остается само город расположен на острове уполу имеет население чуть менее 40 тысяч жителей,0.3125,0.1667,8.7,16
документ согласно утечке информации будет касаться спора насчёт границ которые палестина хочет установить на основе тех что существовали до начала шестидневной войны 1967 года,докумен с экластного течки информации будет касаться спора на счет границ которые полистинных хочет установить на основе тех что существовали до начала шести дневной вный вный тысяч 1996й оттетьного года,0.5833,0.2343,13.26,24
большинство зданий по краям комплекса было перестроено чтобы дать туристам более точное представление о том как они выглядели изначально,большинство зданий по краям комплекса было перестроено чтобы дать туристом более точное представление о том как они выглядели и сначала,0.1579,0.0441,13.32,19
гренландия была слабо заселена в скандинавских сагах повествуется о том что эрика рыжего изгнали из исландии за убийство и продвигаясь дальше на запад он открыл гренландию и дал ей название,ринландия была слаба заселена с кондинарских сахтов повестывается о том что арика рижа из нали из исланде из авбийства и продвигаясь дальше на запад он открыл ринландию и долгие названия,0.5667,0.1746,17.16,30
показатель ph определяется степенью насыщенности ионами водорода h в ph исследуемого химического соединения,показатель пиаше определяется степени на священности и онами водорода эйч в пиаше и следую малохимическое соединение,0.9231,0.2617,10.44,13
территория гонконга была названа в честь острова гонконг места которое многие туристы считают главным объектом своего внимания,тиритория ганконга была названа в честь острова ганконг место которым многие туристы считают главным объектом своего внимания,0.2941,0.0556,12.84,17
их термические характеристики не такие стабильные как у больших пещер на земле которые часто поддерживают почти постоянную температуру но они соответствуют тому что является глубокими ямами в грунте сообщил глен кушинг из отдела планетной геологии геологической службы сша и университета северной аризоны расположенного во флагстаффе аризона,их термический характеристик не такие стабильные как у больших пещерно земле которые часто поддерживают почти постоянную температуру но они соответствуют тому что является глубокими ямами в грунте собщил клин кушенк и задела планетной геологии геологической службы сша и университета северной оризона расположенного в флокстафии оризона,0.2826,0.0587,26.58,46
на видимой стороне может быть больше лунных морей потому что там кора тоньше лаве было легче подняться на поверхность,на виде моего стороне может быть больше лунных морей потому что там коротонша лави был легче подняться на поверхность,0.3158,0.094,10.32,19
сцены показывают на пирамидах и разные пирамиды освещаются,сцены показывают на перомидах и разные перомиды освещаются,0.25,0.069,5.34,8
национальный парк плитвицкие озёра сильно зарос лесом в основном буками елями и пихтами и представляет собой смесь альпийской и средиземноморской растительности,национальный парк политические озера сильно зарослесом в основном буками елями и пихками и представляет собой смесь альпийской и среди зеноморской растительности,0.3333,0.0625,15.84,21
мы согласны с заявлением usoc о том что интересам наших спортсменов клубов а также их видов спорта больше соответствует проведение реформ внутри нашей организации а не аннулирование ее сертификации,мы согласны заявлением usoc о том что интересен наших спортсменов клубов а также их видов спорта больше соответствует проведения реформ внутри нашей организации а не аннелирование и ее сертификации,0.1724,0.0406,16.38,29
сцены показывают на пирамидах и разные пирамиды освещаются,сцены показывают на перемидах и разные перемиды освещаются,0.25,0.069,5.22,8
к 1976 году было восстановлено 30 мачупикчу работы по реставрации продолжаются и по сей день,к течение 961600 было восстановлено 30 мачу пикчу работой по реставрации продолжается и по сей день,0.4,0.1848,10.92,15
таким образом вполне вероятно что запись была добавлена просто как пометка,таким образом вполне вероятно что запись была добавлена просто как пометка,0.0,0.0,6.36,11
рассеянный склероз это заболевание поражающее центральную нервную систему которая состоит из головного мозга спинного мозга и зрительного нерва,российный склероз это заболевание поражающая церальную нервную систему которая состоит из головного мозга с пиновом мозга из рительного нерва,0.3889,0.0979,11.16,18
козы повидимому впервые были одомашнены около 10 000 лет назад в иранских горах загрос,козы повете ему впервые были одомашни на около 10 тысяч лет назад в уранских горах загрес,0.5,0.1744,8.1,14
сильные ветра град обильные осадки и лесные пожары являются проявлениями и эффектами суровых погодных явлений таких как бури торнадо водяные смерчи и ураганы,сильные ветра град обильные садки или с ней пожар являются проявлениями и эффектами с ровых погонных явлений таких как буре торнада в один из мерчей и уроканы,0.6522,0.1401,13.74,23
исследователи университета сообщили что эти два соединения вступают друг с другом в реакцию образуя кристаллы которые могут блокировать работу почек,и следователи университета сообщили что эти два садения ступают друг с другом в реакции образуют кресталы которые могут блокировать работу почек,0.35,0.0743,10.68,20
для людей может быть неожиданным что терпение и понимание необходимо проявлять и к путешественникам вернувшимся домой,для людей может быть неожиданным что терпение и понимание необходимо проявлять и к путешествии никому вернулся до мой,0.3125,0.0855,10.14,16
хотя никто не знает наверняка кто его написал известно что в начале своего существования этот большой пергаментный документ размером 29¾ на 24½ дюйма был свёрнут для более удобного хранения,хотя никто не знает наверняка кто его написал и известно что в начале своего существования этот большой предкометный документ размером 293 четвертых на 2412 было сверно для более удобного хранения,0.2759,0.1481,17.1,29
шпалы начали применяться довольно давно для того чтобы удерживать рельсы на месте однако впоследствии стало ясно что пути были более эффективны при полосе из железа сверху,шпалы начали применяться довольно давно для того чтобы удерживать рельси на месте однак в последствии стало ясно чтобы идти были более эффективным приполосе из железа сверху,0.3462,0.0526,13.08,26
во всех научных вопросах включая психологию были приняты взгляды аристотеля,во всех научных вопросах включая психологию были приняты взгляды арестотеля,0.1,0.0133,9.6,10
исследуя архипелаги или посещая озера вы вполне сможете обойтись и без яхты,если ду архипи лаги или посещаю зерок выполнись можете обоятьесь и безъекты,1.0,0.3067,6.54,12
виртуальные команды придерживаются тех же стандартов мастерства что и обычные команды но имеются небольшие различия,виртуальные команды придерживаются тех же стандартов мастерства что я обычные команды но имеются небольшие различия,0.0667,0.0087,8.76,15
национальный парк плитвицкие озёра сильно зарос лесом в основном буками елями и пихтами и представляет собой смесь альпийской и средиземноморской растительности,национали парплитвитский озера с сильной зарослесом в основном буками елями и пихтыми и представляет собой смесь альпийской и средиземноморск растительности,0.4286,0.1062,12.48,21
в итоге сплочённая работа организации с целью преодолеть препятствие может привести к новому инновационному процессу который будет отвечать интересам клиента,вытоги сплочен на работе организации с целью преодолеть препятствия может привести к новому инновационную процессу который будет отвечать интересам клиента,0.3,0.0701,10.14,20
важно различать глаголы и дополнения,важно развечать в кваголы и дополнение,0.8,0.1944,4.56,5
профессор памела фергюсон из университета данди отмечает что журналисты похоже и вправду ходят по опасной грани публикуя фотографии и прочие данные о подозреваемых,профессор по майлафергусин из унирстита дандии отмечает что журналисты похожи и вправду ходят по опасной гране публикуев фотографии и прочей данные ободозреваемых,0.4348,0.1227,15.36,23
но шенгенская зона в этом плане функционирует как единая страна,нашенгенская зона в этом плане функционирует как единая страна,0.2,0.0317,5.94,10
согласно ядерному управлению японии на заводе были обнаружены радиоактивный цезий и йод,согласно ядерному управлению японии на заводе были обнаружены радиактивной цезии и йод,0.1667,0.0345,6.9,12
она тоньше под лунными морями и толще под нагорьями,он отонше подлупный мимарям и толще под нагореме,0.6667,0.2549,6.84,9
данный город сильно отличается от других городов страны так как в нем преобладает арабский колорит а не африканский,данный город сильно отличается от других городов страны так как в нем приобладает арабский колорит а нефриканский,0.1667,0.0261,10.32,18
парижане слывут эгоцентричными грубыми и надменными,порежание с ловут эгоцентричными грубами и надменными,0.6667,0.1176,4.92,6
в немецкой выпечке часто используются миндаль фундук и другие древесные орехи зачастую популярные торты отлично сочетаются с чашкой крепкого кофе,в немецкой выбочки часто используются миндаль фундук и другие древесные орехи зачастую популярные торты отлично сочетаются с чашкой крепкого кофе,0.05,0.0207,10.68,20
некоторые атомы имеют нестабильное ядро что означает что они склонны распадаться при малом воздействие или без него,некоторые атомы имеют нестабильные дров что означает что они склонно распадаться при малом воздействии или без него,0.2353,0.0435,9.48,17
развлекательноновостной сайт tmz полагает что фотограф остановил свой автомобиль на противоположной стороне бульвара сепульведа и попытался сделать снимки остановки полицейскими перед тем как перейти дорогу и продолжить полицейский калифорнийского дорожного патруля остановивший движение дважды был вынужден приказать ему перейти обратно,разликателен на востной сайт tmz полагает что фотограф остановился в автомобиль нам противоположность ранее бульвара с репульведа и бы пытался сделать снимки остановки полицейскими перейтем как перейти дорогой продолжить полицейский колефорнизского дорожного патруля остановившие движения два чтобы вынужден приказать ему перейти обратно,0.525,0.1098,23.46,40
коллегирестлеры тоже отдали луне дань уважения,коллеги резлеры тоже отдалил унидан к уважения,0.8333,0.1957,6.84,6
виртуальный скаффолдинг помогающий в обучении встроен в программное обеспечение и предназначен для того чтобы напоминать объяснять и задавать вопросы насчёт процедур с которыми обучающемуся возможно было бы слишком трудно справиться в одиночку,вертуальный сковольдинг помогающий в обещении встроен в программе обеспечении предназначен для того чтобы напоминать объяснять и задавать вопросы на счет процедур с которым обещающимся возможно вы любите слишком трудно справиться в одиночку,0.375,0.1029,19.68,32
прерывание сна это процесс целенаправленного пробуждения во время обычного сна и повторного засыпания через короткое время 1060 минут,при ровании сна этот процесс или направленного пробуждения во время обычного сна и повторного засыпания через короткое время 1060 минут,0.2778,0.0677,10.62,18
глажка влажной одежды помогает ей высохнуть многие отели предоставляют напрокат утюг и гладильную доску даже если они отсутствуют в номере,глажка влажной одежды помогает ей высохнуть но и отели продаставляет на прокат путью их лодильную доску даже если у нее отсутствует в номере,0.55,0.1304,11.1,20
звуковое и световое шоу на фоне пирамиды является одним из самых интересных мероприятий в этой местности для детей,звуковое свето вою шоу но фоне пирамиды являются одним из самых интересных мероприятий в этом местности для детей,0.2778,0.0614,10.32,18
среди большинства граждан и народов в 1920е годы преобладали такие настроения как пацифизм и изоляция,среди большинства граждан и народов в 1920е годы при обладали такие настроения как пацифизм и изоляция,0.1333,0.0198,12.48,15
эта стратегия доказала свою эффективность отрезав жизненно важные военные и гражданские поставки хотя эта блокада нарушала принятые повсеместно международные законы изложенные в нескольких международных соглашениях за последние двести лет,это стратегия доказала свою эффективность отрезавшизии на важной военной и гражданские поставки хотя это блокада нарушала принято и по семестными жнеродной законы изложены в несколько международных соглашения за последние две стилет,0.5517,0.1345,15.84,29
будучи всесторонне развитым атлетом тигр может взбираться на деревья хотя и не очень хорошо плавать прыгать на большие расстояния и тянуть с силой пяти крепких человек,будучи все стороне разы ты могли там тихр может собираться на дереве хотя они очень хорошо плавать прыгать на большие расстояния и тянут силы пяти крепких человек,0.5385,0.1437,13.38,26
например ежегодно учащиеся школы беннет в северной каролине создают сайт о своём посещении столицы штата и каждый год этот сайт обновляется но доступ к старым версиям попрежнему сохраняется они служат памятным альбомом,например ежегодного учащаясь из школы беннод все верной королине создают сайт о своем посещении столицы штата и каждый год этот сайт обновляется но доступ к старым версии попрежнему сохраняется они слушат памятным альбомом,0.3125,0.078,15.72,32
в некоторых местах достаточно прокипятить воду в течение минуты в других потребуется несколько минут,в некоторых местах достаточно прокипятить воду в течение минуты в других потребуется несколько минут,0.0,0.0,10.2,14
правящая партия организация народов югозападной африки свапо также сохранила большинство на парламентских выборах,провищая партия организация народов югозапанной африке с вопо также сохранила большинство на парламических выбрах,0.5385,0.0885,9.9,13
после несчастного случая гибсон был доставлен в больницу но вскоре скончался,после нечаослова случая гибзан был доставлен в больницу но в скорость кончался,0.4545,0.1842,5.88,11
интернет сочетает в себе элементы как массовых так и межличностных коммуникаций,интернации читают себе элементы как масовых так и рнежрешность на маникации,0.6364,0.2911,8.7,11
одна из бомб взорвалась возле офиса генералгубернатора,одна из бонт взорвалась после офиса генерал губернатора,0.5714,0.0926,7.26,7
вчера мартейи привёл к присяге новый временный избирательный совет вис состоящий из девяти участников,вчера марты и прийел к присяге новый временный избирательный совет вис состоящий из девяти участников,0.2143,0.0396,8.46,14
к сожалению сложно изучать интенсивность движения автотранспорта потому что нельзя со стопроцентной вероятностью предсказать поведение водителя,к сожалению сложно изучать интенсивную с движения автотранспорта потому что нельзя с то процентной вероятностью предсказать поведение водителя,0.3125,0.049,10.68,16
в древнем китае использовали уникальный способ обозначения периодов времени каждый этап китая или каждая семья находившаяся у власти были особой династией,в древнем китай использовали уникальный способ обозначения передов времени каждый этап китай или каждое семья находившаяся у власти были особой династей,0.2381,0.0455,15.06,21
получите новую смесь перемешав два сухих порошка в одной емкости а затем чистыми влажными руками слепите из этой смеси шарик,получите новую смесь перемешав два сухих порашков одной емкости а затем чистыми влажными руками слепите из этой смесь и шарик,0.2,0.0403,13.92,20
представьте что лыжный маршрут это пешеходный маршрут,представьте что улышный маршрут это пешеходный маршрут,0.1429,0.0377,6.18,7
использование видеозаписи привело к важным открытиям в сфере интерпретации микровыражений движений лица длительностью несколько миллисекунд,использование видео записи привело к важным откроетям сфере интерпретации микроворожений деженилиция длительность унизка к имели секунд,0.7333,0.1871,9.96,15
в том же месяце другой авиалайнер выкатился за пределы взлетной полосы в мешхеде и врезался в стену погибли семнадцать человек,в то уже месяц и другой авиалайнер выкатился за пределов зерётной полосы меж хейдя и верезлился в стену погибли с человек,0.5,0.2222,9.48,20
большинство зданий по краям комплекса было перестроено чтобы дать туристам более точное представление о том как они выглядели изначально,починство зданий по краям комплекса было перестроено чтобы дать туристом более точное представление о том как они выглядели изначально,0.1053,0.0368,9.54,19
этот осадок требовался для формирования пляжей и песчаных отмелей являвшихся местом обитания диких животных,этот садок требовался для формирования пляжей и пещанных отмелей и влявшихся местом обитания диких животных,0.2857,0.0561,10.38,14
даниэль лантань эксперт оон по вопросам данной болезни заявила что вспышка вероятно была вызвана миротворцами,таней лонтань эксперту он по вопросам данной полезни заявила что спышка вероятно была высвана миротворцами,0.4667,0.1009,8.88,15
профессор памела фергюсон из университета данди отмечает что журналисты похоже и вправду ходят по опасной грани публикуя фотографии и прочие данные о подозреваемых,про кисер помыло фербюссон изза не върстить это дойдет нечаить что журналисты похожи и в правду ходят по опасной грани публиковой фотографии про очереданы опадозреваемых,0.8261,0.2822,11.04,23
взаимосвязь между патологией мозга и поведением используется учёными в их исследованиях,вызвем связь между потологией мозга и поведением используется учеными вих исследованиях,0.5455,0.0805,7.2,11
например самый распространённый в мире формат для статических фотографий 35 мм и именно этот размер был доминирующим размером плёнки на закате аналоговой эры,например самыр с пазтраненной в мире формарле статических фотографий 35 мм именно этот размер был доминирующим размером пленки на закате аналоговой р,0.3478,0.1146,15.0,23
некоторые атомы имеют нестабильное ядро что означает что они склонны распадаться при малом воздействие или без него,некоторые отомы имеют не стабильное и брошто значит что они склонно распадаться в прямолом воздействии или без него,0.5882,0.1478,8.82,17
однако изза медленных каналов связи стили на западе могут отставать на 2530 лет,однако из замелленных канала в связи стерено западим могут отставать на 2530 лет,0.5385,0.1519,6.96,13
во время борьбы за независимость организованной движением мау мирное собрание в городе привело к убийству верховного вождя тупуа тамсесе леалофи iii,время борьбы изза независимость организована и движения мал мирное собрание в городе привело к убийству верховного вождя тупо тк для лови третьего,0.5238,0.2095,12.48,21
прерывание сна это процесс целенаправленного пробуждения во время обычного сна и повторного засыпания через короткое время 1060 минут,при ровании сна это процесс или направленного пробуждения в время обычного сна и повторного засыпания через короткое время 1060 минут,0.2778,0.0677,10.56,18
слава о нем как о центре роскоши пошла около 400 г н э и продолжалась примерно до 1100 г н э,слава о нем как отценте роскоши пошла около 410 года нашей р и продолжалась примерно до 1000 сотого года нашей р,0.5238,0.2935,9.78,21
блоггерство является инструментом стимулирующим сотрудничество и оно мотивирует учащихся распространить процесс приобретения знаний далеко за пределы традиционного учебного дня,плогерствовается инструментом стимулирующим сотрудничество и оно мотивирует учащихся распространить процесс приобретения знаний далеко запредел от традиционного учебного дня,0.2105,0.0568,11.88,19
отбойное течение течение создаваемое волнами которые разбиваются о берег или иногда об риф или чтото подобное,отбойное течение течение создаваемые о волномет которые разбиваются оберик или иногда обрив или чтото подобное,0.4375,0.1009,10.86,16
сплавы по существу представляют собой смесь двух или более металлов не забывайте что в периодической таблице много элементов,с плавы по существу представляют собой смесь двух или более металлов не забывайте что периодически это близько много элементов,0.2778,0.0968,9.96,18
выкладывание экскурсии в виртуальное пространство для всеобщего обозрения это также отличный способ освежить в памяти экскурсию и поделиться своим полученными знаниями с будущими классами,вкладывание кскурсии в вертуральной образтраствову для всеобщего обозрения это также отличный способ освежить память и кскурсию и поделиться с своим полученным знанием с будущими классами,0.4167,0.1176,13.74,24
этот город также является отправной точкой для восхождения на вулкан ньирагонго а также здесь можно посмотреть на горных горилл в дикой природе по одной из самых дешёвых цен в африке,это город также является от прорной точкой для восхождения на вулкан ньюра гонга а также здесь можно посмотреть на горно горил в деки природе подную и самых дешевых цен в африке,0.4,0.1044,14.28,30
официальной валютой фолклендских островов является фунт фолкендских островов fkp стоимость которого эквивалентна стоимости одного британского фунта стерлингов gbp,официальный валютой фолклинских островов является фунт фолклинских островов fkp стоимость которого эквивалент на стоимость одного британского фунта стерингов gbp,0.3889,0.0556,12.96,18
правила отмены заказов могут отличаться но по состоянию на конец марта большая часть правил связанных с коронавирусом не распространяется на июль 2020 года когда были запланированы олимпийские игры,правила отмены заказов могут отличаться но по состоянию наконец марта большая часть правила связанных с коронавирусом не распространяется на июль 2020 года когда были запланированы олимпийские игры,0.1071,0.0102,20.28,28
круизы в санктпетербург включают прогулки по городу пассажиры круизов освобождены от визовых требований уточните условия,круизы в самом пятирбург включают проволоки по городу по сажире круизов освобожденные отвезаны в требовании утачените условия,0.6667,0.1917,12.9,15
управление по чрезвычайным ситуациям северных марианских островов заявило что в стране не было сообщений о причинённом ущербе,управление по чрезвычайным ситуациям сиверных марианских островов заявила что в странении была сообщения о причинённом ущербе,0.3529,0.056,12.72,17
итальянский язык также является повседневным языком для большинства людей работающих в государстве в то время как латынь зачастую используется в религиозных церемониях,италянские язык также являются посидневными языком для большинства людей работающих в государстве в то время как латынзыч что используется в религиозных церемониях,0.2273,0.0778,12.96,22
скаффолдинг это не метод обучения а скорее форма помощи тем кто проходит через новый опыт обучения такой как использование новой компьютерной программы или начало нового проекта,скафолзинг это не метод обучение а скорее форму помощи цем кто проходит через новый обетабучение такой как использование новый компьютерной программы или начал новый проекта,0.3462,0.0847,12.6,26
до прибытия войск государство гаити не сталкивалось с проблемами касающимися данного заболевания с начала 19 века,доприбыте я в узк гусдорств вагаете не сталкивать с проблемами касающимися данного заболевания с начала 19 века,0.4375,0.1504,8.16,16
группа aerosmith отменила оставшиеся концерты в своем турне,группа iosмиз отменила оставшиеся концерты в своем турне,0.125,0.1186,5.46,8
в некоторых круизных брошюрах представлен берлин германия как вы можете видеть на карте наверху берлин находится вдали от моря и визит в город не включён в цену круиза,в некоторых кроевных брошурах представлен берлин и армане как вы можете видеть на карте наверху берлин находится в доле от моря и визит в город не включен в цену кроевца,0.2857,0.1018,14.22,28
после несчастного случая гибсон был доставлен в больницу но вскоре скончался,после несчастного случая гипсен был доставлен в больницу но скорей скончался,0.1818,0.0526,6.0,11
если вы не привыкли ездить по сельским дорогам будьте начеку преобладают крутые склоны узкие переулки и резкие повороты,если вы не привыкли естить по сельским трогам будьте на чеку преобладают крутые склоны узкие перевуки и резкие повората,0.3333,0.0756,10.74,18
изучение движения отдельных водителей и автомобилей между двумя точками и их взаимодействие друг с другом осуществляется в рамках исследования транспортных потоков,изучения движения отдельных водителей и автомобилей между двумя точками их взаимодействия друг с другом осуществляется в рамках исследования транспортных потоков,0.1429,0.0245,12.0,21
горячий шоколад отвечает стандартам бельгии хотя фруктовые соки стоят дорого они имеют превосходное качество,горячий шоколад отвечает стандартам бельгий хотя фруктовые соки стоит дорого а не имеет превосходное качество,0.3571,0.0556,8.16,14
официальными языками барселоны являются каталанский и испанский примерно половина населения предпочитает разговаривать на каталанском большинство понимают его и практически все знают испанский,официальными языками борселоны являются католонские и испански примерно половина населения предпочитают разговоривать на католонском большинство понимают его и практически все знают испански,0.3182,0.0521,13.92,22
подобные площадки которые посетило большое количество людей были организованы во многих других городах италии и в остальном мире в частности в польше,подубные площадки которые посетило большое количество людей были организованны во многих других городах и талии и в остальном мире в частности в польже,0.2273,0.0268,14.4,22
не оскверняйте это место нанося или выцарапывая граффити на объекты вокруг,не скверняйте это место на насяли в цараповые графики на объекты вокруг,0.5455,0.1486,8.94,11
он также атаковал все что входило в воду даже гигантский динозавр такой как тиранозавр не сравнился бы с ним,он также оттоковал все что входило воду даже гигантский динозавр такой как тиранный завр и сравнился бы с ним,0.2632,0.1019,8.64,19
если вы пересекаете северную часть балтийского моря зимой узнайте насчёт расположения каюты так как прохождение по льду приводит к довольно жуткому шуму который может мешать спать наиболее чувствительным людям,если вы пересекаете северную часть болтийского мороземой узнать и начало расположение каюты так как прохождения полду привоет ковольно жуткомышуму которая может мешать спать наиболее чувствительным людям,0.5172,0.1148,15.72,29
перри заявил что вернётся в техас чтобы оценить результаты сегодняшнего партийного собрания и определить стоит ли мне продолжать гонку но позже сказал что он её продолжит и будет участвовать в предварительных выборах в южной каролине 21 января,перезayвил что вернется в тихоств чтобы оценить результаты сегодняшнего партийного собрания и определить стоят ли мне продолжать гонку но позже сказал что он её продолжит и будет участвовать в предварительных выборах южный королнин 2021,0.2703,0.1029,16.98,37
прерывание сна это процесс целенаправленного пробуждения во время обычного сна и повторного засыпания через короткое время 1060 минут,прирование в сна это процент цель направленного пробуждения во время обычного сна и повторного засыпания через короткое время 1060 минут,0.2778,0.0602,10.68,18
также после революции открылись возможности работы открылись всем мужчинам что позволило самым амбициозным и талантливым добиться успеха,также после революции открылись возможность работы открылись всем мужчинам чтобы позволило самым бицозным и талантливым добиться успеха,0.1765,0.0441,11.76,17
нынешняя сенатор и первая леди аргентины кристина фернандес де киршнер анонсировала выдвижение своей кандидатуры на пост президента вчера вечером в лаплате городе в 50 километрах 31 милях от буэносайреса,нанишняя цена пар и первая ледик аргентиной кристина фернанда сдик киршнер анонсировала в движение своей кондидаторой на пост президентов вчера вечером в лоплате в городе в пести километрах трстедной милях от бленус сайрес,0.5862,0.2167,19.68,29
сундарбан это крупнейший пояс прибрежных мангровых зарослей простирающийся от берега на 80 км 50 миль вглубь континента в бангладеше и индии,сундарбан это крупнейший по испреблежных мангровых зарислий просирающийся от берега на 80 км 50 мм в глубоком континентах бангладэша и инди,0.4762,0.15,12.6,21
они вернулись в париж в карете окружённые толпой людей которые выкрикивали угрозы королю и королеве,они вернулись в корее окруженные толпой людей которые вы крикивали угрозы королю и королеве,0.4,0.1212,7.98,15
джанкарло физикелла потерял контроль над управлением своим автомобилем и завершил гонку вскоре после старта,джан карла физикела потерял контроль на тупровлением своими автомобилем и завершил гонку в скорей после старта,0.5714,0.0841,8.46,14
дюваль который женат и имеет двух совершеннолетних детей не произвел большого впечатления на миллера которому рассказали эту историю,деваль который женат и имеет двух совершенно летнег детей не произвел большого впечатления на милера которому рассказали эту историю,0.2222,0.0379,13.68,18
касабланка одно из наименее интересных мест для шопинга во всем марокко,косабланка одной из наименней интересных мест для шопинка во всем морука,0.4545,0.1268,8.64,11
однако это неправда хотя чтото и написано на обороте документа это не карта сокровищ,аднока это не правда хотя чтото и написано на боротьте документа это не картосакровища,0.4286,0.131,9.42,14
заявление было сделано после того как трамп провел телефонный разговор с президентом турции реджепом тайипом эрдоганом,заявление было сделано после того как trump провел телефонный разговор с президентом турции реже помтая и помтер таганом,0.375,0.1356,9.36,16
среди других номинаций лучшая картина режиссёр операторская работа дизайн костюмов монтаж фильма оригинальная музыка художникпостановщик звуковой монтаж звук и оригинальный сценарий,среди других номинаций лучшая картина режиссёр аппарат раскаработа дизайнкастюмов монтаж фильма оригинальная музыка художник постановщик звуковой монтаж звук и оригинальный сценарий,0.2857,0.0552,16.14,21
всего за 2 недели силы свободной франции и американцы освободили южную францию и отправились в сторону германии,с его задвене делились силы свободной франции и американцы освободили южную францию и отправились в сторону германии,0.2353,0.0901,8.34,17
мы согласны с заявлением usoc о том что интересам наших спортсменов клубов а также их видов спорта больше соответствует проведение реформ внутри нашей организации а не аннулирование ее сертификации,мы согласны заявлениям usoc о том что интереса в наших спортсменов клубов а также их видов спорта больше соответствует проведения рефор внутри нашей организации а не анулирование ее сердцификации,0.2759,0.0508,13.92,29
это не станет прощанием это закрытие одной главы и открытие новой,это не станет прощанием это закрытие одной головы и открытие новый,0.1818,0.0462,6.96,11
чтобыу видеть самые живописные места гонконга следует покинуть остров и направиться на побережье полуострова цзюлун что находится напротив,чтобы видеть самые живописными стаган конга следует покинуть остров и направиться на побережье полосторого дзюлллл что находится на против,0.4444,0.1232,10.32,18
хоть гома и является достаточно безопасным местом следует заранее уточнять информацию насчёт любых поездок за пределы гомы чтобы понять в каком состоянии находятся боевые действия ведущиеся в провинции северное киву,хоть гома и является достаточно безопасным местом следует заранее уточнять информацию на счет любых поездах за пределы гомы чтобы понять в каком состоянии находится боевые действия ведущейся в провинции северной киву,0.2,0.0372,22.08,30
интернет сочетает в себе элементы как массовых так и межличностных коммуникаций,интернет зачитать себе элементы как массовых так и межличных коммуникаций,0.2727,0.1266,6.78,11
в тёплом климате ближнего востока дом не имел особого значения,в теплом климате ближня у вас только дом не имела собого значения,0.7,0.1774,4.62,10
центр церковной власти базировался в риме на протяжении более тысячи лет и такое сосредоточение могущества и богатства привело к тому что многие усомнились а соблюдается ли этот догмат,центр церковной власти базировался времени на протяжении более 1000 лет и такое сосредоточение могущества и богатства привлок тому что многие усомнились а соблюдается ли этот так мат,0.25,0.087,12.84,28
звуковое и световое шоу на фоне пирамиды является одним из самых интересных мероприятий в этой местности для детей,звуковое если того я шел на фоне пирамиды является одним из самых интересных мероприятий в этом местности для детей,0.2778,0.0965,8.52,18
всего за 2 недели силы свободной франции и американцы освободили южную францию и отправились в сторону германии,всего за две недели силы свободной франции и американцы освободили южную францию и отправились в сторону германии,0.0588,0.027,12.78,17
в последствие он был перемещён в госпиталь адденбрук в кембридже,в последствии он был перемещен в госпиталь один брук в кемридже,0.5,0.1094,6.0,10
энергия кундалини энергия просветления в кундалинийоге пробуждается через позы йоги дыхательные упражнения мантры и визуализации,энергия кундолине энергия просветления в кундолине йоге пробуждается через поза йоги дыхательные упражнения мантеры и визуализации,0.3333,0.0547,14.04,15
апиа столица самоа город расположен на острове уполу и имеет население чуть менее 40 000 жителей,опять столицы само город расположен на острове уполу и имеет население чутьчуть менее 40 000 жителей,0.25,0.1042,7.98,16
мозазавр был самым грозным хищником своего времени поэтому он не боялся никого кроме других мозазавров,мазозавр был сам угрозным хищником своего времени поэтому они боялся никого кроме других мазозавров,0.4,0.098,8.64,15
например ежегодно учащиеся школы беннет в северной каролине создают сайт о своём посещении столицы штата и каждый год этот сайт обновляется но доступ к старым версиям попрежнему сохраняется они служат памятным альбомом,например ежегодно учащиеся школы бенет все верные королине создаются это своем посещении столицы штата и каждый год этот сайт обновляется но доступ к старом версии мы приезжим с сохраняется они служи памятным альбомом,0.4375,0.1193,15.96,32
поздно вечером в воскресенье президент сша дональд трамп через пресссекретаря заявил что войска сша покинут сирию,познавечером воскресенье президент сша donald trump через присиктря заявил что войска сша покинут серии,0.4375,0.2301,9.66,16
почти все более мелкие острова являются независимыми государствами или ассоциированы с францией и известны как шикарные пляжные курорты,почти все более мелкие здравоевляются независимыми кассударствами или соцированы с францей и известны как шикарный пляжный курорта,0.4444,0.1259,10.68,18
учёные надеются понять как образуются планеты особенно то как образовалась земля поскольку кометы сталкивались с землёй очень давно,учелные надеются понять как образуются планеты особенно то как образовалась земля поскольку кометы сталкивали землей очень давно,0.2222,0.0534,10.44,18
использование кораблей для транспортировки товаров является безусловно самым эффективным способом перевозки большого количества людей и грузов через океаны,использование кораблей для транспортировки товаров является безусловно самыми эффективным способом перевозки большого количества людей и грузов через окианы,0.1111,0.0129,8.94,18
но оказавшись в глубоких тропиках лишь в нескольких градусах к северу от экватора вам придется справляться как с жарой постоянно так и с сильным солнцем при безоблачном небе реже,но оказавшись глубоких тропиках лишь несколько градусов ксевероятек ваттера вам придется справляться как сжерой постоянно так и синем солнце приблизолочным небе реже,0.5172,0.1742,12.84,29
nextgen это система которая по заверению федеральной авиационной администрации сша позволит самолетам летать по сокращенным маршрутам и ежегодно экономить миллионы галлонов топлива а также снизить выбросы углерода,некст джен это система которая позвелению федеральной авиационной адмиистрации сша позволится молёпом летать посокращенным маршрутом и ежегодно экономить миллионы галонов топлива а также снизить и выбросил бленерода,0.5185,0.1455,21.96,27
путешественники направляющиеся в страны с высоким налогообложением могут иногда сэкономить значительную сумму особенно на таких товарах как спиртные напитки и табак,пути шея ственики направляющиеся в страны с высоким налога обложениям могут иногда сэкономить значительную сумму особенно на таких товарах как спиртные напитки и табак,0.2381,0.0488,15.72,21
древние культуры и племена начали оставлять их себе чтобы иметь под рукой молоко шерсть мясо и шкуру,древние культуры и племена начали оставлять их себе чтобы иметь под рукой молоко шерсть мясо и шкуру,0.0,0.0,8.52,17
население ватикана составляет около 800 человек это самая маленькая независимая страна в мире а также страна имеющая наименьшее население,на селение в атеканно составляет около 800 человек это самое маленькое независимо из тронавмеря а также страна и мещенное и мещое население,0.7368,0.2336,11.28,19
европа относительно маленький континент но на нём много независимых государств в обычных обстоятельствах путешествие через множество стран означало бы необходимость подачи прошений для получения визы и многократного прохождения паспортного контроля,зевропа относительно маленький континент но на нем много независимых государств в обычных обстоятельствах путешествий через множество стран означало бы необходимость подачи прошедней для получения виз и много кратного прохождения по аспортного контроля,0.3,0.0363,17.16,30
массовое владение автомобилями также приводит к увеличению числа дтп на дорогах что приводит к изобретению в здравоохранении новых методов лечения полученных травм,массовые владения автомобилями также приводит к увеличению числа дтп на дорогах что приводит к изобретению здравоохранений новых методовлетения полученных травм,0.2727,0.0429,12.48,22
спутник был доставлен в космос ракетой ученые используют телескопы в космосе потому что атмосфера земли в некоторой степени искажает наш свет и обзор,спутник был доставлен в космос ракеты ученые используют телескопы в космосе потому что от нас вверх и земли в некоторых степени и скажают наш свет и отзор,0.3913,0.1141,11.52,23
ученые смогли сделать вывод что темная материя воздействует на другую темную материю так же как и в случае с обычной материей,ученые смогли сделать вывода что темная материя воздействует на другую темную материю также как и в случае с обычной материи,0.1905,0.032,11.94,21
исследователи университета сообщили что эти два соединения вступают друг с другом в реакцию образуя кристаллы которые могут блокировать работу почек,и следователи университета сообщили что эти два садения вступают друг с другом реакцию образуя кресталы которые могут блокировать работу почек,0.25,0.0608,10.8,20
такие элементы как кальций и калий считаются металлами конечно также есть такие металлы как серебро и золото,такие элементы как кольца и колья считаются металлами конечно так же есть такие металлы как сирепроизолота,0.4118,0.1111,8.58,17
дети передаются под опеку по множеству разнообразных причин от беспризорности до жестокого обращения и даже вымогательств,дети передаются под эпеку по множеству разнообразных причин от бездтизорности даже стокого обращения и даже вымагательств,0.3125,0.0661,9.0,16
ее очень нелегко обнаружить даже тому кто знает о ее существовании в пещере человек оказывается в полной изоляции,я очень легко обнаружить даже тому кто знает у ее существований в бесчере человека как азвиться в полной изоляции,0.4444,0.1504,9.54,18
бишкек был описан одним обозревателем как погружающийся в состояние анархии поскольку группы людей бегали по улицам и грабили магазины с потребительскими товарами,бешке был описан одним обозревательным как покружающейся в состоянии онархии поскольку группы людей бегали по улицам и корабли магазина с потребительскими товарами,0.3182,0.0802,11.4,22
учебные экскурсии очень важны для любого класса очень часто учителям хочется отвезти своих учеников туда куда нельзя доехать на автобусе,учебные экскурсии очень важны любого класса очень часто учителяем хочется ответить своих ученьков туда куда нельзя доехать на автобусе,0.2,0.0662,9.42,20
выкладывание экскурсии в виртуальное пространство для всеобщего обозрения это также отличный способ освежить в памяти экскурсию и поделиться своим полученными знаниями с будущими классами,вкладывание экскурсии в виртуарное образстранство для всеобщего возрения это также отличный способ освежить памяти экскурсию по телице своими получными знаниями из будущими классами,0.4167,0.1283,15.0,24
неблагоприятные метеоусловия это общий термин для обозначения любого опасного явления погоды способного причинить какойлибо ущерб вызвать серьёзные социальные потрясения или привести к человеческим жертвам,не было приятное иметь его слово это общий термин для обозначения любого опасного явления погоды способную причинить какойлибо ущерб вызвать серьезные социальные потрясения или привести к человеческим жертвам,0.3333,0.0829,15.84,24
вчера утром возле главного полицейского управления газиантепа турция был подорван автомобиль в результате чего погибли 2 полицейских и еще более 20 человек получили ранения,вчера утром возле главного полицейского управления газианта патурция был подорблен а автомобиль в результате чего погибли двое полицейских и еще более 20 человеклочли ранения,0.2917,0.0988,12.54,24
на прошлой недели министерство экономики труда и промышленности объявило что apple проинформировала его о 34 дополнительных случаях перегрева которые компания назвала несерьёзными,на прошлой неделе министерстве экономики труда и промышленности объявила что apple проинформировала его от 33 дополнительных случаях перегрева который компанина звала не серьезными,0.4545,0.0615,13.32,22
слово цивилизация происходит от латинского civilis что означает гражданский и является родственником латинских слов civis означающего гражданин и civitas означающего город или городгосударство и оно также определенным образом выражает размер общества,слово цивилизация происходит от латинского сивились что означает гражданский и является родственником латинских слов сивез означающего гражданин и сиветас означающего город или город государства и оно также определенным образом выражает размер общества,0.1613,0.088,19.44,31
скаффолдинг это не метод обучения а скорее форма помощи тем кто проходит через новый опыт обучения такой как использование новой компьютерной программы или начало нового проекта,скавфолдинг это не метод обучения а скорее форма помощи тем кто проходит через новый опыт обучения такой как использование новый компьютерной программы или начало нового проекта,0.0769,0.0113,13.02,26
великая пирамида в гизе это единственное из семи чудес света которое существует сегодня,великая пирамидов гейзия это единственная и семечудес света которая существует сегодня,0.6154,0.1494,10.02,13
будучи всесторонне развитым атлетом тигр может взбираться на деревья хотя и не очень хорошо плавать прыгать на большие расстояния и тянуть с силой пяти крепких человек,будучи все сторонние развиты могли тигр может собираться на деревья хотя и не очень хорошо плавать прыгать на большие расстояния и тянуть силы пяти крепких человек,0.2692,0.0958,12.12,26
чем меньше число россби тем менее активна звезда по отношению к инверсиям магнитного поля,чем меньше число розбие тем менее активно звезда по отношению к инверсиям магнитного поля,0.1429,0.0449,10.2,14
за пять минут до начала салюта ветер начал усиливаться минутой позже ветер достиг скорости 70 километров в час затем начался дождь такой сильный и крупный будто на тебя падают иголки потом с неба посыпался град люди в панике кричали и сталкивались друг с другом,запять минут до начала солюта ветер начал усиливаться минутый позже ветер достиг с корости 70 километров в час затем начался дождь такой сильный и крупный вот то на тебя падают и голки потом с неба посыпался град люди в панике кричали и сталкивались друг с другом,0.2273,0.0345,24.9,44
романтизм во многом включал в себя культурный детерминизм почерпнутый у таких писателей как гёте фихте и шлегель,романтизем в многом включал в себе культурный дитерминий почеркнут и у таких писателей как геотэфихты и шлегель,0.4706,0.125,12.78,17
хотя никто не знает наверняка кто его написал известно что в начале своего существования этот большой пергаментный документ размером 29¾ на 24½ дюйма был свёрнут для более удобного хранения,хотя никто не знает наверняка кто его написал известно что в начале своего существования этот большой пергаментный документ размером 29340 на 203 а на вторая дюйма был свернут для более удобного хранения,0.2069,0.0952,17.52,29
как и во всех южноафриканских национальных парках в этом парке существует ежедневная плата за его охрану и посещение,как и во всех южного в реканских национальных парках в этом парке существует ежедневная плата за его охрану и посещение,0.1667,0.0517,8.88,18
на некоторых маршрутах у более крупных компаний есть свои собственные самолёты но для других маршрутов и более мелких компаний с этим была проблема,на некоторых маршрутов у более крупных компаний есть свои собственные самолеты но для других маршрутов и более мелких компаний с этим было проблема,0.1304,0.0272,14.76,23
одна из бомб взорвалась возле офиса генералгубернатора,одна из бом взорвалась возле офиса генерал губернатора,0.4286,0.037,5.4,7
обратный поток сосредоточен в нескольких более глубоких участках где может образовываться быстрое течение уходящее на большую глубину изза подобной подводной топологии,обратный поток со средаточена в нескольких более глубоких участках где может образовываться быстротечение уходящая на большую глубину изза подобной подводной топологии,0.2381,0.0419,15.3,21
сейчас люди пишут сообщения на экранах компьютеров и им никогда не приходится иметь дело с точилкой,сейчас люди пишут сообщения на экранах компьютеров и никогда не приходилось смендело стачилкой,0.375,0.1212,8.04,16
этот город также является отправной точкой для восхождения на вулкан ньирагонго а также здесь можно посмотреть на горных горилл в дикой природе по одной из самых дешёвых цен в африке,это дьгород также является отправной точкой для восхождения на волканне не рогонга а также здесь можно посмотреть на горных горел в дикой природе по одной из самых дешевых цен в африке,0.2333,0.0714,17.88,30
сравнительно не далеко к северу расположен романтический и очаровательный городок синтра воспетый лордом байроном и получивший после этого известность во всём мире,сравнительно недалеко к северам расположен на романтический и очаровательный городок синдра воспитывал ордам байрану и получивший последователь известность во всем мире,0.5,0.1411,13.92,22
он также атаковал все что входило в воду даже гигантский динозавр такой как тиранозавр не сравнился бы с ним,он также отоковал все что входило в воду даже гигантский динозавр такой как тернозавр не сравнился бы с ним,0.1053,0.037,9.36,19
гаитянский институт справедливости и демократии сослался на независимое исследование которое предполагает что непальский миротворческий батальон оон непреднамеренно завёз заболевание в гаити,гайтянский институт справедливости и демократии сослался на независимое исследование которое предполагает что не париск и миротворческий батальону он не преднамеренно завеза были ванее в гайте,0.5714,0.1,14.28,21
термин сафари в повседневном использовании означает наземную поездку с целью посмотреть поразительную дикую природу африки особенно в саванне,термен сафарев по в себе вновном использовании означает на земную поездку сцелю посмотреть по развитию деку природу африке особенно в соване,0.7778,0.1773,13.32,18
в течение этого периода европейской истории католическая церковь ставшая богатой и сильной оказалась объектом пристального внимания,в точении этого периода европейской истории катарическая церковь ставшая богатая и сили оказалась объектом пристеливого внимания,0.3125,0.0992,9.54,16
в статье речь президента оливер сакс описал как люди которые изза повреждения мозга неспособны понимать речь тем не менее могут правильно оценить искренность говорящего,в статье речь президента oliver sox описал как люди которые изза повреждения мозга не способны понимать речь тем не менее могут правильно оценить и скрытность говорящего,0.25,0.0833,12.36,24
важно различать глаголы и дополнения,важно различать глагол и дополнение,0.4,0.0556,4.5,5
хоть гома и является достаточно безопасным местом следует заранее уточнять информацию насчёт любых поездок за пределы гомы чтобы понять в каком состоянии находятся боевые действия ведущиеся в провинции северное киву,коть гома и является достаточно безопасным местом следует заранее уточнять информацию на счет любых поездок за пределы гома чтобы понять в каком состоянии находится бы в идестьях ведущийся в провинции северной киму,0.3667,0.0791,20.4,30
для женщин всем туристкам рекомендуется говорить что они замужем независимо от их настоящего семейного положения,бля женщин всем туристкам рекомендуются говорить что они замужи независимо от их настоящего семейного положения,0.2,0.0357,8.16,15
официальной валютой фолклендских островов является фунт фолкендских островов fkp стоимость которого эквивалентна стоимости одного британского фунта стерлингов gbp,официальная валютная фолкнских островов является фунт фолклинских остров fkp стоимость которого к вивалент на основе пяти одного британского фунтастируйнгов gbp,0.6667,0.1667,13.38,18
чем меньше число россби тем менее активна звезда по отношению к инверсиям магнитного поля,чем меньше число розпи тем менее активно звезда по отношению к инверсиям магнитного поля,0.1429,0.0449,7.8,14
их отличали дисциплинированная защита мастерство владения мячом и превосходная командная работа и было ясно что обыграть эту команду непросто,их отличали дисциплинированная защита мастерства владения мечом и превосходная команда работа и было ясно чтобы играть эту команду не просто,0.3684,0.0638,10.62,19
все во вселенной состоит из материи вся материя состоит из мельчайших частиц называемых атомами,все в селены состоит из материи все материи состоит из мельчайших частицей с называемых атомами,0.4286,0.1158,7.2,14
более традиционные церкви зачастую проводят пасхальное богослужение в субботу вечером во время пасхальных выходных при этом прихожане обычно начинают в полночь празднование воскресения христа,более традиционный царк зачастую проводит пасхальная покосложения субтубеичером во время пасхальных выходных при этом прихожание обычно начинает в полочь празднования в воскресенье христа,0.5833,0.1361,13.62,24
доктора малар баласубраманиан 29 лет нашли в блюэше штат огайо пригороде примерно в 15 милях к северу от цинциннати он лежал на земле рядом с дорогой в футболке и нижнем белье и повидимому в состоянии сильного наркотического опьянения,доктора малар была субромоня 29 лет нашли в блёксша штатогая при городе примерно 15 млх к северу оцензанате он лежал на земле рядом с дорогой футболки и нижнем билет и вовидимому состояние сильного наркотического обинения,0.4474,0.1667,21.24,38
плато гиза или же некрополь гизы в египетской долине мёртвых включает несколько пирамид из которых великая пирамида гизы самая большая несколько небольших гробниц несколько храмов и большой сфинкс,плата гиза или же никропа льгизы в яке пеской дарине мертвых включают несколько перомит из которых великая перомитогиза самое большая несколько небольших гробниц несколько храмов и большой сфинкс,0.4286,0.1276,14.64,28
лаккха сингх исполнил чхаппан бхог бхаджан певец раджу кханделвал пел вместе с ним,лакха синг исполнил чхапан пхок пха джан певец раджу кандерл вал пел в бесестнин,0.8462,0.1951,13.38,13
для женщин всем туристкам рекомендуется говорить что они замужем независимо от их настоящего семейного положения,для женщин всем туристкам рекомендуются говорить что они замужем и зависимо от их настоящего семейного положения,0.2,0.0268,8.28,15
эти пары могут выбрать создание плана усыновления для своего ребёнка,эти пары могут выбрать создание планов с наувления для своего ребенка,0.4,0.1029,6.12,10
получите новую смесь перемешав два сухих порошка в одной емкости а затем чистыми влажными руками слепите из этой смеси шарик,получите новые смесь перемешав двадцать их поражка в одной емкости а затем чистыми влажными руками слепите из этой смесь шарик,0.25,0.0887,9.9,20
также после революции открылись возможности работы открылись всем мужчинам что позволило самым амбициозным и талантливым добиться успеха,также после революции открылись возможность работы открылись всем мужчинам что позволило самым обицозным и талантливым добицем успеха,0.1765,0.0588,13.08,17
в 2002 году город гома был разрушен лавой вулкана ньирагонго которая похоронила под собой большую часть городских улиц особенно центральную часть города,в 2002 году город гома был разрушен лавой волкана нирогонга которая покорняла под собой больше участка разных улиц особенно центральную часть города,0.2727,0.125,11.82,22
сундарбан был объявлен объектом всемирного наследия юнеско часть леса в пределах индийской территории называется национальный парк сундарбан,сундарбан был объявлен объектом всемирного наследия юнезко часлесов в пределах индийской территории называется национальный парк сундарбан,0.1765,0.0429,13.44,17
это привело к тому что два вида рыб вымерли а два других в том числе горбатый голавль попали под угрозу исчезновения,это привело к тому что два вида рыб вымерли а два других в том числе аграбаты головли попали под угрозу и чизновения,0.1905,0.069,10.5,21
он является одной из главных достопримечательностей южной африки и считается ведущим среди южноафриканских национальных парков sanparks,он является одной из главных доступов замечательности южной африке и считается ведущим среди южной африканских национальных парков в санпаркс,0.4375,0.1556,11.16,16
горячий шоколад отвечает стандартам бельгии хотя фруктовые соки стоят дорого они имеют превосходное качество,аречи шиколад отвечает стандартнобелий хотя фурктовые соки стоят дорого они имеют превосходное качество,0.3571,0.1204,9.66,14
исследуя архипелаги или посещая озера вы вполне сможете обойтись и без яхты,и следую архипилаги или посещая озера вы вполне сможете обоитесь и без яхты,0.3333,0.0667,9.24,12
его длинные челюсти были усеяны более чем 70 острейшими зубами вдобавок имелся дополнительный ряд на нёбе так что тем кто встречался на его пути не было спасения,и в отдельном очередь были усейнем более 70лн стрейшими зубами добава кемелся дополнительные ряд на небо так что тем кто встречался на его пути не было спасение,0.4815,0.2174,14.58,27
растения выглядят лучше всего в своей естественной среде обитания поэтому не поддавайтесь искушению взять хотя бы один экземпляр,растение выглядит лучше всего в своей естественной среде обитания поэтому не поддавайтесь искушению взять хотя бы один экземпляр,0.1111,0.0156,12.66,18
обычно всегда слышен шум от туристов и продавцов история звука и света похожа на книгу с историями,обычно всегда слышим шум от туристов и продавцов и стуриозмука и света похожи на книгу с историей,0.2941,0.1122,12.0,17
официальными языками барселоны являются каталанский и испанский примерно половина населения предпочитает разговаривать на каталанском большинство понимают его и практически все знают испанский,официальными языками брасилоны являются католанские и испанские примерно половина населения предпочитает разговаривать на католанском большинство понимают его и практически все знают испанские,0.2273,0.0417,18.0,22
в начальный период своего существования это шоу транслировалось только на сайте давно существующего онлайнрадио toginet radio посвященного радиобеседам,вначальный период с существования это шоу трансирурс только на сайте давно существующую он ваннародию то чинет радио посвященую радио и беседом,0.7778,0.2848,12.72,18
посредством движения устройства в воздухе игроки смогут управлять действиями и движениями в видеоиграх,по средствам движения устройства воздухи и игроки с могут управлять действиями и движениями в видеоиграх,0.4615,0.0784,8.82,13
эпоху в которой происходили данные события принято называть высоким средневековьем периодом европейской истории затрагивающим xi xii и xiii века 10001300 гг н э,а поху в которой происходили данные события принятан называть его соким средневеколойен периодом европейские истории затрагиывающем одинстый 12 и 13 века техищные тысячатраксоты и года нашей тера,0.7391,0.4125,18.3,23
тигриный рык не похож на полнозвучный рык льва а больше напоминает выкрикивание предложений из неразборчивых слов,тегриной рык не похож на полнозвучные рыки лева а больше напоминает выкрикивания предложений из не разборчивых слов,0.4375,0.0619,10.98,16
гренландия была слабо заселена в скандинавских сагах повествуется о том что эрика рыжего изгнали из исландии за убийство и продвигаясь дальше на запад он открыл гренландию и дал ей название,гринландия была слаба за селена в скандинавских сагах повестываются о том что эрика рыжого изгнали изза сландии за убийства и продыгаясь дальше на запад он крил гринландию и дал ей название,0.4,0.0899,14.04,30
аналогичным образом если у вас есть шенгенская виза вам не нужно подавать заявление на получение визы в каждую из странучастниц шенгенского соглашения отдельно что позволит вам сэкономить время и деньги а также избежать бумажной волокиты,аналогичным образом если у вас есть шингенская виза вам не нужно подавать свои влени а на получение визы в каждую и стран участниц шингенского соглашения отдельно что позволит вам сэкономить время и деньги а также избежать бумажные волокиты,0.2571,0.0549,21.84,35
в живых есть ещё много мужчин и женщин которые пережили своё пребывание здесь но есть ещё больше людей чьи близкие были убиты здесь или работали тут до смерти будь то евреи или люди других национальностей,в живых есть еще много мужчины женщин которые пережили свое припывание здесь но есть еще больше людей чеблиске были убиты здесь или работали тут до смерти вот то еврея или люди других национальности,0.3143,0.0931,15.0,35
великая пирамида в гизе это единственное из семи чудес света которое существует сегодня,великая пирамидов гизе это единственная семейчудес света которая существует сегодня,0.5385,0.1264,6.66,13
позже фотографы заняли место пожилой женщины так как она отлучилась в туалет мендосу застрелили,пожжи фотографы заняли место пожелой женщины так как она отключилась то лет миндосу застрелили,0.4286,0.1053,9.12,14
столицей молдовы является кишинёв местный язык румынский но русский также широко распространён,столицы мудовые является кишинёвом местный язык румыцкий нарусский также широко распространён,0.5,0.117,10.14,12
гжа киршнер объявила о своём намерении баллотироваться на пост президента в аргентинском театре в том же месте где она начала свою предвыборную кампанию в сенат в 2005 году в качестве члена делегации провинции буэносайрес,госпожа киршнер объявила своё намерение и балотироваться на пост президента воргентинском театре в том же месте где она начала свою продвиборную компанию в сенаду 2005 году в качестве члена делегации провинции бойна сайрес,0.3824,0.0995,17.58,34
большие области далее к северу довольно редко заселены а некоторые из них практически незаселённая глушь,большие области дали к северу довольно редко заселенной а некоторые из них практически не заселенные глуш,0.3333,0.0962,8.04,15
высота подмостового габарита составляет 15 метров строительство было завершено в августе 2011 года его не открывали для движения до марта 2017 года,высота под мостого вагаборита составляет 15 метров стретельство было завершено в авкусте 2011 года его не открывали для движения от до марта 2017 года,0.2727,0.0816,12.96,22
это иногда переполненные народом семейные пляжи с хорошим выбором магазинов расположенных вдоль берега плавать безопасно,это иногда переполненный народом семейной пляж из хорошего выбора магазинов расположен в дольберика плавать безопасно,0.6,0.15,9.12,15
карри это блюдо на основе трав и специй в сочетании с мясом или овощами,варьи это блюдо на основе трафоспицы в сочета не смесем или овощами,0.5,0.2113,6.48,14
она тоньше под лунными морями и толще под нагорьями,а на тоньше подлудными морями и тоньше под ногорями,0.6667,0.1765,7.38,9
в древнем китае использовали уникальный способ обозначения периодов времени каждый этап китая или каждая семья находившаяся у власти были особой династией,в древнем китай использовали уникальный способ обозначения период времени каждый тапки тая или каждое семья находившиеся у власти были особо династии,0.381,0.0844,11.82,21
романтизм во многом включал в себя культурный детерминизм почерпнутый у таких писателей как гёте фихте и шлегель,романтизм в многом включал себя культурный детерминист по черпноте у таких писателей как гиоте фихты и шлегель,0.4118,0.1071,9.24,17
султан марокко перестроил город под названием эддарэльбейда а испанские торговцы создавшие тут торговые базы назвали его касабланка,султан марока перестроил город под названием эддар лпейда а испанский торгов со здавшие тут торговый баз на звали его касабланка,0.6471,0.0916,11.04,17
в живых есть ещё много мужчин и женщин которые пережили своё пребывание здесь но есть ещё больше людей чьи близкие были убиты здесь или работали тут до смерти будь то евреи или люди других национальностей,в живых есть еще много мужчины женщин которые пережили свое пребывание здесь но есть еще больше людей чьи близкие были убитые здесь или работали тут до смерти будь в тою время или люди других национальности,0.2857,0.0686,15.42,35
первой среди 78 рекомендаций является то что следует реализовать новую дипломатическую инициативу до конца этого года для укрепления иракских границ чтобы не допустить враждебного вмешательства а также для возобновления дипломатических отношений с соседями,первое среди 7080 рекомендации является то что следую отрелизовать новую дипломатическую инициативу до конца этого года для укрепления и рахские границ чтобы недостопить урождиобного мишатиста а также для вознабыумления дипломатических отношений с соседями,0.3636,0.125,18.24,33
великая пирамида в гизе это единственное из семи чудес света которое существует сегодня,теликая пирамидор гизия этой единственной из семей чудес света которая существует сегодня,0.6154,0.1379,7.44,13
он добавил что их однако не следует просить брать на себя обязательства которые выходят за рамки их стадии разработки ответственности и возможностей,он добавил что их однако не следует просить брать на себя обязательство который выходит за рамких стадии разработки отвестности и возможности,0.3182,0.0743,10.98,22
правящая партия организация народов югозападной африки свапо также сохранила большинство на парламентских выборах,провещая партия организация народов югозапанный африкин с вапо так же сохранила большинство на парламентских выборах,0.5385,0.0619,11.88,13
большинство воззрений на технологический детерминизм разделяют две общие идеи что направление развития технологий практически неподвластно культурному или политическому влиянию и что в свою очередь воздействие технологий на общество обусловлено их собственными свойствами а не обществом,в большинство возрения на технологическими дитерминизм разделяют две общие идеи что направление развития технологии практически не подвласно культурному или политическому влиянию и что своё очередь возле технологии на общество обусловлено их собственными свойствами они общества,0.4,0.0909,19.32,35
виртуальный скаффолдинг помогающий в обучении встроен в программное обеспечение и предназначен для того чтобы напоминать объяснять и задавать вопросы насчёт процедур с которыми обучающемуся возможно было бы слишком трудно справиться в одиночку,виртуальный скав фолдинг помогающий в обучении встроен в программное обеспечение и предназначен для того чтобы напоминать объяснять и задавать вопросы на счет процедур с которыми обучающим уся возможно было бы слишком трудно справиться в одиночку,0.1875,0.0247,23.1,32
звуковое и световое шоу на фоне пирамиды является одним из самых интересных мероприятий в этой местности для детей,звуковой световой шел на фоне пирамет является одним из самых интересных мероприятий в этой местности для детей,0.2778,0.0789,7.62,18
растения производят кислород которым дышит человек и поглощают углекислый газ который человек выдыхает,рассейне производит кислород которым дышит человек и поглощают углекислый газ который человек выдыхает,0.1538,0.049,7.92,13
эта стратегия доказала свою эффективность отрезав жизненно важные военные и гражданские поставки хотя эта блокада нарушала принятые повсеместно международные законы изложенные в нескольких международных соглашениях за последние двести лет,это стратегия доказала свою эффективность отрезов жизненно важные военные и гражданские поставки хотя это блокада нарушала приняты по всеместными ждународные законы изложенные в нескольких международных соглашениях за последние 200 лет,0.2759,0.063,22.14,29
группа aerosmith отменила оставшиеся концерты в своем турне,группа rsmv отменила ставшийся концерты своим турнет,0.625,0.2034,6.96,8
дети передаются под опеку по множеству разнообразных причин от беспризорности до жестокого обращения и даже вымогательств,тети передаются под опеку по множеству разного разных причин вот без призорности тоже стоко обращения и даже вымогательства,0.5625,0.0992,11.16,16
мозазавр был самым грозным хищником своего времени поэтому он не боялся никого кроме других мозазавров,мазозавр был самым грозным хищником своего времени поэтому он никогда не боялся никого кроме других пазозавров,0.2,0.1275,10.8,15
посредством движения устройства в воздухе игроки смогут управлять действиями и движениями в видеоиграх,по средствам движения устройства в воздухе игроки смогут управлять действиями движениями в виде играх,0.3846,0.049,8.4,13
растения производят кислород которым дышит человек и поглощают углекислый газ который человек выдыхает,растение производит кислород которым дышит человек и поклышает углекислогаз который человек выдыхает,0.3846,0.0882,9.84,13
на удалённых островах кредитные карты возможно не будут приниматься хотя британскую и американскую валюту могут принять заранее проясните с владельцами какой способ оплаты является приемлемым,но удаленных островах кредитный карта возможно не будут приниматься хотя британскую американскую валюту могут принять зарание проясните с лодельцами какой способ оплаты является приемлемым,0.28,0.0471,15.6,25
таким образом карандаш стал хорошим другом для многих людей когда появился,таким образом карандаш стал хорошим другом для многих людей когда появился,0.0,0.0,8.16,11
его приветствовал заместитель премьерминистра сингапура вонг кан сенг затем он обсудил вопросы торговли и терроризма с премьерминистром сингапура ли сянь луном,его приветствовал заместитель премьерминистра сингапора в онккансенк затем он обсудил вопрос о торговле тероризмом с премьерминистра сингапора листья луном,0.5714,0.1321,12.12,21
возможно вам также следует проконсультироваться с другими правительствами помимо своего но их рекомендации направлены на своих граждан,возможно вам также следует проконсультироваться с другими правительствами помимо своего но их рекомендации направлены на свои игражды,0.1176,0.0299,9.3,17
так же как луна притягивает землю при этом вызывая приливы так и млечный путь воздействует на галактику в стрельце,также как луна претягивать землю при этом вызывая прилибы таким личный путь воздействует на галактику стрельца,0.4737,0.1053,9.9,19
соотношение сторон этого формата поделенное на двенадцать чтобы получить соотношение с небольшими целыми числами поэтому принято за 32,с отношения сторон этого формата поделенная на 12 чтобы получить с отношения с небольшими целыми числами поэтому принято за 32,0.3333,0.1194,10.38,18
можно только гадать что станет с клавиатурой с появлением более новых технологий,можно только когда что станет склеветурой с появлением более новых технологий,0.25,0.1125,6.18,12
среди большинства граждан и народов в 1920е годы преобладали такие настроения как пацифизм и изоляция,среди большинства граждан и народов 1920 и годы приобладали такие настроения как пацифизм и изоляция,0.2,0.0495,10.56,15
блоги также могут улучшить навыки письма у учащихся хотя учащиеся часто начинают свой блог используя неряшливую грамматику и орфографию это как правило меняется изза присутствия аудитории,блоги также могут лучше на ваке письма учащихся хотя учащиеся часто начинают свой блок используя нерашливую громадику и эрфографию это как правило меняется изза предсустве аудитории,0.3462,0.107,13.68,26
растения выглядят лучше всего в своей естественной среде обитания поэтому не поддавайтесь искушению взять хотя бы один экземпляр,простения выглядят лучше всего в своей естественной среде обитания поэтому не поддавать и с искушению взять хотя бы один экземпляр,0.2222,0.0625,11.88,18
ионы водорода это протоны от которых отделены электроны атомы водорода состоят из одного протона и одного электрона,и он и водорода это протоны от которых отдельный электронный а там у водорода состоят из одного протона и одного электрона,0.4706,0.0957,10.32,17
если вы смотрели фильм сокровище нации то можете подумать что на оборотной стороне декларации независимости была изображена карта сокровищ,если вы смотрели фильм с окровище нации то можете подумать что наоборотность тронят ли к лорации независимости была изображена карты с окровища,0.5263,0.1232,11.28,19
на другом конце спектра человек превращается в неузнаваемого индивида которому кажется что он должен изменить всё что делала команда и присвоить это себе,на другом конца спектра человек превращается в неузнапая в моба индивида которому кажется что он должен изменить все что дело локоманда и пересвоить это себе,0.3478,0.098,15.0,23
можно только гадать что станет с клавиатурой с появлением более новых технологий,можно только гадать что станет с клавиатуры с появлением более новых технологий,0.0833,0.025,6.0,12
губернатор калифорнии арнольд шварценеггер подписал закон запрещающий продажу или прокат видеоигр с применением насилия несовершеннолетним лицам,губернатор калифорнии арнольевич в артоли санэгр подписал закон запрещающий продажу ли про кат видеоигр с применением насилия несвершеннолетним лицом,0.5625,0.1389,10.32,16
в больнице был соблюден протокол инфекционного контроля включая отдельное содержание пациента чтобы предотвратить возможное заражение других пациентов,в больнице был соблюден протокол инфекционного контролия включает отдельность отержания пациента чтобы предотвратить возможное заражение других пациентов,0.2353,0.06,9.66,17
находка также позволяет ознакомиться с эволюцией перьев у птиц,на ходках также позволяет изза накомниться с валюцией перевтубкиц,0.8889,0.2258,7.44,9
пещера располагается на вершине горы к северу от мекки и полностью изолирована от остального мира,пещера располагается на вершине горы к себе веротмейке и полностью залирован на достойного мира,0.4,0.1753,6.48,15
сейчас люди пишут сообщения на экранах компьютеров и им никогда не приходится иметь дело с точилкой,сейчас люди пишут сообщения на экранах компьютеров и никогда не приходится иметь дело с течилкой,0.125,0.0404,9.12,16
на прошлой недели министерство экономики труда и промышленности объявило что apple проинформировала его о 34 дополнительных случаях перегрева которые компания назвала несерьёзными,на прошлой неделе минисерства экономики труда и промышленности объявила что apple проинформировала его от 34 дополнительных случаях перегрева которые компания называла несередными,0.2727,0.0503,13.2,22
интернет сочетает в себе элементы как массовых так и межличностных коммуникаций,интернет сочетает в себе элементы как массовых так и межелично сных коммуникаций,0.1818,0.038,9.0,11
во время войны за независимость сша тринадцать штатов в соответствии со статьями конфедерации впервые сформировали слабое центральное правительство единственным органом которого был конгресс,во время войны за независимость сша 13 штатов в соответствии со статями конфидерации впервые сформировали слабое центральное правительство единственным органом которого был конгресс,0.1304,0.0632,14.76,23
наличие настоящей невидимой команды ларсон и лафасто 1989 г с 109 также является уникальным компонентом виртуальной команды,наличие настоящие невидимые команды ларсон и лофаста 1989 год с1999 также является уникальным компонентом виртуальной команды,0.3529,0.0894,12.24,17
однако эти планы стали неактуальны практически за ночь когда около 800 000 солдат из советской красной армии образовали белорусский и украинский фронты после захвата восточных регионов польши в нарушение рижского мирного соглашения советскопольского пакта о ненападении и других международных соглашений двусторонних и многосторонних,однако эти планы стали неактуальной практически заночи когда около 8000 солдаты советской красной армии образовали белорусские украинские фронты после захвата восточных регионов польша в норшение рышского мирного соглашения советская полистского пакта они на падении и других международных соглашений двух сторонних и многостроонних,0.4884,0.0991,23.16,43
дети живущие на улицах возможно пережили тяжёлые формы насилия или травмирования до того как убежать или быть брошенными,дети живущей на улицах возможны пережилить жёлый формы насилия или травмирования до того как убежать или быть брошеными,0.2778,0.0667,10.44,18
не видно ничего кроме чистого прекрасного неба над головой и множества окружающих гор из глубины пещеры можно видеть и слышать лишь очень малую часть этого мира,неверное ничего кроме чистого прекрасного неба над головой и множество окружающих кор из глубины пещира можно видеть и слышать лишь очень малую часть этого мира,0.1923,0.05,12.84,26
исследования которые проводились в двадцатом веке показали что существует два вида генетической вариативности скрытая и выраженная,следованию которые проводились 20 веки показали что существует два вида генетического вариативности скрытая и выраженные,0.375,0.1462,11.22,16
среди других номинаций лучшая картина режиссёр операторская работа дизайн костюмов монтаж фильма оригинальная музыка художникпостановщик звуковой монтаж звук и оригинальный сценарий,среди других номинаций лучшая картина режиссёр аккуратарская работа дизайнкостоемов монтаж в фильмах оригинальная музыка художник постановщик звуковой монтаж звук и оригинальный сценарий,0.3333,0.0663,19.8,21
кроме того он занимался гравюрным оттиском банкнот для многих стран недавние примеры его работ портреты премьерминистра на лицевой стороне новых банкнот канады номиналом 5 и 100 долларов,кроме того он занимался гравирным отиском банкнут для многих стран недавние примеры его работ портреты примерами не странно лицевой стороне новую банкнут канаде номиналом 5 и 100 долларов,0.3333,0.0806,15.36,27
подобные площадки которые посетило большое количество людей были организованы во многих других городах италии и в остальном мире в частности в польше,подобные площадки которые постелы большую о количестве людей были организованы во многих другие города и талии и в остальном мире в частности в пользе,0.4091,0.0805,8.76,22
растения питаются от солнца при помощи фотосинтеза кроме того они отбрасывают тень,растение питаются от солнца при помощи фотосиндуса кроме того они отбрасывают тень,0.1667,0.0488,9.3,12
через два года после окончания войны бывшие союзники стали врагами и началась холодная война,сейчас 2 года после окончания войны бывшей союзники стали врагами и началась холодная война,0.2143,0.1087,8.04,14
гренландия была слабо заселена в скандинавских сагах повествуется о том что эрика рыжего изгнали из исландии за убийство и продвигаясь дальше на запад он открыл гренландию и дал ей название,грин ландия была слаба заселеная с канинавских сагах появится о том что эрикорюжева из гнали и засландии за убийство и продвигаясь дальше на западу на открыл грин ландию долгие названия,0.6333,0.1799,14.34,30
бишкек был описан одним обозревателем как погружающийся в состояние анархии поскольку группы людей бегали по улицам и грабили магазины с потребительскими товарами,бешкик был описан одним обозревателем как погружающейся в состоянии онархии поскольку группы людей бегали по улицам уграбили магазины с потребительскими товарами,0.2727,0.0432,13.32,22
канцелярия губернатора сообщила что 19 из раненных были офицерами полиции,концеляя губернатора сообщила что 19 страненых пылья официэром и полиции,0.5,0.1918,6.72,10
архипелаг располагается в 120 километрах от полуострова крупнейшим остров носит имя короля георга с поселением вильяласэстрельяс,архипилак располагается в 120 км от полу острова крупнейший остров носит имя короля георга спаселением виле ласстрельец,0.5,0.1484,10.8,16
путешественникам настоятельно рекомендуется принимать во внимание любые риски связанные с суровой погодой в их районе поскольку они могут повлиять на любые планы поездки,путешественникам настоятельно рекомендуют сопринимать во внимание любые риски связанные с суровой погода в их районе поскольку они могут повлиять на любые планы поездки,0.1304,0.0355,11.64,23
использование видеозаписи привело к важным открытиям в сфере интерпретации микровыражений движений лица длительностью несколько миллисекунд,использование видеозаписи привело к важным открытиям к сфере интерпретации микроворажений довижение лица длительностью несколько милли секунд,0.3333,0.036,13.92,15
обратный поток сосредоточен в нескольких более глубоких участках где может образовываться быстрое течение уходящее на большую глубину изза подобной подводной топологии,обратный поток со средоточенном несколько более глубоких участках где может образовываться бы строить чения уходящая на большую глубину и за подобной подводной топологии,0.4286,0.0898,15.36,21
комиссия стала ответом мартелли на массовые протесты против государственного режима начавшиеся в октябре,комиссия стала ответом мартелья на массовой протесты против государственной нарежима на чавшиеся в октябре,0.4615,0.0865,8.4,13
козы повидимому впервые были одомашнены около 10 000 лет назад в иранских горах загрос,козы повидимому первые были домашины около 10 тысяч лет назад в ранских горах за грасс,0.4286,0.1512,10.32,14
развлекательноновостной сайт tmz полагает что фотограф остановил свой автомобиль на противоположной стороне бульвара сепульведа и попытался сделать снимки остановки полицейскими перед тем как перейти дорогу и продолжить полицейский калифорнийского дорожного патруля остановивший движение дважды был вынужден приказать ему перейти обратно,разоблекательно на васной сайт tmz полагает что фотограф остановил свой автомобиль на противоположной стороне бульвара сепуливеда и попытался сделать снимки остановки полицейскими перед тем как перейти дорогу и продолжить в полицейский королепор низкого дорожного потруля остановившель движения два житы был вынужден приказать ему перейти обратно,0.3,0.0772,29.28,40
каждый является членом общества и использует транспортные системы практически каждый жалуется на эти систем,каждый является тщеленом общества и использует транспортные системы практически каждый жалуется на эти системы,0.1429,0.0374,9.72,14
сейчас люди пишут сообщения на экранах компьютеров и им никогда не приходится иметь дело с точилкой,сейчас люди пишут сообщения на экранах компьютеров и мы иногда не приходилось иметь дело сочелкой,0.3125,0.101,11.76,16
если вы пересекаете северную часть балтийского моря зимой узнайте насчёт расположения каюты так как прохождение по льду приводит к довольно жуткому шуму который может мешать спать наиболее чувствительным людям,если вы пересекаете северную часть болтийского моря зимой узнать и насчет расположение окоюты так как прохождение пальду приводит к довольно шутком шуму который может мешать спать наиболее чувствительным людям,0.3103,0.0622,14.46,29
растения производят кислород которым дышит человек и поглощают углекислый газ который человек выдыхает,рассения производят кислород которым дышат человек и поглощают углекислый газ который человек выдыхает,0.1538,0.0196,8.52,13
древние культуры и племена начали оставлять их себе чтобы иметь под рукой молоко шерсть мясо и шкуру,древние культуры и племена начали оставлять их себе чтобы иметь под рукой молоко шерц мясо и шкур,0.1176,0.04,12.0,17
как правило могут проявляться два типа поведения когда менеджеры начинают руководить людьми ранее равными им по статусу одна крайность спектра это попытка оставаться своим парнем или девушкой,как правило могут появляться два типа поведения когда майнжер начинают руководить людьми ранее равном и импостатусу однако раяность пектора это попытка оставаться своим барнем или девушкой,0.3704,0.089,15.36,27
эйнджел 2006 г объясняет подход континуум как метод используемый для помощи организациям в достижении более высокого уровня эффективности,эйнджел 2016 года объясняет подход к антинум как метод используемы для помощи организации а им достижения более высокого уровня эффективности,0.5,0.1022,11.46,18
он уэльс по сути лгал нам с самого начала вопервых действуя так как будто это нужно было сделать по юридическим причинам вовторых делая вид что слушает нас вплоть до своего удаления изображений,он вельс по сути алгал нам самована начала вопервых здесь вот так как будто это нужно было сделать по юридическим причинам вовторых дело обид что слушает нас плодо своего удаления за бражений,0.375,0.1347,14.52,32
европа относительно маленький континент но на нём много независимых государств в обычных обстоятельствах путешествие через множество стран означало бы необходимость подачи прошений для получения визы и многократного прохождения паспортного контроля,европа относительно маленький континент но на нем много независимых государств в обычных обстоятельствах путешествий через множество стран означало бы необходимость подачи прошедней для получения визы и много кратного прохождения паспортного контроля,0.1667,0.0202,18.84,30
великая пирамида была возведена египтянами в третьем веке до нашей эры и является одним из множества больших пирамидальных сооружений построенных чтобы почтить память фараона,великая пирамида была возведена египтянами в третьем веке до нашей эры и является одним из множества больших пирамидальных сооружений построенных чтобы почти ть память форона,0.125,0.0172,15.24,24
не существует универсального определения того какие произведённые изделия являются антиквариатом некоторые налоговые органы определяют товары которым за 100 лет как антиквариат,не существует универсального определения того как и произведенные изделия кивляют с антикворятым некоторые налоговые органы обределяют товары которым за столет как антикворят,0.4762,0.108,11.28,21
принимая во внимание все вышесказанное не стоит удивляться тому что наши предки решили белковую проблему примерно так же как ее решают шимпанзе в саванне по сей день,принемая во внимание все вышасказанное не стоит удивляться тому что наши предки решили был ковую проблему примерно также как ее решающим панзе соввани по сей день,0.3704,0.0909,12.96,27
территория гонконга была названа в честь острова гонконг места которое многие туристы считают главным объектом своего внимания,церетуре ганконга была названа в честь острова ганконг место которые многие туристы считают главным объектом своего внимания,0.2941,0.0794,9.96,17
более традиционные церкви зачастую проводят пасхальное богослужение в субботу вечером во время пасхальных выходных при этом прихожане обычно начинают в полночь празднование воскресения христа,более традиционные церкви зачастую проводят пасхарленное обага служение в субботу вечером во время пасхарных выходных при этом прихожание обычно начинает в полночь по разному не воскресенье христа,0.4167,0.1047,14.76,24
все во вселенной состоит из материи вся материя состоит из мельчайших частиц называемых атомами,все василий на сосредоизматери все материя сосредоизмельчаешь их частиц называем их отами,0.8571,0.3263,8.1,14
их термические характеристики не такие стабильные как у больших пещер на земле которые часто поддерживают почти постоянную температуру но они соответствуют тому что является глубокими ямами в грунте сообщил глен кушинг из отдела планетной геологии геологической службы сша и университета северной аризоны расположенного во флагстаффе аризона,их термический характеристик и не такие стабильные как у больших пещерных земля которые часто поддерживают почти постоянную температуру но они соответствуют тому что является глубокими ямуми уронте сообщу к лен кушинга и задело панонетный геологический служб саша и университета севрной оризоны расположенного в афлак ставь оризона,0.5435,0.1349,24.18,46
группа aerosmith отменила оставшиеся концерты в своем турне,группа арсмит отменила оставшиеся концерты в своем турне,0.125,0.1525,7.5,8
за ночь было изготовлено 150200 копий теперь известных как листовки данлэпа,заноч была изготовлена 150200 копий теперь известных коклистовки данного,0.6364,0.1333,11.64,11
так как у перьев динозавров отсутствует хорошо развитый стержень называемый рахисом но все же имеются другие отличительные черты бородки и бородочки исследователи пришли к выводу что рахис скорее всего появился позднее путем эволюционного развития других отличительных черт,так как упереди на заворов осуствует хорошо раз в тесержи называемый рахисом но все же имеются другие отечительные черты бородки и бородочки и светово телепрешли к выводу что рахис скорее всего появился позднее путем в элитционного развития других отличительных черт,0.3514,0.1245,19.02,37
парижане слывут эгоцентричными грубыми и надменными,пряжание слывут эгоцентричными громами и надменными,0.3333,0.1176,4.68,6
помимо соревнований в среду карпендо принимал участие в двух индивидуальных соревнованиях на чемпионатах,помимо соревнований в среду карпенда принимал участие в двух индивидуалях соревнованиях начинпионадах,0.3077,0.0769,7.32,13
термин жук используется энтомологами формально для обозначения группы насекомых,цермент жук используется нтмлогами фармане для обозначения группы на секомбах,0.5556,0.1646,6.48,9
не подвергайте ткань воздействию слишком высокой температуры что может привести к усадке или в очень редких случаях к ожогу,не подвергайте так они бы здесь если шком высоко температуры что может привести кусок или очень редкий случай кажу,0.7368,0.2276,10.2,19
падение произошло в высокогорье и как полагают стало результатом вражеского огня,подиня произошло высоко горем и как полагают стало результатом прожеского огня,0.3636,0.1375,9.66,11
сам автомобиль убрали с места происшествия в тот же день примерно в 1200 по гринвичу,сам автомобиль убрали сместо происшествия в тот же день примерно в 12 ноль ноль погринвичу,0.4,0.1429,10.32,15
в 1960х гг бжезинский занимал должность советника при джоне ф кеннеди затем в администрации линдона б джонсона,в 1960х годах пжизинский занимал дожный советника приджоний фкнд в затем в администрации линдана бджонсона,0.5882,0.2,12.0,17
наиболее доступными растительными ресурсами были бы белки находящиеся в листьях и бобовых но они плохо усваиваются такими приматами как мы если их не готовить,наиболее доступны боростители ресурсами были бы белки находящейся в листях и бабовых но они плохо усваиваются такими приматами как мы если их не готовить,0.2083,0.0759,10.92,24
он находился под управлением вишистских французов эти французы заключили мир с немцами в 1940 году и работали вместе с захватчиками вместо того чтобы им противостоять,он находился под управления вишицских французов эти французы заключили мир с немцами в 1940 году и работали вместе с захватчиками вместо того чтобы им противостоять,0.08,0.0241,17.4,25
к региональным и сезонным опасным явлениям погоды относятся метели снежные бури ледяные и пыльные бури,крепенными сезонами опасным явлением погоды относится метели с нежной бурой ледяные и пыльные буры,0.6667,0.1863,9.72,15
с 1966 года сундарбан является заповедником дикой природы и по имеющимся подсчётам на его территории в настоящее время обитают 400 бенгальских тигров и около 30 000 пятнистых оленей,с 166 года сундарбан является заповедником декоприрода и по имеющимся почетам на его территории в настоящее время обитают 4 бенгальских цигров и около 30 тысяч пить нестых олений,0.3571,0.116,15.72,28
сплавы по существу представляют собой смесь двух или более металлов не забывайте что в периодической таблице много элементов,с плава по существу представляют собой смесь двух или более металлов не забывайте что в периодической таблицы много элементов,0.1667,0.0242,8.58,18
в течение этого периода европейской истории католическая церковь ставшая богатой и сильной оказалась объектом пристального внимания,в течение этого периода и в аропейские истории католическая царков ставшая богатый сильный оказалась объектом пристального внимания,0.4375,0.0916,12.0,16
конгресс начал финансировать инициативу по борьбе с развратом в 2005 налоговом году и определил что фбр должно выделить 10 агентов на борьбу со взрослой порнографией,конгрес начал финансировать и не цаативу по борьбе с развратом в 2005м налоговом году и определил что фбр должно вытелить 10 агентов на борьбу со взрослой паронографией,0.28,0.0545,11.16,25
по мере того как знание греческого языка ухудшалось запад оказался отрезанным от своих философских и научных греческих корней,по мере того как знания гречского языка ухучалась запад оказалась отрезанным от своих философских научных гречских корней,0.3333,0.08,10.32,18
если вы сходите на берег только в порядке экскурсии на корабле вам не понадобится отдельная виза с 2009,если вы сходите на берег только в порядке экскурсии на корабле вам не понадобится отдельная виза за 109,0.1111,0.0388,8.7,18
термин сафари в повседневном использовании означает наземную поездку с целью посмотреть поразительную дикую природу африки особенно в саванне,термен сафаре в посидневном использовании означает на земную поездку союлю посмотреть паразительную дикую природу африке особенно в соване,0.5556,0.0922,13.2,18
изучение движения отдельных водителей и автомобилей между двумя точками и их взаимодействие друг с другом осуществляется в рамках исследования транспортных потоков,изучения движения отдельных водителей и автомобилей между двумя отточками и к зеймодействию друг с другом осуществляется в рамках исследований отраспортных потоков,0.2857,0.0736,11.4,21
на удалённых островах кредитные карты возможно не будут приниматься хотя британскую и американскую валюту могут принять заранее проясните с владельцами какой способ оплаты является приемлемым,на удаленых островах кредитные карты возможно не будут приниматься хотя британскую американскую валют могут принять заранее произнитесь в лодельцами какой способ оплат является приемлемым,0.28,0.0628,14.7,25
поскольку световое загрязнение в период их расцвета не было такой проблемой как сегодня они обычно расположены в городах или в кампусах до которых легче добраться чем до тех которые построены в наше время,поскольку с витовой загрязнение вперед их рассветы не было такое проблемы как сегодня они обычно расположены в городах или в кампусах до которых лихче добраться чем дать их которые построены в нашу время,0.3333,0.0931,12.9,33
таким образом карандаш стал хорошим другом для многих людей когда появился,таким образом карандаж стал хорошим другом для многих людей когда появился,0.0909,0.0135,5.76,11
во время сравнения при помощи инфракрасной фурьеспектроскопии выяснилось что состав этих кристаллов соответствует кристаллам найденным в моче поражённых домашних животных,во время сравнения при помощи инфра辛ной фургес спектра с копией выяснилось что состав этих ресталов соответствует кристаллам найденым в мачи пораженных домашних животных,0.45,0.1118,11.7,20
поверхность луны состоит из камней и пыли внешний слой луны называется корой,поверхность лоны состоит из камней и пыли внешней слою лоны называется корой,0.3333,0.0526,7.5,12
25 листовок данлэпа известные на настоящее время являются старейшими выжившими копиями документа оригинальная рукописная копия не дошла до нас,25 ст дамлы по известные на настоящие время являются старейшими выжившими копиями документа оригинальная рука песная копия не дошла до нас,0.3158,0.0986,16.92,19
европа относительно маленький континент но на нём много независимых государств в обычных обстоятельствах путешествие через множество стран означало бы необходимость подачи прошений для получения визы и многократного прохождения паспортного контроля,европа относительно маленьких континент но на нем много независимо государств в обычных обстоятельствах путешествия через множество стран а сначала бы необходимость подача прошедней для получения визы и многократного прохождения паспортного контроля,0.2667,0.0484,17.58,30
шестеро заложников включая детей и пожилых людей освободили раньше как и филиппинских фотографов,шастер из ложников включать детей пожилых людей освободить гаранша как и филипинских водоброфов,0.6923,0.1979,9.24,13
он находился под управлением вишистских французов эти французы заключили мир с немцами в 1940 году и работали вместе с захватчиками вместо того чтобы им противостоять,он находился под управлением вишистских французов эти французы заключили мир с немцами в 199040 году и работали вместе с захвачиками вместо того чтобы им противостоять,0.08,0.0181,13.32,25
итальянский язык также является повседневным языком для большинства людей работающих в государстве в то время как латынь зачастую используется в религиозных церемониях,итальянский язык также является посидневным вентзаком для большинства людей а работающего государства в то время как латы зачастую используется в религиозных церемониях,0.2727,0.0958,11.94,22
хотя никто не знает наверняка кто его написал известно что в начале своего существования этот большой пергаментный документ размером 29¾ на 24½ дюйма был свёрнут для более удобного хранения,хотя никто не знал на верненько кто его написал известна что в начале своего существования этот большой пергамент на ида коммен размера 29 34 на 24 1 2 1 2 1 был свернут для более удобного хранения,0.6207,0.1693,20.82,29
эйнджел 2006 г объясняет подход континуум как метод используемый для помощи организациям в достижении более высокого уровня эффективности,эйнджел ты что годы объясняют подход к антинам как метод используемы для помощи организации достижения более высокого уровня эффективности,0.5556,0.146,8.58,18
находка также позволяет ознакомиться с эволюцией перьев у птиц,на ход также позволяет ознакомиться с соеволюцией переефубтит,0.6667,0.1935,6.0,9
правила отмены заказов могут отличаться но по состоянию на конец марта большая часть правил связанных с коронавирусом не распространяется на июль 2020 года когда были запланированы олимпийские игры,правила отменную заказов могут отличаться но по состоянию наконец марта больше часть правил связанных с коронавирусом я распространяется наюль 2020 года когда были запланированы олипийские игры,0.2857,0.0558,17.34,28
во время сравнения при помощи инфракрасной фурьеспектроскопии выяснилось что состав этих кристаллов соответствует кристаллам найденным в моче поражённых домашних животных,во время сравнения при помощи инфраакрасной фуре спектроскопии выяснилось что состав эти крестала соответствует кресталом на одином в мача пораженных домашних животных,0.5,0.1118,12.24,20
изучение движения отдельных водителей и автомобилей между двумя точками и их взаимодействие друг с другом осуществляется в рамках исследования транспортных потоков,изучения движения оденних водителей и автомобилей между двумя точками и их взаматист ведруг с другом осчастляется в рамках исследования транспортных потоков,0.2381,0.1043,10.56,21
аналогично мужчины должны носить брюки которые бы закрывали колени,аналогично мужчина должны носить брюки которые бы закрывали колени,0.1111,0.0152,5.76,9
как и во всех южноафриканских национальных парках в этом парке существует ежедневная плата за его охрану и посещение,как и во всех южновриканских национальных парках в этом парке существует и жидивное плата за его охрану и посещение,0.1667,0.0776,8.94,18
вопервых большинство наездников носят сапоги для верховой езды с каблуком имеющие гладкую и довольно тонкую подошву,вопервых большинство наъездников носятся погидливых овоезда из каблуком имеющий кладку и довольно тонкую подушку,0.625,0.1739,8.16,16
федерация гимнастики сша и олимпийский комитет сша имеют одинаковую цель сделать гимнастику и другие виды спорта настолько безопасными для спортсменов насколько это возможно чтобы они могли стремиться к своим целям в безопасной позитивной среде и были наделены всеми правами,федерация гемнастике сша и олимпийские комития сша имеют одинаковую цель сделать гемнастику и другие виды спорта настолько безопасными диспортами насколько это возможно чтобы они могли стремиться к своим цельям безопасной посетивной среди и были наделены всеми правами,0.2564,0.073,22.92,39
если вы сходите на берег только в порядке экскурсии на корабле вам не понадобится отдельная виза с 2009,если вы сходите на берег только в порядке к скорости на корабле вам не понадобится отдельная риза с 2009,0.1667,0.0583,8.34,18
путешественникам настоятельно рекомендуется принимать во внимание любые риски связанные с суровой погодой в их районе поскольку они могут повлиять на любые планы поездки,путешественникам настоять на рекомендуется принимать во внимание любые рейские связанные с ровой погоды в храйоне поскольку они могут повлиять на любые планы поездки,0.3043,0.0769,12.12,23
ученые смогли сделать вывод что темная материя воздействует на другую темную материю так же как и в случае с обычной материей,ученые смогли сделать вывод что темные материалы здесь на другую темные материалы так же как и в случае с обычной материей,0.2381,0.136,10.5,21
конечно же эта традиция имеет христианское теологическое объяснение но это вполне может быть и дохристианский ритуал весны и плодородия,конечно же этот родится имеет христианскоцелогическое объяснение но это вполне может быть и дух христианский ритуал весной и плодородия,0.3684,0.1111,9.12,19
она тоньше под лунными морями и толще под нагорьями,а на той же подлумами морями и толще под огурями,0.6667,0.2549,6.72,9
простым и популярным блюдом на обед особенно в летнее время является паамболи хлеб с оливковым маслом помидорами и любой имеющейся начинкой такой как сыр тунец и т д,просты мы популярным блюдом на обед особенно влетнее время является по амболе хлеб соливковым маслом помидорами и любой имеющийся начинкой такой как сыр тунец и так далее,0.3929,0.0909,17.7,28
мы строим наши дома и изготавливаем одежду из растений большая часть нашей пищи это растения без растений животные не смогли бы выжить,мы строим наш и дома и изготовлено одежду из растений большая часть нашей пищи это растение без растений животные не смогли бы выжить,0.1818,0.0597,10.92,22
к региональным и сезонным опасным явлениям погоды относятся метели снежные бури ледяные и пыльные бури,к региональном и сезонном опасном явлением погода но и сметели снижной бурой ледяной и пыльной бурой,0.8667,0.2255,8.52,15
федерация гимнастики сша поддерживает письмо олимпийского комитета сша и соглашается с абсолютной необходимостью создания безопасной среды для всех наших спортсменов,федерация о гемнастике сша поддерживает письмо писького комитета сша и соглашаетесь абсолютно неподимостое все здания безопасности среди для всех наших спортсменов,0.5,0.1636,9.72,20
он назвал эти слухи политической болтовнёй и глупостью,он назвал эти слухи политической болтовной и глупостью,0.125,0.0185,5.82,8
выкладывание экскурсии в виртуальное пространство для всеобщего обозрения это также отличный способ освежить в памяти экскурсию и поделиться своим полученными знаниями с будущими классами,выкладывание экскурсии виртуальная пространство для всеобщего обозрения это также отличный способ освежить в памяти экскурсию и поделиться своим полученными знаниями с будущими глазами,0.125,0.0374,17.04,24
53летний куомо начал свою деятельность на посту губернатора в начале этого года и подписал законопроект о легализации однополых браков в прошлом месяце,пятититититрохлетнику ома начал свою деятельность на посту губернаторов начали этого года и подписал законопроект о легализации однополых браков прошлом месяца,0.3182,0.1589,16.8,22
заявление было сделано после того как трамп провел телефонный разговор с президентом турции реджепом тайипом эрдоганом,заявление было сделано после того как трамп провёл телефон и разговор с президентом турции реджепом тейпом рдаганом,0.3125,0.0678,8.94,16
наличие настоящей невидимой команды ларсон и лафасто 1989 г с 109 также является уникальным компонентом виртуальной команды,наличан настоящий невидимой команды ларсун и лафаста 1889 год в странице 199 также является уникальным компонентом виртуальной команды,0.5294,0.1463,13.56,17
круизы в санктпетербург включают прогулки по городу пассажиры круизов освобождены от визовых требований уточните условия,круизы в санктпетербург включают прогулки по городу посажир круизов освобождены от визовых требований уточники условия,0.1333,0.0417,9.9,15
заявление было сделано после того как трамп провел телефонный разговор с президентом турции реджепом тайипом эрдоганом,заявление было сделано после того как трамп провёл телефон разговор с президентом турции и раджепом таипом рдаганом,0.375,0.0847,8.46,16
пещера располагается на вершине горы к северу от мекки и полностью изолирована от остального мира,ищера располагается на вершине корык северотмейки и полностью зелированно от остального мира,0.4667,0.1237,8.88,15
высота подмостового габарита составляет 15 метров строительство было завершено в августе 2011 года его не открывали для движения до марта 2017 года,высота под мостого оборит составляет 15 метров стретьте ствол было завершено ваусти 1100 года его не открывали для движения до марта 2017 года,0.3636,0.1429,14.04,22
проведенная работа была в основном теоретической но программа была написана для имитации наблюдений галактики в стрельце,равиденная работа была в основном теоретической на программе была написана демитации наблюдений галактики в стрельсах,0.375,0.1,9.72,16
данный город сильно отличается от других городов страны так как в нем преобладает арабский колорит а не африканский,данный город сильно отличается в других городов страны так как у нём прибладает арабский каларит аня фриканский,0.4444,0.0957,8.64,18
обычные объявления в метро делаются только на каталонском языке но незапланированные перебои объявляются автоматизированной системой на самых разных языках включая испанский английский французский арабский и японский,обычно объявления в метро делаются только на католонском языке но не запланированный перебоя объявляются автоматизированной системы на самых разных языках включая испанский английский французский арабский и японский,0.2308,0.037,15.18,26
предупреждений о цунами не было и согласно сообщению от джакартского геофизического агентства не будет так как магнитуда землетрясения не достигла 65 балла,придупреждение от с нами не было и согласно сообщению от жикарского геофизического агентства не будет так как могдетут зимых трясения не из сыгла шести с половиной балла,0.5909,0.2516,13.14,22
во время войны за независимость сша тринадцать штатов в соответствии со статьями конфедерации впервые сформировали слабое центральное правительство единственным органом которого был конгресс,вовремя войны за независимо сша 13 штатов соответствиями комфедерации в первые изформировали слабое центральное правительство единственным органом которого был конгресс,0.4783,0.1579,14.52,23
53летний куомо начал свою деятельность на посту губернатора в начале этого года и подписал законопроект о легализации однополых браков в прошлом месяце,пятидесятитрохлетний уома начался в детельность на посту гиберанатера в начале этого года и подписался конопроект а лигализации однополых браков прошла месяца,0.5909,0.2252,15.78,22
ионы водорода это протоны от которых отделены электроны атомы водорода состоят из одного протона и одного электрона,и он и водорода это протонья от которых отдельные электроны атомы водороды состоят из одного протона и одного электрона,0.3529,0.0696,9.18,17
карри это блюдо на основе трав и специй в сочетании с мясом или овощами,карри это блюдо на основе трав и спецы сочетаний с мясом или овощами,0.2143,0.0704,6.42,14
твердо отказывайте мужчинам и не бойтесь стоять на своем такое недопустимо вне зависимости от культурных различий,твердо отказывайте мужчинам и не бойтесь стоять на своем такой недопустим вне зависимости от культурных различий,0.125,0.0177,8.76,16
поверхность луны состоит из камней и пыли внешний слой луны называется корой,поверхность лумы состоит из ко мне и пыли вершний слой вам и называется корой,0.5,0.1447,5.88,12
в докладе содержится резкая критика почти каждого аспекта нынешней политики исполнительной власти в отношении ирака и настоятельный призыв к незамедлительной смене курса,в докладе содержится разная критика почти каждого аспекта ненавишней политики исполнительной власти в отношении рак и настаятельной призыв к незаметительной сменникурса,0.3182,0.0828,11.46,22
кроме того между правлениями каждой династии царила раздробленность и нестабильность самой известной была эпоха троецарствия которая длилась 60 лет во время династий хань и цзинь,в кроме того между провлением и каждой тинастии царилы расстроупенность и не стабильность самый известный была эпоха трейдсарства которая длилась 60 лет во время тинастии хань и цын,0.52,0.1461,12.84,25
так как у перьев динозавров отсутствует хорошо развитый стержень называемый рахисом но все же имеются другие отличительные черты бородки и бородочки исследователи пришли к выводу что рахис скорее всего появился позднее путем эволюционного развития других отличительных черт,так как уперевдена заров отсутствует хорошо развитый стержень называемые рахисом но все же имеются другие отличительные черты бородки и бородочки и следователи пришли к выводу что рахис скорее всего появился позднее путё и валюционного развития других отличительных черт,0.2432,0.0513,24.36,37
с другой стороны погодные условия со снегом и льдом являются нормальными во многих странах и дорожное движение продолжается круглый год почти без перерывов,с другой стороны погодные условия со снегом и дом является нормальными в многих странах и дорожное движение продолжается круглый год подчти без перелёв,0.2174,0.0581,10.74,23
использование кораблей для транспортировки товаров является безусловно самым эффективным способом перевозки большого количества людей и грузов через океаны,использование кораблей для транспортировки товаров является безусловно самым эффективным способом перевозки большого количества людей и грузов через ээн,0.0556,0.0323,11.88,18
не существует универсального определения того какие произведённые изделия являются антиквариатом некоторые налоговые органы определяют товары которым за 100 лет как антиквариат,не существует универсального определения того какие произведенные изделия являются антиквариата некоторые налоговые органы определяют товары которым за столет как антиквариат,0.1905,0.0398,13.08,21
автобусы отправляются с межрайонной автостанции за рекой в течение всего дня хотя большая часть особенно направляющиеся на восток и в джакарбумтанг отбывают с 0630 до 0730,а в тобус отправляются между районных астостанций за рекой в течение сегодня я хотя большая часть особенно направляющейся на восток и в джекар бум танге отбывает 63ти до 730 утра,0.6154,0.1988,18.06,26
соотношение сторон этого формата поделенное на двенадцать чтобы получить соотношение с небольшими целыми числами поэтому принято за 32,сад на шенье сторон этого формата поделенная на 12 чтобы получить сад на шенье с небольшими целыми числами поэтому принято за 3 к двум,0.6111,0.2313,10.74,18
15 августа 1940 года союзники вторглись в южную часть франции вторжение получило название операция драгун,15 августа 1940 года союзники в торгле с южной часть франции вторжение получила название операция дравун,0.4,0.0857,13.08,15
поздно вечером в воскресенье президент сша дональд трамп через пресссекретаря заявил что войска сша покинут сирию,познавечером воскресенье президент сша дональт рамп через пресс секретаря заявил что вы сказали шапы кинутирую,0.6875,0.1858,9.9,16
таким образом вполне вероятно что запись была добавлена просто как пометка,таким образом вполне вероятны что запись было добавлено просто как пометка,0.2727,0.0405,5.64,11
он не назвал цифру для сокращений бюджетов сказав что они будут сделаны исходя из производительности экономики китая,он не назвал цифру для сокращения бюджетов сказал что они будут сделаны исходясь производительности экономики,0.2941,0.0948,9.06,17
это место которое британские колонизаторы забрали себе и если вы ищете доказательства колониального прошлого территории то это хорошее место для начала,это место которая при танске и колонизатор изобралился бед если вы ищете только зайти сток колоннялого прошлого территории то это хорошая место для начала,0.5714,0.2119,12.96,21
их термические характеристики не такие стабильные как у больших пещер на земле которые часто поддерживают почти постоянную температуру но они соответствуют тому что является глубокими ямами в грунте сообщил глен кушинг из отдела планетной геологии геологической службы сша и университета северной аризоны расположенного во флагстаффе аризона,их термические характеристики не такие стабильные как у больших пещер на земле которые часто поддерживают почти постоянную температуру но они соответствуют тому что гевляется глубокими ямами в грунте сообщил глянкушинг из отдела планетной геологической службы сша и университета северной резонор с положного в афлакстофеорезона,0.1957,0.085,25.5,46
серия asus eee pc ранее представленная во всём мире с ориентацией на такие факторы как экономия средств и функциональность стала горячей темой во время месяца информационных технологий в тайбэе в 2007 году,серия асус и pc рани представлены о всеми ресурентации на такие факторы как экономия средств и функциональной стола горячей тема во время месяца информационных технологий в тайбе в 2007 году,0.4062,0.1463,18.06,32
среди других номинаций лучшая картина режиссёр операторская работа дизайн костюмов монтаж фильма оригинальная музыка художникпостановщик звуковой монтаж звук и оригинальный сценарий,среди других номинаций лучшее картии на режиссёр операторская работа дизайнкостюмов монтаж фильма оригинальная музыка художник постановщик звуковой монтаж звук и оригинальной сценарии,0.4286,0.0442,18.48,21
очевидно что если владеешь языком романский подгруппы тебе будет проще выучить португальский,очевидно что если ладежь изза комрамммммммммммммммммммммммммммммммммммммммммммммммммммммммммммммммммммммммммммммммммммммммммммммммммммммммммммммммммммммммммммммммммммммммммммммммммммммммммммммммммммммммммммммммммммммммммммммммммммммммммммммммммммммммммммммммммммммммммммммммммммммммммммммммммммммммммммммммммммммммммммммммммммммммммммммммммммммммммммммммммммммммммммммммммммммммммммммммммммммммммммммммммммммммммммммммммммммммммммммммммммммммммммммммммммммммммммммм,0.75,4.7609,6.66,12
почти все более мелкие острова являются независимыми государствами или ассоциированы с францией и известны как шикарные пляжные курорты,подчасти все более мелкие острова и является независимыми госадарствами или ассоциированной сфранции и известны как шокарной пляжной курорты,0.5,0.1333,10.08,18
с другой стороны погодные условия со снегом и льдом являются нормальными во многих странах и дорожное движение продолжается круглый год почти без перерывов,с другой стороны погодные условия с снегом ильдом является нормальными в многих странах и дорожное движение продолжается круглый год почти безпередивов,0.3043,0.0452,10.56,23
шестеро заложников включая детей и пожилых людей освободили раньше как и филиппинских фотографов,шастие разоложников включая детей и пожилых людей освободили раньше как и филиппинских фотографов,0.1538,0.0625,7.92,13
он однако не является единственным научные исследования также руководствуются экспериментированием эксперимент это проверка используемая чтобы исключить одну или более возможных гипотез задаванием вопросов и проведением наблюдений,он однако не является единственным научные исследования также руководствуются экспериментирования эксперимент это проверка используемая чтобы исключить одну или более возможных епотис задаванием вопросов и проведениям наблюдений,0.1154,0.0304,22.08,26
растения питаются от солнца при помощи фотосинтеза кроме того они отбрасывают тень,растение питаются от солнца при помощи фотосинтеза кроме того они отбрасывают тень,0.0833,0.0122,7.26,12
в них обычно предлагается особая еда напитки и развлечения чтобы гости оставались в хорошем настроении и не покидали заведения,в них обычно предлагается особое еда на питке и развлечение чтобы гостя оставались в хорошем настроении и не покидали заведения,0.2632,0.0476,9.48,19
неблагоприятные метеоусловия это общий термин для обозначения любого опасного явления погоды способного причинить какойлибо ущерб вызвать серьёзные социальные потрясения или привести к человеческим жертвам,неблагоприятные метеусловия это общий термин для возначения любого пасного юления погоды способного причинить как олибо ущерб вызвать серьезные социальные батристения или привести к человеческим жертвам,0.3333,0.0634,13.2,24
бухта была местом печально известного военноморского противостояния в 1889 году когда семь кораблей из германии сша и британии отказались покидать бухту,бухта была местом печальная известного военном арскула противостояния в 1889 году тогда семь кораблей из германии сша и британии отказались покидать бухту,0.1905,0.0526,16.8,21
автобус scotturb 403 совершает регулярные рейсы в синтру и делает остановку на мысе рока,а в то бус с кот торп 433 совершает регулярное рисы в синдро и делает остановку на мусорока,0.9286,0.25,11.76,14
почти все эти пляжи песчаные с безопасным купанием и многие из них тенистые благодаря таким деревьям как похутукава,подшти все эти пляжи печаны из безопасного купания и многие из них тенисты было говорят о кем деревям как по ходу каоба,0.7778,0.2435,8.88,18
так же как луна притягивает землю при этом вызывая приливы так и млечный путь воздействует на галактику в стрельце,также как луна претягивает землю при этом вызвая приливы таким личной путь воздействует на лактику в стрельце,0.4211,0.0877,9.84,19
оно гласит что лучше всего помещать главный объект на пересечении линий делящих изображение на три части по вертикали и по горизонтали см пример,он углассит что лучше всего помещать главный объект на пересечении линий длящих изображения на тучасти повертикали и погрязан стали смотреть пример,0.4783,0.1458,13.08,23
население ватикана составляет около 800 человек это самая маленькая независимая страна в мире а также страна имеющая наименьшее население,на селение ватикан составляет около 800 человек это самое маленькое независимо страна в мире также страна имеющая намечная население,0.4211,0.1168,10.38,19
несмотря на то что ии прочно ассоциируется с научной фантастикой он формирует очень важное направление компьютерных наук рассматривающее поведение и обучение машин и привитие им интеллекта,и смотря на то что и прочная сациируется с научной фантастикой он формирует очень важное направление компьютерных наук рассматривающая поведение и обучение машин и привити им интеллекта,0.2692,0.0585,13.8,26
людям с античных времен были известны основные химические элементы такие как золото серебро и медь поскольку их все можно встретить в природе в чистом виде и относительно легко добывать с помощью примитивных орудий,людям сантичных времен были известны основные химические элементы такие как золото сиребро иметь поскольку их все можно встретить в природе в чистом виде и относительно легко добывать с помощью примитивных орудий,0.1515,0.0187,18.12,33
дети живущие на улицах возможно пережили тяжёлые формы насилия или травмирования до того как убежать или быть брошенными,дети живущие на улицах возможно пережили тяжелое формы насилия или троем миром не до того как убежать или быть проженными,0.2778,0.1,11.34,18
однако процент людей с туберкулёзом с множественной лекарственной устойчивостью в целой группе больных туберкулезом все еще кажется низким 6000 от общего числа 330 000 зараженных в данный конкретный момент в юар,однако процент людей стаберкулезам с множественной лекарственной устойчивой стевцелой группой больных таберкулезам все еще кажется низким 63030 зараженных в данный конкретный момент в яр,0.4516,0.1896,19.08,31
эпоха троецарствия была одним из самых кровавых периодов в истории древнего китая тысячи людей погибли сражаясь за место на троне в большом дворце в сиане,эпоха драйдсарствия была одним из самых рововых периодов в истории древнего китае тысячи людей погибли сражая за место на троню в большом дворце все они,0.28,0.1039,10.26,25
если вы смотрели фильм сокровище нации то можете подумать что на оборотной стороне декларации независимости была изображена карта сокровищ,если вы смотрели фильм с окровищенацией то можете подумать что наоборотные стороне декларации независимости была изображена картосокровища,0.3158,0.0725,13.68,19
помимо соревнований в среду карпендо принимал участие в двух индивидуальных соревнованиях на чемпионатах,помимо соревнований в среду карпенда принимал участие в двух индивидуальных соревнованиях на чемпионатах,0.0769,0.0096,7.44,13
чем ниже напряжение тем более позитивна присутствующая в вас жизненная сила каждому человеку потенциально дано обрести абсолютные покой и чувство удовлетворения,чем ниже напряжение тем более позитивно присутствующая вваза жизни на силу каждому человеку потенциально доноубрести абсолютно покой и чувство удовлетворения,0.381,0.0813,13.68,21
часто их не рассматривают как динозавров потому что они имеют перья и способны летать,часто их не рассматривают как тяна завров потому что они имеют перее способны летать,0.2857,0.0941,6.48,14
такие элементы как кальций и калий считаются металлами конечно также есть такие металлы как серебро и золото,такие элементы как кольцы и кали считаются металлами конечно также есть такие металлы к сереброю золота,0.3529,0.0833,9.84,17
влага на ваших руках вступит в реакцию с верхним слоем что будет необычно затем сформируется подобие оболочки,влага на ваших руках вступит в реакцию с верхним словом что будет необычно затем сформируется подобие оболочки,0.0588,0.0183,8.22,17
но шенгенская зона в этом плане функционирует как единая страна,нашим гензкой озона в этом плане функционирует какие гиная страна,0.5,0.1905,5.1,10
сильные ветра град обильные осадки и лесные пожары являются проявлениями и эффектами суровых погодных явлений таких как бури торнадо водяные смерчи и ураганы,сильный ветра град бельносадки или с ней пожара являются проявлениями и эффектами с ровах погонных явлений таких как буре торнада в одинной смерче ургана,0.6522,0.1783,14.64,23
это привело к тому что два вида рыб вымерли а два других в том числе горбатый голавль попали под угрозу исчезновения,это привело к тому что два вида рыб вымерли от в других в том числе карбаты и головы по парни по дуурозу и чизновения,0.5238,0.1638,11.64,21
прочие вопросы в повестке дня на бали включают в себя сохранение оставшихся в мире лесов и обмен технологиями чтобы способствовать росту развивающихся стран с меньшими загрязняющими последствиями,прочи его прозы в повеске дня на поли включать себя сохранение оставшихся в мире лесов и обмен технологий чтобы способствовать ростуры звающихся стран смешим изогрязняющими последствиями,0.4815,0.1282,13.26,27
это привело к тому что два вида рыб вымерли а два других в том числе горбатый голавль попали под угрозу исчезновения,это привлок тому что два вида рыб вынерли от воду гих в том числе горбаты головы попали под угрой выщизновения,0.4762,0.1724,8.88,21
дюваль который женат и имеет двух совершеннолетних детей не произвел большого впечатления на миллера которому рассказали эту историю,дволь который жена и имеет двухсершеннолетний детей не произвел большое впечатление на милера которому рассказали эту историю,0.3889,0.0833,9.96,18
толщина коры составляет около 70 км под океанами и 100 км под материками,толщина коры составляет около 70 километров под гианами и 100 километров под материками,0.2308,0.2639,8.1,13
мухаммед очень интересовался темами не связанными с мирской жизнью он часто посещал пещеру которая стала известна как хира на горе нур свет для размышлений,ну хамид очень интересовался темами не связанными с межской жизни он часто посещал пищиеру которая стала известна как хира на горенную р свет для размышления,0.3333,0.0903,12.12,24
в них обычно предлагается особая еда напитки и развлечения чтобы гости оставались в хорошем настроении и не покидали заведения,в них обычно предлагается особое еда на питке и развлечение чтобы гости оставались в хорошем настроении и не покидали заведение,0.2632,0.0476,9.72,19
либеральная критика усилий по восстановлению сосредоточивалась на том что контракты на восстановительные работы отдавались предположительно имеющим связи с правительством,либиральные критика усилипало остановления сосредоточилась на том что контракт в основном вительные работы отдавались предположительно и имеющим связи с правительством,0.5263,0.1294,12.6,19
на другом конце спектра человек превращается в неузнаваемого индивида которому кажется что он должен изменить всё что делала команда и присвоить это себе,на другом конце спектра человек превращается в неузноваемого индивида которому кажется что он должен изменить все что делала команда и присвоит это себе,0.1304,0.0196,13.92,23
толщина коры составляет около 70 км под океанами и 100 км под материками,толщина корысенставляет около 70 километров подокянными и 100 километров под материками,0.4615,0.3194,7.2,13
к сожалению сложно изучать интенсивность движения автотранспорта потому что нельзя со стопроцентной вероятностью предсказать поведение водителя,к сожалению сложно изучать интенсивность движения в транспорта потому что нельзя со 100 вероятности предсказать поведение водителя,0.25,0.1259,8.76,16
джанкарло физикелла потерял контроль над управлением своим автомобилем и завершил гонку вскоре после старта,джан карла физикелла потерял контрольное управление своими автомобилем и завершил гонку вскоре после старта,0.4286,0.0654,7.56,14
поздно вечером в воскресенье президент сша дональд трамп через пресссекретаря заявил что войска сша покинут сирию,познавеет черам воскресенье президент сша донавтрам через пресс секретаря заявил что войска сша покинут серию,0.5,0.1416,8.22,16
влага на ваших руках вступит в реакцию с верхним слоем что будет необычно затем сформируется подобие оболочки,влагана нашех руках субить в реакцию сверхним слоем чтобы будет необычно затем сформируется по добе оболочки,0.5294,0.1101,9.78,17
в популярные виды спорта входят футбол баскетбол волейбол водное поло фехтование регби велоспорт хоккей на льду хоккей на роликах и автогонки формулы1,в популярной виде спорта входит футбол бускидбол валибол водное поло фехтование рэкпе вела спорт хокейнальту хокейнароликах и автогонки формуладин,0.6364,0.18,13.5,22
это связано но обычно не включает пешее восхождение на вершину и затем спуск по неподготовленным склонам так как катание по целине требует более жестких лыж и ботинок,это связано но обычно не включают первая восхождение навершину и затем спуск по неподготовленным склонам так как катания подселения требуют более жестких лишь и ботинок,0.3333,0.0964,12.12,27
согласно ядерному управлению японии на заводе были обнаружены радиоактивный цезий и йод,согласно ядерному управлению японии на заводе были обнаружены радиоактивный сези и йод,0.0833,0.023,9.96,12
в частности утверждается что можно определить лжет ли человек при помощи правильной интерпретации его микровыражений,в частности утверждается что можно определить о желтле человек при помощи правильной интерпретации его микроворожений,0.2,0.0603,10.26,15
дель потро имел раннее преимущество во втором сете но это также потребовало тайбрейка после достижения 66,дель патро и меларание преимущества в втором сети но это также потребовала тайбрейка после достижения 6,0.5,0.0952,9.12,16
в тёплом климате ближнего востока дом не имел особого значения,в тябром климете ближнего востока дом не имел особого значения,0.2,0.0645,6.9,10
коллегирестлеры тоже отдали луне дань уважения,калиги резлеры тоже отдаляло недание уважения,0.8333,0.2826,6.6,6
это кажется разумной идеей потому что мы не чувствуем что земля движется не так ли,это кажется разумные идеи потому что мы не чувствуем что земля движется не так ли,0.1333,0.0488,6.18,15
кроме того он занимался гравюрным оттиском банкнот для многих стран недавние примеры его работ портреты премьерминистра на лицевой стороне новых банкнот канады номиналом 5 и 100 долларов,кроме того занимался граверным отиском банкно для многих стран недавнее примера его работ портреты примерми не странили целое стране но в их банкнотка надо номиналом 5 и 100 долларов,0.5926,0.1452,12.78,27
15 августа 1940 года союзники вторглись в южную часть франции вторжение получило название операция драгун,15 августа 1940 года союзники в торгле свежной часть франции вторжение получила название операции дрогун,0.4,0.1143,11.04,15
надлежащее использование блогов может дать учащимся возможность стать более аналитичными и критичными путём активного отклика на интернетматериалы учащиеся могут определять свою позицию в контексте чужих работ а также излагать свои собственные взгляды на конкретные вопросы оравек 2002,на злежащее использование блогов может дать учащимся возможность стать более аналитичными и критичными путем активно от кликанной интернетматериалу учащейся могут определять свою позицию в контексте шахработа а также излагать свои собственные взгляды на конкретный вопрос ровек 2002,0.3514,0.0772,20.28,37
падение произошло в высокогорье и как полагают стало результатом вражеского огня,подение произошло в высоко горе и как полагает стало результатом вражеского огня,0.3636,0.05,7.2,11
большие области далее к северу довольно редко заселены а некоторые из них практически незаселённая глушь,мольшие области дали к северу довольно редко заселены они о которых из них практически не заселенные оглуши,0.5333,0.1442,8.16,15
серия asus eee pc ранее представленная во всём мире с ориентацией на такие факторы как экономия средств и функциональность стала горячей темой во время месяца информационных технологий в тайбэе в 2007 году,сири асус и ипс и ранее представлены во всем мире с тринтации на такие факторы как экономия с рест и функционалист стало горячее темой во время месяца информационных технологий в тайбее в 2017 году,0.4688,0.1561,14.7,32
этот осадок требовался для формирования пляжей и песчаных отмелей являвшихся местом обитания диких животных,этот осадок требовался для формирования пляжи и пещенных отмели являвшихся местом обитания диких животных,0.2143,0.0654,8.4,14
вчера мартейи привёл к присяге новый временный избирательный совет вис состоящий из девяти участников,в черамарты и привел к присяге новый временный избирательный совет вес состоящий из девяти участников,0.3571,0.0594,12.96,14
центр церковной власти базировался в риме на протяжении более тысячи лет и такое сосредоточение могущества и богатства привело к тому что многие усомнились а соблюдается ли этот догмат,центр церковной власти позированся времени на протяжении более тысячи лет и такое сосредоточение могущества и богатства привело к тому что многие усомнились осаблюдаются лет и догмат,0.25,0.087,12.96,28
одним из наиболее распространённых методов используемых для иллюстрации важности социализации является иллюстрация нескольких прискорбных случаев когда дети изза отсутствия должного внимания неудачного стечения обстоятельств или умышленного жестокого обращения не контактировали со взрослыми во время своего взросления,одним из наиболее распространенных методов используемых для элюстрации варственности социализации является элюстрацией несколько прискорбных случай когда дети из отсутствия должны внимание неудачного стечения обстоятельств или умышленного жестокого обращения не контактировались со взрослыми во время своего возросления,0.3056,0.0818,21.84,36
в итоге сплочённая работа организации с целью преодолеть препятствие может привести к новому инновационному процессу который будет отвечать интересам клиента,в итоге с плоченной работой организации с целью преодолеть препятствия может привести к новому инновационному процессу который будет отвечать интересам клиента,0.2,0.0446,15.48,20
шок по возвращении в родную страну наступает раньше чем культурный шок здесь более короткий романтичный период длится дольше и может быть более тяжёлым,шок по возвращению в родную страну наступает раньше чем культурный шок здесь более короткий романтичный период лица дольше и может быть более тяжелым,0.1304,0.0397,9.36,23
когда все доступные ресурсы эффективно используются во всех функциональных подразделениях организации то могут проявиться креативность и изобретательность,когда все доступные ресурсы эффективно используются во всех функциональных подразделения организации то могут проявиться креативность и изобретательности,0.1176,0.013,13.2,17
атомная бомба работает на том принципе что для того чтобы много протонов и нейтронов находились в одном ядре необходима энергия,атомная бомба работает на том что для того чтобы много протона и на итроном находились в одном дедре необходимо энергия,0.3,0.1417,11.4,20
аналогично мужчины должны носить брюки которые бы закрывали колени,аналогично мужчина должен на сеть брюки которые бы закрывали колени,0.4444,0.0909,6.6,9
на некоторых маршрутах у более крупных компаний есть свои собственные самолёты но для других маршрутов и более мелких компаний с этим была проблема,на некоторых маршрутах у более крупных компаний есть свои собственные самолеты но для других маршрутах у более мелких компаний с этим была проблема,0.1304,0.0272,10.26,23
большинство современных исследовательских телескопов это огромные сооружения в удаленных местах с благоприятными атмосферными условиями,большинство современных исследовательских телескопов это огромное соружение в удаленных местах с плакоприятными а атмосферными условиями,0.2857,0.0519,10.02,14
между 1000 и 1100 вечера по горному времени заключенные устроили пожар во дворе,между 10 и 11 вечера по горному времени заключенные устроили пожар в дворе,0.2308,0.0633,9.96,13
блоги также могут улучшить навыки письма у учащихся хотя учащиеся часто начинают свой блог используя неряшливую грамматику и орфографию это как правило меняется изза присутствия аудитории,блоги также могут улучшить на веке без малучащекся хотя учащийся часто начинает свое блогу и с польза нерешливого громадику и рфографию это правило меняется изза присутствия аудитории,0.5769,0.1711,13.8,26
это представляет хорошую возможность увидеть северное сияние потому что небо будет более или менее тёмным круглые сутки,это представляет хорошие возможности видеть северно сияня потому что не оба будет более или менее о темном круглой сутки,0.5882,0.1345,9.6,17
дель потро имел раннее преимущество во втором сете но это также потребовало тайбрейка после достижения 66,далее подробнее я не знаю что я не знаю что я не знаю что я не знаю что я не знаю что я не знаю что я не знаю что я не знаю что я не знаю что я не знаю что я не знаю что я не знаю что я не знаю что я не знаю что я не знаю что я не знаю что я не знаю что я не знаю что я не знаю что я не знаю что я не знаю что я не знаю что я не знаю что я не знаю что я не знаю что я не знаю что я не знаю что я не знаю что я не знаю что я не знаю что я не знаю что я не знаю что я не знаю что я не знаю что я не знаю что я не знаю что я не знаю что я не знаю что я не знаю что я не знаю что я не знаю что я не знаю что я не знаю что я не знаю что я не знаю что я не знаю что я не знаю что я не знаю что я не знаю что я не знаю что я не знаю что я не знаю что я не знаю что я не знаю что я не знаю что я не знаю что я не знаю что я не знаю что я не знаю что я не знаю что я не знаю что я не знаю что я не знаю что я не знаю что я не знаю что я не знаю что я не знаю что я не знаю что я не знаю что я не знаю что я не знаю что я не знаю что я не знаю что я не знаю что я не знаю что я не знаю что я не знаю что я не знаю что я не знаю что я не знаю что я не знаю что я не знаю что я не знаю что я не знаю что я не знаю что я не знаю что я не знаю что я не,22.0,11.2,12.72,16
по оценке начальника инженерных войск сша 6 дюймов дождевых осадков могли прорвать поврежденные ранее дамбы,по оценке начальника инженерных войск сша 6 дюймов дождевых ассадков могли прорвать повреждённые ранят дамбы,0.2,0.0467,11.64,15
но еще можно многое сказать о птицах которые всё ещё выглядят как динозавры,но еще много можно сказать об кицах которые все еще выглядят как динозавры,0.4615,0.16,6.72,13
вскоре после начала военных действий британия устроила морскую блокаду германии,скоре после начала военлагействии британин встроила морскую плодка до германия,0.8,0.1772,7.56,10
находка также позволяет ознакомиться с эволюцией перьев у птиц,на ходках также позволяет ознакомиться с союлюцией перевоптиц,0.6667,0.1452,5.76,9
стандарт 80211n работает на обоих частотах 24 ггц и 50 ггц,стандарт 80021n работает на боях частотах 24 гигерса и 54 гигерса,0.4545,0.2586,9.3,11
они вернулись в париж в карете окружённые толпой людей которые выкрикивали угрозы королю и королеве,они вернулись в париж в корете укроженные толпы людей которые выкрикули угрозы королю и королеве,0.2667,0.0909,8.52,15
эти теории обращаются к тому что же заставляет конкретных людей хотеть делать то что они делают и что их окружении заставляет делать или не делать определённые вещи,эти теории обращаются к тому что же заставляет конкретных людей хотите делать то что они делают и что их окружений заставляет делать или не делать определенные вещи,0.1111,0.0244,15.6,27
аналогичным образом если у вас есть шенгенская виза вам не нужно подавать заявление на получение визы в каждую из странучастниц шенгенского соглашения отдельно что позволит вам сэкономить время и деньги а также избежать бумажной волокиты,аналогичным образом если у вас есть шингенская виса вам не нужно подавать заявление на получение висов каждую страну часть с шингенского соглашения отдельно чтобы позволит вам сэкономить время и деньги а также избежать бумажные в локиты,0.3429,0.0759,15.96,35
количество присутствующих было настолько велико что не все смогли попасть на площадь святого петра где проходили похороны,количество присутствующих была настолько вляком что они все смогли попасть на площадь в тоопевера где проходили по охрану,0.4118,0.1322,11.34,17
австралиец митчелл гурли пришел к финишу одиннадцатым в соревнованиях по супергиганту для мужчин в классе стоя чех олдрич елинек пришел к финишу шестнадцатым в соревнованиях по супергиганту для мужчин в классе сидя,острелись мичал гурле пришел к финишу одинствам в соревнованиях по супергигантурле мужчин в классе стоя чехол грич еленяк пришел к финишу 16 в соревнованиях по супергигантурле мужчин в классе сидят,0.4062,0.1822,18.06,32
наиболее доступными растительными ресурсами были бы белки находящиеся в листьях и бобовых но они плохо усваиваются такими приматами как мы если их не готовить,наиболее доступными растительными ресурсами были бы белки находящиеся в листиях и бабовых но они плохо усваиваются такими приматами как мы если их не готовить,0.0833,0.0127,13.74,24
центр церковной власти базировался в риме на протяжении более тысячи лет и такое сосредоточение могущества и богатства привело к тому что многие усомнились а соблюдается ли этот догмат,центр акцарковной власти базировался временно протяжение более тысячи лет и такое сосредоточение макуществ и богатство привлок тому что в нолю сам не листья осаблюдается лет от дагмат,0.6429,0.1848,13.32,28
национальный парк плитвицкие озёра сильно зарос лесом в основном буками елями и пихтами и представляет собой смесь альпийской и средиземноморской растительности,национальный парк плитвидский озера сильно взрослесом в основном буквами елями и пихтыми и представляется босьмень альпийской и среди земным морской растительности,0.5714,0.125,15.0,21
простым и популярным блюдом на обед особенно в летнее время является паамболи хлеб с оливковым маслом помидорами и любой имеющейся начинкой такой как сыр тунец и т д,простимы популярным блюдом на обето особенно в летнее время является паамп оле хлепс оливковым маслом помидорами и любое мещись и начинкой такой как сыр то нет цвет так далее,0.5,0.1879,12.54,28
долина кочамо главное направление в чили для альпинизма она известна как йосмит южной америки и имеет большое количество больших гранитных стен и скал,далина качама главный направлений в черед для альпиниспма она известна как ее смит южной америке и имеет большое количество больших грани,0.5652,0.2133,11.04,23
каждый является членом общества и использует транспортные системы практически каждый жалуется на эти систем,каждый является членом общества и использует транспортные системы практически каждый жалуются на эти системы,0.1429,0.0187,9.78,14
даниэль лантань эксперт оон по вопросам данной болезни заявила что вспышка вероятно была вызвана миротворцами,денили ланталь эксперту он по вопросам данной болезни завела что вспышка вероятна была в высванный миротворцами,0.5333,0.1376,8.88,15
вчера мартейи привёл к присяге новый временный избирательный совет вис состоящий из девяти участников,вчера мартей привел к присяги новой временной избирательный совет вис состоящие с девятин участников,0.5714,0.0891,8.82,14
в популярные виды спорта входят футбол баскетбол волейбол водное поло фехтование регби велоспорт хоккей на льду хоккей на роликах и автогонки формулы1,в популярной виде спорта входят футбол баскибол волебол водное пола фихтование рэкбе велоспорт хокинальду хокин роликах и автогонки формул один,0.6364,0.1733,13.62,22
конечно же эта традиция имеет христианское теологическое объяснение но это вполне может быть и дохристианский ритуал весны и плодородия,конечно же этот родится имеет христианское телоогическое объяснение но это вполне может быть и тохристианский ритуал висны и плодородия,0.2632,0.0741,13.92,19
львы самые социальные кошки живущие в больших группах которые называются прайдами,левой самый сутсициальный кошки живущие больших группах которые называются прайдами,0.3636,0.1358,8.28,11
отбойное течение течение создаваемое волнами которые разбиваются о берег или иногда об риф или чтото подобное,отбойные течение создаваем волными которые разбиваются оберик или иногда обрив или чтото подобное,0.5,0.156,9.48,16
как правило могут проявляться два типа поведения когда менеджеры начинают руководить людьми ранее равными им по статусу одна крайность спектра это попытка оставаться своим парнем или девушкой,как правило могут привязать с два типа поведения когда меннжера начинает руководить людьми ранее равномей импостатусом однако а на крайне спектра это попытка оставаться с воем парнем или девушке,0.4815,0.1728,14.52,27
скаффолдинг это не метод обучения а скорее форма помощи тем кто проходит через новый опыт обучения такой как использование новой компьютерной программы или начало нового проекта,скавфолдин гето немедлого обучения с корейформом по мощитем кто проходит через нового обучения такой как использований новой кипиттерной программы или начало нового проекта,0.5,0.1582,10.86,26
он находился под управлением вишистских французов эти французы заключили мир с немцами в 1940 году и работали вместе с захватчиками вместо того чтобы им противостоять,он находился под управления вишистских французов эти французы заключили мерзням с мивтысячи 9040 году и работали вместе захвачками вместо того чтобы им противостоять,0.28,0.1325,13.92,25
также может быть выгодно купить wild card которая позволяет посещать национальные парки юар либо выборочно либо все,также может быть выгодно купить world card которая позволяет посещать национальные парки юр либо выборочно либо все,0.1176,0.0261,10.8,17
цивилизация это отдельная культура носителями которой является достаточно большая группа людей живущих и работающих вместе общество,цивилизация это отдельная культура на сительном и которой является достаточно большая группа людей живущих и работающих вместе общество,0.1875,0.0458,12.72,16
количество присутствующих было настолько велико что не все смогли попасть на площадь святого петра где проходили похороны,каличество присутствующий была настолько великого что они все смогли выпасть на площадь с этого петравни проходили по храны,0.6471,0.1488,8.7,17
на севере регион ограничен сахелем а на юге и западе атлантическим океаном,на сервере регион ограничен сахелем она юги и западе к лантический макионам,0.5833,0.1622,7.68,12
учебные экскурсии очень важны для любого класса очень часто учителям хочется отвезти своих учеников туда куда нельзя доехать на автобусе,учебные экскурсии очень важны для любого класса очень часто учитлям хочется отвести своих учеников туда куда нельзя доехать на автобусе,0.1,0.0147,10.32,20
он однако не является единственным научные исследования также руководствуются экспериментированием эксперимент это проверка используемая чтобы исключить одну или более возможных гипотез задаванием вопросов и проведением наблюдений,он однако не является единственным научноиследования также руководствуется эксперимитированием в эксперимент это проверка используемая чтобы исключить одну или более возможный кепотис задаваниям вопросов и проведениям наблюдений,0.3462,0.0696,15.96,26
несмотря на то что ии прочно ассоциируется с научной фантастикой он формирует очень важное направление компьютерных наук рассматривающее поведение и обучение машин и привитие им интеллекта,несмотря на то что и прочно соцсвируется с научной фантастикой он формирует очень важный направление компьютерных наук рассматривающая поведение и обучение машин и появите им интеллекта,0.1923,0.0638,14.64,26
хьюн ушел в отставку и в кабинете министров его заменит член парламента эд дейви ожидается что член парламента норман ламб займет принадлежащий дейви пост министра по делам бизнеса,хион ушел в отставку и в кабинете министров его замет член парламента от дв ожидается что член парламента норман ламб займет принадлежащий дв постминистр опыти ламб бизнесса,0.3571,0.1167,13.68,28
нынешняя сенатор и первая леди аргентины кристина фернандес де киршнер анонсировала выдвижение своей кандидатуры на пост президента вчера вечером в лаплате городе в 50 километрах 31 милях от буэносайреса,нынешняя сенатор и первая ледя аргентины крестины фиранан даст декир шнер анансировала в движение своей кондидаторой напост президента в чераве черам была плата городив 50 километрах 31 мл отбленно сайресом,0.7241,0.1823,20.76,29
этот осадок требовался для формирования пляжей и песчаных отмелей являвшихся местом обитания диких животных,это тасадок требовался для формирования пляжей и пищенных отмели являжих семестам обитания диких животных,0.4286,0.1402,11.88,14
в начальный период своего существования это шоу транслировалось только на сайте давно существующего онлайнрадио toginet radio посвященного радиобеседам,в начальной период своего существования это шоу транслировалось только на сайте давно существующего онлайн радио то генет радио посвященного радио беседом,0.4444,0.1126,13.5,18
в больнице был соблюден протокол инфекционного контроля включая отдельное содержание пациента чтобы предотвратить возможное заражение других пациентов,в больнице был соблюден протокол отец и онного контроля включая отдельное свяжание пациента чтобы преддвертить возможное заражение других пациентов,0.2941,0.0933,9.72,17
если вы не привыкли ездить по сельским дорогам будьте начеку преобладают крутые склоны узкие переулки и резкие повороты,если вы не привыкли ездить по севеским дорогам будьте на чеку приобладают крутые склоны узкие приулки и резкие повороты,0.2778,0.0504,8.64,18
начальник полиции чандра шехар соланки заявил что обвиняемые были представлены перед судьями с закрытыми лицами,в начальной полиции чандраши харсаланки заявил что обвиняемые были представлены перед судями закрытыми лицами,0.4667,0.1081,8.64,15
коллегирестлеры тоже отдали луне дань уважения,колеги расслера тоже удрилуне дань уважения,0.6667,0.2174,4.8,6
роландо мендоса выстреливал из своей винтовки м16 в туристов,раландемин тоса выстреливал из своей винтовки м16 в туристов,0.2222,0.1,7.32,9
он добавил что их однако не следует просить брать на себя обязательства которые выходят за рамки их стадии разработки ответственности и возможностей,он добавил что их однако не следует просить брать на себя обязательно что выходит за рамки их в стадии разработки ответственность и возможности,0.2727,0.1014,13.92,22
слово цивилизация происходит от латинского civilis что означает гражданский и является родственником латинских слов civis означающего гражданин и civitas означающего город или городгосударство и оно также определенным образом выражает размер общества,слово цивилизация происходит от латинского цивилиз что означает гражданский и является родственником латинских слов цивилиз означающего гражданин и цивитез означающего город или город государства и оно также определённым образом выражает размер общества,0.1935,0.096,24.06,31
проведенная работа была в основном теоретической но программа была написана для имитации наблюдений галактики в стрельце,проведенные работы было в основном теоретической но программа было написано для имитации наблюдения галактики в стрельце,0.375,0.0583,11.52,16
он однако не является единственным научные исследования также руководствуются экспериментированием эксперимент это проверка используемая чтобы исключить одну или более возможных гипотез задаванием вопросов и проведением наблюдений,он однако не является единственным научноиследованием также руководствуется экспериментированием эксперимент это проверка используемая чтобы исключить одну или более возможный гипотис задаванием вопроса и проведением наблюдений,0.2308,0.0522,16.98,26
всё же следуйте рекомендациям органов власти подчиняйтесь всем знакам и обратите пристальное внимание на предупреждения о безопасности,слушай следуйте рекомендация о рано власти починяйтесь всем знаком и обратите пристрельное внимание на предупреждение обезопасности,0.6471,0.1194,11.22,17
несмотря на то что нашлась экспериментальная вакцина способная снизить смертность от вируса эбола пока еще ни одно лекарство не продемонстрировало явного эффекта в лечении существующей инфекции,не смотря на то что нашлось экспериментальная вакцина способностьнизить смертность от вируса и была пока еще не одно лекарство не предимострировало явно во эффектов лечения существующей инфекции,0.5,0.0933,15.24,26
роландо мендоса выстреливал из своей винтовки м16 в туристов,роландемин доса выстреливал из своей винтовки м16 в туристов,0.2222,0.0667,9.12,9
по сообщениям ему было от 20ти до 30ти лет в заявление бибер сказал хотя я и не присутствовал при трагическом инциденте и не был вовлечён в него напрямую мои мысли и молитвы с семьёй жертвы,во сообщениям ему было от 20 до 30 лет в заявлении бибер сказал хотя я не присутствовал предрагическом отсиденте и не было влечам в него напрямую моим мысли молитвы семье жертвы,0.4,0.1376,17.16,35
первоначально он был госпитализирован в госпитале джеймса педжета в грейтярмуте,первая на чально он был госпитализирован в госпитале джеймса пэджетов грейд и армутия,0.7,0.1772,6.6,10
получите новую смесь перемешав два сухих порошка в одной емкости а затем чистыми влажными руками слепите из этой смеси шарик,получите новые смесь перемешиваться в два сухих порожка в одной емкости а затем чистыми влажными руками слепите из этой смесь и шарик,0.3,0.0968,10.2,20
целые 20 процентов воды поступаемой из рек нашей планеты в океаны текут из амазонки,целый 2 воды поступаем из рек нашей планеты вакианы текут и замазонки,0.5714,0.2289,6.48,14
тигриный рык не похож на полнозвучный рык льва а больше напоминает выкрикивание предложений из неразборчивых слов,цегренный рык не похож на полнозвучный рык льва а больше напоминает в икрикивании предложений из не разборчивых слов,0.3125,0.0708,9.24,16
перри заявил что вернётся в техас чтобы оценить результаты сегодняшнего партийного собрания и определить стоит ли мне продолжать гонку но позже сказал что он её продолжит и будет участвовать в предварительных выборах в южной каролине 21 января,перезаивил что вернется в тихоств чтобы оценить результат и сегодняшнего партина собрания я определить стоит ли мне продолжать в гонку но позже сказал что он её продолжит и будет участвовать в предварительных выбрах в южной кралине 21 января,0.2973,0.0864,22.44,37
это место которое британские колонизаторы забрали себе и если вы ищете доказательства колониального прошлого территории то это хорошее место для начала,это место которое британский куланизаторы забрали себе и если выщит доказательство куланяального прошлого территории то это хорошая миска начала,0.4286,0.1325,10.44,21
многие считали что он прав но многие верили в противоположное что солнечная система вращается вокруг земли включая солнце и даже другие звезды,многие считали что он прав но многие верили в противоподожное что солнечная система возвращается вокруг земли включая солнце и даже другие звезды,0.0909,0.0282,15.12,22
дети живущие на улицах возможно пережили тяжёлые формы насилия или травмирования до того как убежать или быть брошенными,дети живущие на улицах возможно пережелите жалл и формы насилия или травмирования до того как убежать или быть брошеными,0.2222,0.075,12.42,18
в состав прайда входит от одного до трех взрослых самцов находящихся в родстве а также самок и детенышей число которых может доходить до тридцати,состав прайда входит от одного до трех взрослых санцов находящихся в рацие а также самок и дедионный шей число которых может доходить до 30,0.25,0.1517,12.84,24
взаимосвязь между патологией мозга и поведением используется учёными в их исследованиях,заемо связь между потологией мозга и поведением используются ученными их исследования,0.6364,0.1149,7.56,11
блоггерство является инструментом стимулирующим сотрудничество и оно мотивирует учащихся распространить процесс приобретения знаний далеко за пределы традиционного учебного дня,бловерствия является инструментом стимулирующим сотрудничеству и он умутивирует учащность распространить процесс превратения знаний далеко за пределы традиционного учебного дня,0.3158,0.0909,13.86,19
конгресс начал финансировать инициативу по борьбе с развратом в 2005 налоговом году и определил что фбр должно выделить 10 агентов на борьбу со взрослой порнографией,конгресс начал финансировать инцатию по борьбе с раз вратом в 2005м налоговым году я определил что фаберет ложного выделить 10 г на борьбу со взрослой парнографии,0.4,0.1515,14.52,25
энергия кундалини энергия просветления в кундалинийоге пробуждается через позы йоги дыхательные упражнения мантры и визуализации,энергия кундалине энергия просветления в кундалине йоге пробуждается через поза йоги дыхательное упражнение мантры и лизолизации,0.4667,0.0703,14.04,15
либеральная критика усилий по восстановлению сосредоточивалась на том что контракты на восстановительные работы отдавались предположительно имеющим связи с правительством,либиральная критика усилия по восстановлению сосредоточилась на то что контракты на восстановительные работы отдавались предположительно и имеющим связи с правительством,0.2632,0.0412,14.1,19
однако эти планы стали неактуальны практически за ночь когда около 800 000 солдат из советской красной армии образовали белорусский и украинский фронты после захвата восточных регионов польши в нарушение рижского мирного соглашения советскопольского пакта о ненападении и других международных соглашений двусторонних и многосторонних,однако эти планы стали неактуально практически заночек когда около 800 тысяч солдат и советской красной армии образовали белорусские украинские фронты после захвата восточных регионов больше в нарушении рискового мирного соглашения советская польского пакта не нападений других международных соглашений двух сторонних и много сторонних,0.4651,0.0961,21.48,43
до прибытия войск государство гаити не сталкивалось с проблемами касающимися данного заболевания с начала 19 века,допребуйте войск государству гаития не сталкивалась с проблемами касающимися данного заболевания с начала 19 века,0.3125,0.0796,11.04,16
спутник был доставлен в космос ракетой ученые используют телескопы в космосе потому что атмосфера земли в некоторой степени искажает наш свет и обзор,спутник был доставлен в космос ракеты ученые используют телескопы в космосе потому что атмосфера замеливания который степени искажает наш свет и обзор,0.1739,0.0671,12.42,23
пускай часто это всего лишь ложный стереотип всё же лучший способ преуспеть в париже это вести себя наилучшим образом как bien élevé хорошо воспитанный человек это значительно облегчит адаптацию в этом городе,пускай часто эту всего лишь ложный стереотип все же лучше из способ пресс петь в пориже это вести себя на и лучшем образом как хорошей воспитанный человек это значительно облегчит адаптацию в этом городе,0.4062,0.1154,15.6,32
горячий шоколад отвечает стандартам бельгии хотя фруктовые соки стоят дорого они имеют превосходное качество,горячий шоколад отвечает с тандартами бельгии хотя фруктовы соки стоят дорого они не привос сходное качество,0.4286,0.0926,7.8,14
оно гласит что лучше всего помещать главный объект на пересечении линий делящих изображение на три части по вертикали и по горизонтали см пример,он углассит что лучше всего помещать главный объект на пересечении линии делящих изображения на отречасти повертикали и горизонтали смотреть пример,0.4348,0.125,11.58,23
в результате актёры курят косяки с марихуаной на сцене и сам театр поощряет публику присоединиться,в результате актеры курят касяки сморихуаны на сцене и в сам театр поощряет публику присоединиться,0.3333,0.0816,11.64,15
львы самые социальные кошки живущие в больших группах которые называются прайдами,левы самые социальные кошки живущие больших группах которые называются прайдами,0.1818,0.037,8.16,11
представьте что лыжный маршрут это пешеходный маршрут,представьте что лужный маршрут это пешеходный маршрут,0.1429,0.0189,6.96,7
долина кочамо главное направление в чили для альпинизма она известна как йосмит южной америки и имеет большое количество больших гранитных стен и скал,далее накачаму в головное направление в чили для альпинизма он известный как ее сметъежных америки имеет в большое количество больших ранитных стен из кол,0.5652,0.2,13.32,23
в репортажах по телевидению сообщается о белом дыме идущем от завода,в репортажах потери в виде не усапщается обелом дыми и души от завода,0.8182,0.2794,8.64,11
количество присутствующих было настолько велико что не все смогли попасть на площадь святого петра где проходили похороны,короче с вовсе с твойщих было настолько велико что не все смогли попасть на площадь этого петра где проходили пухраны,0.4118,0.157,8.04,17
согласно плану мост полностью войдёт в эксплуатацию в сентябре 2017 года когда бразильские пункты таможенной проверки как ожидается будут завершены,согласно плану мост полностью воедет в эксплуатацию в сентябре 2017 года когда бразильские пункты там можно проверки как ожидается будут завершены,0.15,0.0476,15.6,20
касабланка одно из наименее интересных мест для шопинга во всем марокко,косабланка одно из наименее интересных мест для шопинга во всем морука,0.1818,0.0704,6.0,11
хоть гома и является достаточно безопасным местом следует заранее уточнять информацию насчёт любых поездок за пределы гомы чтобы понять в каком состоянии находятся боевые действия ведущиеся в провинции северное киву,хольгомы являются достаточно безопасным местом следует заранее утрачный атентформацию на счёт любых поездок за пределогомы чтобы понять в каком состоянии находится боевые действия ведущейся в провинции севженой киву,0.4333,0.1116,15.48,30
первой среди 78 рекомендаций является то что следует реализовать новую дипломатическую инициативу до конца этого года для укрепления иракских границ чтобы не допустить враждебного вмешательства а также для возобновления дипломатических отношений с соседями,первая среди семейдейства измерика миндации является то что следует реализовать новую диапломодическую инститию до конца этого года для крепления и ракски границ чтобы не допустить в рождевную мишальность а также для вас заодно время диапломодических отношений соседями,0.5152,0.2422,16.38,33
вереницу зданий образующих линию горизонта гонконга сравнивают со сверкающей столбчатой диаграммой подчеркнутой водой бухты виктория,веренницу зданий образующих линию горизонта гонконга сравниваются сверкающий стол в 42 граммой подчеркнутой водой бухтой векторе,0.6,0.1364,13.56,15
хьюн ушел в отставку и в кабинете министров его заменит член парламента эд дейви ожидается что член парламента норман ламб займет принадлежащий дейви пост министра по делам бизнеса,хриен ушел в отсталку и в кабинете министро ее заменить шлин парламета от дэви пожидается что шлин парламета норман ламп замет принадлежащий дэви пост министро по делам бизнеса,0.5714,0.1333,15.18,28
собственные стили начали развиваться в западной европе к концу средневековья одним из самых больших достижений того времени благодаря крестовым походам стало использование пуговиц для застегивания одежды,собственно из тели начали развиваться в западной европе концу средневекове одним из самых больших достижений того времени благодаря кристовым походам стало использованием пуговиц для застегивания одежды,0.2692,0.0591,14.16,26
губернатор калифорнии арнольд шварценеггер подписал закон запрещающий продажу или прокат видеоигр с применением насилия несовершеннолетним лицам,губенадр калифорный армольферцный негр подписал закон запрещающе продажу или прокат видеоигр с применением насиллянего совершенно летним лицом,0.5625,0.1736,9.84,16
исследователи университета сообщили что эти два соединения вступают друг с другом в реакцию образуя кристаллы которые могут блокировать работу почек,и следователи университета сообщили что эти два садения ступают друг с другом врядкцы образуют кресталы которые могут блокировать работу по чеку,0.5,0.1149,10.56,20
в некоторых местах достаточно прокипятить воду в течение минуты в других потребуется несколько минут,в некоторых местах достаточно прокибить воду в течение минуты в других потребуется несколько минут,0.0714,0.03,8.88,14
nextgen это система которая по заверению федеральной авиационной администрации сша позволит самолетам летать по сокращенным маршрутам и ежегодно экономить миллионы галлонов топлива а также снизить выбросы углерода,на экстреме это система которая позоверение федеральной овационной администрации сша позволится молитать посокращенный маршрутом и ежегодные экономики миллионы голонов топлива а также снизить выбросы углерода,0.5185,0.1643,15.78,27
это связано но обычно не включает пешее восхождение на вершину и затем спуск по неподготовленным склонам так как катание по целине требует более жестких лыж и ботинок,это связано но обычно не включает первая восхождение на вершину и затем спуск по неподготовленным склонам так как катания подселения требует более жестких лыш и бацинок,0.2222,0.0783,11.88,27
на севере регион ограничен сахелем а на юге и западе атлантическим океаном,на серии регион ограничен сахелем на юге и западе от подечки макионам,0.4167,0.2703,7.62,12
блоггерство является инструментом стимулирующим сотрудничество и оно мотивирует учащихся распространить процесс приобретения знаний далеко за пределы традиционного учебного дня,блокерство является инструментом стимулирующим сотрудничество и оно мотивирует учащихся распространить процесс преобретения знаний далеко запредел от традиционного учебного дня,0.2105,0.0398,12.24,19
вскоре после начала военных действий британия устроила морскую блокаду германии,скорее после начала военных действий британю устроила морскую блокаду германии,0.2,0.0506,4.92,10
они вернулись в париж в карете окружённые толпой людей которые выкрикивали угрозы королю и королеве,они вернулись в париж в корея окружённые холпои людей которые выкрикивали угрозы королюй королеви,0.3333,0.0808,7.56,15
всего за 2 недели силы свободной франции и американцы освободили южную францию и отправились в сторону германии,всего за две недели силы свободной франции и американцы освободили южную францию и отправились в сторону германии,0.0588,0.027,11.7,17
многие считали что он прав но многие верили в противоположное что солнечная система вращается вокруг земли включая солнце и даже другие звезды,многие считали что он прав но многие верили в противоположное что солнечно система вращает с вокруг земли включая солнца и даже другие звёзы,0.2273,0.0493,8.82,22
сцены показывают на пирамидах и разные пирамиды освещаются,сцены показывают наперамидах и разные перемиды освещаются,0.375,0.069,8.04,8
вы можете по гома на бодабода мототакси обычная местная цена 500 конголезских франков за короткую поездку,вы можете погома на вода вода мута такси обычная местная цена 500 конголеских франков за короткую поездку,0.4375,0.0762,9.6,16
философ аристотель считал что всё состоит из смеси одного или нескольких из четырёх элементов это были земля вода воздух и огонь,филосов користатель считал что все состоит из смесь и одного или нескольких из четырех элементов это были земля вода воздух и огонь,0.2857,0.0625,10.98,21
это называется ph химического вещества вы можете сделать индикатор при помощи сока красной капусты,это называется пешхимического вещества вы можете сделать индикатор при помощи сокок красной капусты,0.2143,0.051,8.1,14
поиск в интернете по фразе курс по безопасности во враждебной среде возможно выдаст адрес местной компании,пойск в интернете по фразе курс по безопасности во ворождественной среде возможна выдаст адрес местные компании,0.25,0.1038,12.12,16
атомная бомба работает на том принципе что для того чтобы много протонов и нейтронов находились в одном ядре необходима энергия,а там на обомба работает на том принципе что для того чтобы много протонов и нейтранов находились в одном едре необходимо и нарги,0.45,0.0945,10.98,20
это называется ph химического вещества вы можете сделать индикатор при помощи сока красной капусты,это называется пиаж химического вещества вы можете сделать интикатра при помощи сцока красной капусты,0.2143,0.0816,8.1,14
сундарбан был объявлен объектом всемирного наследия юнеско часть леса в пределах индийской территории называется национальный парк сундарбан,сундер банг был объявлен объектом семеральной следе юная скачаясь леса в пределах и неизкатеретуре называется национальный парк сундер банг,0.5882,0.2571,11.1,17
стандарт 80211n работает на обоих частотах 24 ггц и 50 ггц,стандарт 87211n работает на обоих частотах 24 яерца и 5 и 0 яерца,0.5455,0.2069,11.34,11
это представляет хорошую возможность увидеть северное сияние потому что небо будет более или менее тёмным круглые сутки,это представляет хорошую возможность увидеть сидерное сияне потому что не будет более или менее тёмным круглой сутки,0.2353,0.0588,12.84,17
все существительные а также слово sie означающее вы всегда пишутся с большой буквы даже в середине предложения,все существо тильные а также слово сия означающие вы всегда пишутся с большей буквы даже в середине предложения,0.2941,0.0727,12.84,17
